
  ___  ____  ____  ____  ____ ®
 /__    /   ____/   /   ____/      StataNow 19.5
___/   /   /___/   /   /___/       MP—Parallel Edition

 Statistics and Data Science       Copyright 1985-2025 StataCorp LLC
                                   StataCorp
                                   4905 Lakeway Drive
                                   College Station, Texas 77845 USA
                                   800-782-8272        https://www.stata.com
                                   979-696-4600        service@stata.com

Stata license: Unlimited-user 2-core network, expiring  8 Jun 2027
Serial number: 501909302568
  Licensed to: wiktorze
               Sciences Po

Notes:
      1. Stata is running in batch mode.
      2. Unicode is supported; see help unicode_advice.
      3. More than 2 billion observations are allowed; see help obs_advice.
      4. Maximum number of variables is set to 5,000 but can be increased;
          see help set_maxvar.

. do exporters/OutputDataSetsUIMacro_Scrambles.do 

. do "config.do"

. * ===========================================================================
. * config.do  --  single path configuration for the replication archive.
. *
. * HOW TO RUN: from a Stata session whose working directory is `code/`, first
. *     do "config.do"
. * then run any pipeline script (also from `code/`), e.g. `do build/UIMacro_Bu
> ildData.do`.
. * Each pipeline script re-runs this file itself, so you can also run them dir
> ectly
. * from `code/`. EDIT THE ONE LINE below to this archive's location on your ma
> chine.
. * ===========================================================================
. 
. global root "/Users/mac/JPE-replications/JPE-Mitman-2016256/replication-packa
> ge/replication-package"          //  <-- EDIT: path to this archive

. 
. * --- derived locations (do not edit) ---
. global code          "${root}/code"

. global rawdata       "${root}/data/raw"

. global processed     "${root}/data/processed"

. global output        "${root}/output"

. global tables        "${output}/tables"

. global figures       "${output}/figures"

. global factor_csv    "${output}/factor_results"      // analysis/Matlab resul
> t CSVs (make_tables reads)

. global factor_inputs "${output}/factor_inputs"       // per-pair QBLS handoff
>  (regenerated by exporters)

. global synthetic     "${root}/synthetic-data"

. 
. * --- analysis convenience: cd "${maindirectory}"; use "${CurrentData}" / "${
> DataControls}.dta" ---
. global maindirectory "${processed}/"

. global CurrentData   "UIMacro_RevisionData.dta"

. global DataControls  "UIMacro_DataControls"

. global Wages         "ProcessedWages.dta"

. global outdirectory  "${factor_inputs}/"             // exporters write QBLS 
> here

. global latexdir      "${factor_csv}/"                // analysis/Matlab resul
> t CSVs (make_tables reads)

. 
. * --- vacancy data switch ---------------------------------------------------
. * vacfile/statefile are the two PROVIDED synthetic stand-ins for the propriet
> ary HWOL
. * inputs (synthetic-data/; the confidential HWOL data are NOT in this archive
> ). To reproduce the PUBLISHED (HWOL)
. * vacancy numbers, the Data Editor replaces these two files with the licensed
>  Conference
. * Board HWOL data and re-runs. See code/build/SYNTHETIC_VACANCY_PATH.md.
. global vacfile      "${synthetic}/new_vac_synthetic.dta"

. global statefile    "${synthetic}/StateMonthlyBorderData_synthetic.dta"

. * ImputedDataBorder is a BUILT intermediate, NOT shipped: the replicator gene
> rates it by
. * running the imputation (analysis/Impute_Input.do -> matlab/Run_Impute_Borde
> r.m ->
. * analysis/Impute_to_Stata.do) on ${vacfile}; it lands in data/processed/ (sy
> nthetic by
. * default, the real version if the Data Editor swaps in HWOL).
. global ImputedFile  "${processed}/ImputedDataBorder.dta"

. 
. * --- figure styling: the published figures were drawn under the classic
. * s2color scheme; Stata 18+ defaults to stcolor, which changes gridlines,
. * markers, and legend styling. Pin the scheme so regenerated figures match.
. cap set scheme s2color

. 
. * ensure the built-output folders exist (the archive ships them empty / absen
> t)
. cap mkdir "${processed}"

. cap mkdir "${output}"

. cap mkdir "${tables}"

. cap mkdir "${figures}"

. cap mkdir "${factor_csv}"

. cap mkdir "${factor_inputs}"

. 
. local ssc_packages "reghdfe binscatter regife outreg2 ftools coefplot tuples 
> hdfe mat2txt ivreg2 ranktest"

. if !missing("`ssc_packages'") { 
.         foreach pkg in `ssc_packages' {
  2.                 capture which `pkg' 
  3.                 if _rc == 111 {
  4.                         dis "Installing `pkg'"
  5.                         ssc install `pkg', replace
  6.                         }
  7.                 which `pkg' 
  8.                 }
/Users/mac/Library/Application Support/Stata/ado/plus/r/reghdfe.ado
*! version 6.13.1 10Jan2026
/Users/mac/Library/Application Support/Stata/ado/plus/b/binscatter.ado
*! version 7.02  24nov2013  Michael Stepner, stepner@mit.edu
/Users/mac/Library/Application Support/Stata/ado/plus/r/regife.ado
/Users/mac/Library/Application Support/Stata/ado/plus/o/outreg2.ado
*! outreg2 2.3.2  17aug2014 by roywada@hotmail.com
*! based on outreg 3.0.6/4.0.0 by john_gallup@alum.swarthmore.edu
/Users/mac/Library/Application Support/Stata/ado/plus/f/ftools.ado
*! version 2.50.0 09jan2026
/Users/mac/Library/Application Support/Stata/ado/plus/c/coefplot.ado
*! version 1.8.6  22feb2023  Ben Jann
/Users/mac/Library/Application Support/Stata/ado/plus/t/tuples.ado
*! version 4.3.0  25sep2025
/Users/mac/Library/Application Support/Stata/ado/plus/h/hdfe.ado
*! reghdfe 3.2.9 21feb2016
*! Sergio Correia (sergio.correia@duke.edu)
/Users/mac/Library/Application Support/Stata/ado/plus/m/mat2txt.ado
*! 1.1.2 Ben Jann 24 Nov 2004
*! 1.1.1 M Blasnik 18 Feb 2004
/Users/mac/Library/Application Support/Stata/ado/plus/i/ivreg2.ado
*! ivreg2 4.1.12  14aug2024
*! authors cfb & mes
*! see end of file for version comments
/Users/mac/Library/Application Support/Stata/ado/plus/r/ranktest.ado
*! ranktest 2.0.04  21sept2020
*! authors mes & fw; KP stat based on code by fk
*! see end of file for version comments
. }

. 
end of do-file

. global CodeDirec ="${code}/exporters/"

. global DataControls "UIMacro_DataControls"

. global CurrentData "UIMacro_RevisionData.dta"

. global maindirectory "${processed}/"

. global outdirectory "${factor_inputs}/"

. global latexdir "${factor_csv}/"

. cd "${CodeDirec}"
/Users/mac/JPE-replications/JPE-Mitman-2016256/replication-package/replication-
> package/code/exporters

. 
. set more off, perm
(set more preference recorded)

. cap log close

. set logtype text

. 
. 
. cd "$maindirectory"
/Users/mac/JPE-replications/JPE-Mitman-2016256/replication-package/replication-
> package/data/processed

. use ${CurrentData}, clear

. 
. 
. // Generate 200 scrambled pair assignments.  The RNG seed below is fixed so t
> he
. // random pairings are reproducible on the same underlying county set (these 
> are
. // the Table 1 Cols 3-4 scrambles).
. keep fipsnumeric quarter_index county_index logmeanwks* logunemp* logprod* lo
> gxstate* seprate year quarter fipsstate pair_id_numeric pair_sepr_beg pair_se
> pr_tot

. 
. preserve

. keep pair_id_numeric fipsnumeric

. sort pair_id_numeric fipsnumeric

. duplicates drop pair_id_numeric fipsnumeric, force

Duplicates in terms of pair_id_numeric fipsnumeric

(232,056 observations deleted)

. 
. set seed 85237940

. forvalues x=1/200{
  2.         sort pair_id_numeric fipsnumeric
  3.         gen rand=runiform()
  4.         sort rand
  5.         gen new_pair_id`x'=floor((_n+1)/2)
  6.         drop rand
  7.         sort new_pair_id`x' fipsnumeric
  8.         by new_pair_id`x': gen new_county_index`x'=_n
  9. }

. 
. sort pair_id_numeric fipsnumeric

. tempfile scrambles

. save `scrambles', replace
(file /var/folders/yv/gy9l8r0n7q96t36797h3fbd00000gn/T//St09965.000002 not
    found)
file /var/folders/yv/gy9l8r0n7q96t36797h3fbd00000gn/T//St09965.000002 saved
    as .dta format

. restore

. 
. merge m:1 pair_id_numeric fipsnumeric using `scrambles', keep(match) nogen

    Result                      Number of obs
    -----------------------------------------
    Not matched                             0
    Matched                           234,400  
    -----------------------------------------

. 
. 
. // Loop: for each scramble x, replace the pair/county identifiers with the
. // scrambled ones, recompute pair-differences and quasi-differences, and writ
> e
. // QBLS files for the Matlab factor model into output/factor_inputs/Scramble`
> x'/.
. // Inside the same loop, also run the OLS specification used by the additive-
. // effects appendix table (tab:Benefits_on_unemp_OLS) Cols 3-4 -- baseline an
> d
. // + State GDP per Worker control (diff_logprod_all). Per-scramble OLS coefs
. // and clustered SEs collected into matrices and written out after the loop.
. matrix scramble_ols_base = J(200, 4, .)

. matrix scramble_ols_prod = J(200, 6, .)

. preserve

. forvalues x=1/200{
  2. 
.         replace pair_id_numeric = new_pair_id`x'
  3.         replace county_index = new_county_index`x'
  4. 
.         capture drop time
  5.         gen time = quarter_index
  6. 
.         // Pair-differences (across counties within a scrambled pair)
.         sort pair_id_numeric time county_index
  7.         capture drop diff_logmeanwks
  8.         capture drop diff_logunemp_rate_laus
  9.         capture drop diff_logprod_priv
 10.         capture drop diff_logprod_all
 11.         foreach var of varlist logmeanwks logunemp_rate_laus logprod_priv 
> logprod_all {
 12.                 qui by pair_id_numeric time: gen diff_`var' = `var'[1] - `
> var'[2]
 13.         }
 14. 
.         // Forward (lead) and 1-period quasi-differences of unemployment.
.         // qdk1 uses the JOLTS-style seprate; qdsbk1 uses the QWI beginning-o
> f-quarter
.         // pair separation rate, normalised by 1.353 so its mean matches JOLT
> S (the
.         // scaling factor follows the build script and the paper appendix).
.         sort pair_id_numeric county_index time
 15.         capture drop f1_logunemp_rate_laus
 16.         capture drop qdk1_logunemp_rate_laus
 17.         capture drop qdsbk1_logunemp_rate_laus
 18.         qui by pair_id_numeric county_index: gen f1_logunemp_rate_laus = d
> iff_logunemp_rate_laus[_n+1]
 19.         qui by pair_id_numeric county_index: gen qdk1_logunemp_rate_laus =
>  diff_logunemp_rate_laus - ((0.99*(1-seprate))^1)*f1_logunemp_rate_laus
 20.         qui by pair_id_numeric county_index: gen qdsbk1_logunemp_rate_laus
>  = diff_logunemp_rate_laus - ((0.99*(1-pair_sepr_beg/1.353))^1)*f1_logunemp_r
> ate_laus
 21. 
.         keep if county_index==1
 22.         qui duplicates drop pair_id_numeric quarter_index, force
 23. 
.         foreach var of varlist                                               
>                                                                              
>               ///
>                                                                              
>                                                                              
>                                                                       ///
>                 qdk1_logunemp_rate_laus diff_logprod_priv diff_logprod_all   
>                                                                              
>               ///                                                            
>                                                                              
>             ///
>                                                                              
>                                                                              
>                                                       ///
>                 diff_logmeanwks { ///
> 
 24.                 qui bys pair_id_numeric fipsnumeric: egen nmissing=count(`
> var')
 25.                 qui by pair_id_numeric: egen nmissing2=min(nmissing)
 26.                 qui drop if nmissing2==0
 27.                 qui drop nmissing nmissing2
 28. 
.         }
 29. 
.         qui sort pair_id_numeric fipsnumeric year quarter
 30.         qui by pair_id_numeric: gen temp=_n==1
 31.         qui gen temp2=sum(temp)
 32.         qui drop pair_id_numeric
 33.         qui ren temp2 pair_id_numeric
 34.         qui drop temp
 35.         qui sum pair_id_numeric
 36.         local maxid=r(max)
 37.         qui sum time
 38.         local mint=r(min)
 39.         qui replace time=time-`mint'+1
 40. 
.         sort pair_id_numeric quarter_index
 41. 
.         cd "$outdirectory"
 42.         capture mkdir "Scramble`x'"
 43.         cd "Scramble`x'"
 44.         file open myfile using "N.txt", write replace
 45.         file write myfile "`maxid'"
 46.         file close myfile
 47. 
.         forvalues i=1/`maxid'{
 48.                 qui outsheet fipsnumeric year quarter diff_logmeanwks qdk1
> _logunemp_rate_laus diff_logprod_priv diff_logprod_all qdsbk1_logunemp_rate_l
> aus ///
>                         if pair_id_numeric==`i' using QBLS`i'.txt, replace no
> names
 49.         }
 50. 
.         capture drop st_min
 51.         capture drop st_max
 52.         capture drop bordersegment
 53. 
.         bys pair_id_numeric: egen st_min=min(fipsstate)
 54.         by  pair_id_numeric: egen st_max=max(fipsstate)
 55.         egen bordersegment=group(st_min st_max)
 56. 
.         bys bordersegment pair_id_numeric: gen temp=_n==1
 57.         sort bordersegment pair_id_numeric fipsnumeric time
 58.         qui outsheet bordersegment pair_id_numeric using bordersegment_clu
> ster.txt if temp==1, nonames replace
 59.         drop temp
 60. 
.         // OLS sub-experiments for tab:Benefits_on_unemp_OLS Cols 3-4.
.         // Spec matches code/analysis/Table1_OLS.do: reghdfe with pair fixed 
> effects,
.         // clustered SE by bordersegment, restricted to 2005-2012.
.         qui reghdfe qdk1_logunemp_rate_laus diff_logmeanwks if inrange(year,2
> 005,2012), absorb(pair_id_numeric) cluster(bordersegment)
 61.         matrix scramble_ols_base[`x',1] = _b[diff_logmeanwks]
 62.         matrix scramble_ols_base[`x',2] = _se[diff_logmeanwks]
 63.         matrix scramble_ols_base[`x',3] = e(N)
 64.         matrix scramble_ols_base[`x',4] = e(r2)
 65. 
.         qui reghdfe qdk1_logunemp_rate_laus diff_logmeanwks diff_logprod_all 
> if inrange(year,2005,2012), absorb(pair_id_numeric) cluster(bordersegment)
 66.         matrix scramble_ols_prod[`x',1] = _b[diff_logmeanwks]
 67.         matrix scramble_ols_prod[`x',2] = _se[diff_logmeanwks]
 68.         matrix scramble_ols_prod[`x',3] = _b[diff_logprod_all]
 69.         matrix scramble_ols_prod[`x',4] = _se[diff_logprod_all]
 70.         matrix scramble_ols_prod[`x',5] = e(N)
 71.         matrix scramble_ols_prod[`x',6] = e(r2)
 72. 
.         cd "${maindirectory}"
 73.         display "Scramble `x' of 200 done"
 74. 
.         restore, preserve
 75. }
(234,400 real changes made)
(76,200 real changes made)
(117,200 observations deleted)
/Users/mac/JPE-replications/JPE-Mitman-2016256/replication-package/replication-
> package/output/factor_inputs
/Users/mac/JPE-replications/JPE-Mitman-2016256/replication-package/replication-
> package/output/factor_inputs/Scramble1
(file N.txt not found)
/Users/mac/JPE-replications/JPE-Mitman-2016256/replication-package/replication-
> package/data/processed
Scramble 1 of 200 done
(234,400 real changes made)
(77,800 real changes made)
(117,200 observations deleted)
/Users/mac/JPE-replications/JPE-Mitman-2016256/replication-package/replication-
> package/output/factor_inputs
/Users/mac/JPE-replications/JPE-Mitman-2016256/replication-package/replication-
> package/output/factor_inputs/Scramble2
(file N.txt not found)
/Users/mac/JPE-replications/JPE-Mitman-2016256/replication-package/replication-
> package/data/processed
Scramble 2 of 200 done
(234,200 real changes made)
(80,400 real changes made)
(117,200 observations deleted)
/Users/mac/JPE-replications/JPE-Mitman-2016256/replication-package/replication-
> package/output/factor_inputs
/Users/mac/JPE-replications/JPE-Mitman-2016256/replication-package/replication-
> package/output/factor_inputs/Scramble3
(file N.txt not found)
/Users/mac/JPE-replications/JPE-Mitman-2016256/replication-package/replication-
> package/data/processed
Scramble 3 of 200 done
(234,100 real changes made)
(77,600 real changes made)
(117,200 observations deleted)
/Users/mac/JPE-replications/JPE-Mitman-2016256/replication-package/replication-
> package/output/factor_inputs
/Users/mac/JPE-replications/JPE-Mitman-2016256/replication-package/replication-
> package/output/factor_inputs/Scramble4
(file N.txt not found)
/Users/mac/JPE-replications/JPE-Mitman-2016256/replication-package/replication-
> package/data/processed
Scramble 4 of 200 done
(234,400 real changes made)
(79,000 real changes made)
(117,200 observations deleted)
/Users/mac/JPE-replications/JPE-Mitman-2016256/replication-package/replication-
> package/output/factor_inputs
/Users/mac/JPE-replications/JPE-Mitman-2016256/replication-package/replication-
> package/output/factor_inputs/Scramble5
(file N.txt not found)
/Users/mac/JPE-replications/JPE-Mitman-2016256/replication-package/replication-
> package/data/processed
Scramble 5 of 200 done
(234,300 real changes made)
(83,400 real changes made)
(117,200 observations deleted)
/Users/mac/JPE-replications/JPE-Mitman-2016256/replication-package/replication-
> package/output/factor_inputs
/Users/mac/JPE-replications/JPE-Mitman-2016256/replication-package/replication-
> package/output/factor_inputs/Scramble6
(file N.txt not found)
/Users/mac/JPE-replications/JPE-Mitman-2016256/replication-package/replication-
> package/data/processed
Scramble 6 of 200 done
(234,100 real changes made)
(80,800 real changes made)
(117,200 observations deleted)
/Users/mac/JPE-replications/JPE-Mitman-2016256/replication-package/replication-
> package/output/factor_inputs
/Users/mac/JPE-replications/JPE-Mitman-2016256/replication-package/replication-
> package/output/factor_inputs/Scramble7
(file N.txt not found)
/Users/mac/JPE-replications/JPE-Mitman-2016256/replication-package/replication-
> package/data/processed
Scramble 7 of 200 done
(234,200 real changes made)
(79,000 real changes made)
(117,200 observations deleted)
/Users/mac/JPE-replications/JPE-Mitman-2016256/replication-package/replication-
> package/output/factor_inputs
/Users/mac/JPE-replications/JPE-Mitman-2016256/replication-package/replication-
> package/output/factor_inputs/Scramble8
(file N.txt not found)
/Users/mac/JPE-replications/JPE-Mitman-2016256/replication-package/replication-
> package/data/processed
Scramble 8 of 200 done
(234,200 real changes made)
(78,000 real changes made)
(117,200 observations deleted)
/Users/mac/JPE-replications/JPE-Mitman-2016256/replication-package/replication-
> package/output/factor_inputs
/Users/mac/JPE-replications/JPE-Mitman-2016256/replication-package/replication-
> package/output/factor_inputs/Scramble9
(file N.txt not found)
/Users/mac/JPE-replications/JPE-Mitman-2016256/replication-package/replication-
> package/data/processed
Scramble 9 of 200 done
(234,200 real changes made)
(75,800 real changes made)
(117,200 observations deleted)
/Users/mac/JPE-replications/JPE-Mitman-2016256/replication-package/replication-
> package/output/factor_inputs
/Users/mac/JPE-replications/JPE-Mitman-2016256/replication-package/replication-
> package/output/factor_inputs/Scramble10
(file N.txt not found)
/Users/mac/JPE-replications/JPE-Mitman-2016256/replication-package/replication-
> package/data/processed
Scramble 10 of 200 done
(234,300 real changes made)
(78,800 real changes made)
(117,200 observations deleted)
/Users/mac/JPE-replications/JPE-Mitman-2016256/replication-package/replication-
> package/output/factor_inputs
/Users/mac/JPE-replications/JPE-Mitman-2016256/replication-package/replication-
> package/output/factor_inputs/Scramble11
(file N.txt not found)
/Users/mac/JPE-replications/JPE-Mitman-2016256/replication-package/replication-
> package/data/processed
Scramble 11 of 200 done
(234,200 real changes made)
(78,200 real changes made)
(117,200 observations deleted)
/Users/mac/JPE-replications/JPE-Mitman-2016256/replication-package/replication-
> package/output/factor_inputs
/Users/mac/JPE-replications/JPE-Mitman-2016256/replication-package/replication-
> package/output/factor_inputs/Scramble12
(file N.txt not found)
/Users/mac/JPE-replications/JPE-Mitman-2016256/replication-package/replication-
> package/data/processed
Scramble 12 of 200 done
(234,400 real changes made)
(77,000 real changes made)
(117,200 observations deleted)
/Users/mac/JPE-replications/JPE-Mitman-2016256/replication-package/replication-
> package/output/factor_inputs
/Users/mac/JPE-replications/JPE-Mitman-2016256/replication-package/replication-
> package/output/factor_inputs/Scramble13
(file N.txt not found)
/Users/mac/JPE-replications/JPE-Mitman-2016256/replication-package/replication-
> package/data/processed
Scramble 13 of 200 done
(234,300 real changes made)
(79,200 real changes made)
(117,200 observations deleted)
/Users/mac/JPE-replications/JPE-Mitman-2016256/replication-package/replication-
> package/output/factor_inputs
/Users/mac/JPE-replications/JPE-Mitman-2016256/replication-package/replication-
> package/output/factor_inputs/Scramble14
(file N.txt not found)
/Users/mac/JPE-replications/JPE-Mitman-2016256/replication-package/replication-
> package/data/processed
Scramble 14 of 200 done
(234,200 real changes made)
(78,000 real changes made)
(117,200 observations deleted)
/Users/mac/JPE-replications/JPE-Mitman-2016256/replication-package/replication-
> package/output/factor_inputs
/Users/mac/JPE-replications/JPE-Mitman-2016256/replication-package/replication-
> package/output/factor_inputs/Scramble15
(file N.txt not found)
/Users/mac/JPE-replications/JPE-Mitman-2016256/replication-package/replication-
> package/data/processed
Scramble 15 of 200 done
(234,400 real changes made)
(79,200 real changes made)
(117,200 observations deleted)
/Users/mac/JPE-replications/JPE-Mitman-2016256/replication-package/replication-
> package/output/factor_inputs
/Users/mac/JPE-replications/JPE-Mitman-2016256/replication-package/replication-
> package/output/factor_inputs/Scramble16
(file N.txt not found)
/Users/mac/JPE-replications/JPE-Mitman-2016256/replication-package/replication-
> package/data/processed
Scramble 16 of 200 done
(234,200 real changes made)
(77,400 real changes made)
(117,200 observations deleted)
/Users/mac/JPE-replications/JPE-Mitman-2016256/replication-package/replication-
> package/output/factor_inputs
/Users/mac/JPE-replications/JPE-Mitman-2016256/replication-package/replication-
> package/output/factor_inputs/Scramble17
(file N.txt not found)
/Users/mac/JPE-replications/JPE-Mitman-2016256/replication-package/replication-
> package/data/processed
Scramble 17 of 200 done
(234,300 real changes made)
(75,600 real changes made)
(117,200 observations deleted)
/Users/mac/JPE-replications/JPE-Mitman-2016256/replication-package/replication-
> package/output/factor_inputs
/Users/mac/JPE-replications/JPE-Mitman-2016256/replication-package/replication-
> package/output/factor_inputs/Scramble18
(file N.txt not found)
/Users/mac/JPE-replications/JPE-Mitman-2016256/replication-package/replication-
> package/data/processed
Scramble 18 of 200 done
(234,100 real changes made)
(80,400 real changes made)
(117,200 observations deleted)
/Users/mac/JPE-replications/JPE-Mitman-2016256/replication-package/replication-
> package/output/factor_inputs
/Users/mac/JPE-replications/JPE-Mitman-2016256/replication-package/replication-
> package/output/factor_inputs/Scramble19
(file N.txt not found)
/Users/mac/JPE-replications/JPE-Mitman-2016256/replication-package/replication-
> package/data/processed
Scramble 19 of 200 done
(234,200 real changes made)
(79,400 real changes made)
(117,200 observations deleted)
/Users/mac/JPE-replications/JPE-Mitman-2016256/replication-package/replication-
> package/output/factor_inputs
/Users/mac/JPE-replications/JPE-Mitman-2016256/replication-package/replication-
> package/output/factor_inputs/Scramble20
(file N.txt not found)
/Users/mac/JPE-replications/JPE-Mitman-2016256/replication-package/replication-
> package/data/processed
Scramble 20 of 200 done
(234,300 real changes made)
(80,400 real changes made)
(117,200 observations deleted)
/Users/mac/JPE-replications/JPE-Mitman-2016256/replication-package/replication-
> package/output/factor_inputs
/Users/mac/JPE-replications/JPE-Mitman-2016256/replication-package/replication-
> package/output/factor_inputs/Scramble21
(file N.txt not found)
/Users/mac/JPE-replications/JPE-Mitman-2016256/replication-package/replication-
> package/data/processed
Scramble 21 of 200 done
(234,400 real changes made)
(77,200 real changes made)
(117,200 observations deleted)
/Users/mac/JPE-replications/JPE-Mitman-2016256/replication-package/replication-
> package/output/factor_inputs
/Users/mac/JPE-replications/JPE-Mitman-2016256/replication-package/replication-
> package/output/factor_inputs/Scramble22
(file N.txt not found)
/Users/mac/JPE-replications/JPE-Mitman-2016256/replication-package/replication-
> package/data/processed
Scramble 22 of 200 done
(234,100 real changes made)
(78,800 real changes made)
(117,200 observations deleted)
/Users/mac/JPE-replications/JPE-Mitman-2016256/replication-package/replication-
> package/output/factor_inputs
/Users/mac/JPE-replications/JPE-Mitman-2016256/replication-package/replication-
> package/output/factor_inputs/Scramble23
(file N.txt not found)
/Users/mac/JPE-replications/JPE-Mitman-2016256/replication-package/replication-
> package/data/processed
Scramble 23 of 200 done
(234,200 real changes made)
(76,600 real changes made)
(117,200 observations deleted)
/Users/mac/JPE-replications/JPE-Mitman-2016256/replication-package/replication-
> package/output/factor_inputs
/Users/mac/JPE-replications/JPE-Mitman-2016256/replication-package/replication-
> package/output/factor_inputs/Scramble24
(file N.txt not found)
/Users/mac/JPE-replications/JPE-Mitman-2016256/replication-package/replication-
> package/data/processed
Scramble 24 of 200 done
(234,000 real changes made)
(76,400 real changes made)
(117,200 observations deleted)
/Users/mac/JPE-replications/JPE-Mitman-2016256/replication-package/replication-
> package/output/factor_inputs
/Users/mac/JPE-replications/JPE-Mitman-2016256/replication-package/replication-
> package/output/factor_inputs/Scramble25
(file N.txt not found)
/Users/mac/JPE-replications/JPE-Mitman-2016256/replication-package/replication-
> package/data/processed
Scramble 25 of 200 done
(234,200 real changes made)
(80,600 real changes made)
(117,200 observations deleted)
/Users/mac/JPE-replications/JPE-Mitman-2016256/replication-package/replication-
> package/output/factor_inputs
/Users/mac/JPE-replications/JPE-Mitman-2016256/replication-package/replication-
> package/output/factor_inputs/Scramble26
(file N.txt not found)
/Users/mac/JPE-replications/JPE-Mitman-2016256/replication-package/replication-
> package/data/processed
Scramble 26 of 200 done
(234,300 real changes made)
(80,000 real changes made)
(117,200 observations deleted)
/Users/mac/JPE-replications/JPE-Mitman-2016256/replication-package/replication-
> package/output/factor_inputs
/Users/mac/JPE-replications/JPE-Mitman-2016256/replication-package/replication-
> package/output/factor_inputs/Scramble27
(file N.txt not found)
/Users/mac/JPE-replications/JPE-Mitman-2016256/replication-package/replication-
> package/data/processed
Scramble 27 of 200 done
(234,000 real changes made)
(79,800 real changes made)
(117,200 observations deleted)
/Users/mac/JPE-replications/JPE-Mitman-2016256/replication-package/replication-
> package/output/factor_inputs
/Users/mac/JPE-replications/JPE-Mitman-2016256/replication-package/replication-
> package/output/factor_inputs/Scramble28
(file N.txt not found)
/Users/mac/JPE-replications/JPE-Mitman-2016256/replication-package/replication-
> package/data/processed
Scramble 28 of 200 done
(234,300 real changes made)
(77,800 real changes made)
(117,200 observations deleted)
/Users/mac/JPE-replications/JPE-Mitman-2016256/replication-package/replication-
> package/output/factor_inputs
/Users/mac/JPE-replications/JPE-Mitman-2016256/replication-package/replication-
> package/output/factor_inputs/Scramble29
(file N.txt not found)
/Users/mac/JPE-replications/JPE-Mitman-2016256/replication-package/replication-
> package/data/processed
Scramble 29 of 200 done
(234,200 real changes made)
(79,000 real changes made)
(117,200 observations deleted)
/Users/mac/JPE-replications/JPE-Mitman-2016256/replication-package/replication-
> package/output/factor_inputs
/Users/mac/JPE-replications/JPE-Mitman-2016256/replication-package/replication-
> package/output/factor_inputs/Scramble30
(file N.txt not found)
/Users/mac/JPE-replications/JPE-Mitman-2016256/replication-package/replication-
> package/data/processed
Scramble 30 of 200 done
(234,400 real changes made)
(74,000 real changes made)
(117,200 observations deleted)
/Users/mac/JPE-replications/JPE-Mitman-2016256/replication-package/replication-
> package/output/factor_inputs
/Users/mac/JPE-replications/JPE-Mitman-2016256/replication-package/replication-
> package/output/factor_inputs/Scramble31
(file N.txt not found)
/Users/mac/JPE-replications/JPE-Mitman-2016256/replication-package/replication-
> package/data/processed
Scramble 31 of 200 done
(234,200 real changes made)
(76,400 real changes made)
(117,200 observations deleted)
/Users/mac/JPE-replications/JPE-Mitman-2016256/replication-package/replication-
> package/output/factor_inputs
/Users/mac/JPE-replications/JPE-Mitman-2016256/replication-package/replication-
> package/output/factor_inputs/Scramble32
(file N.txt not found)
/Users/mac/JPE-replications/JPE-Mitman-2016256/replication-package/replication-
> package/data/processed
Scramble 32 of 200 done
(233,900 real changes made)
(79,800 real changes made)
(117,200 observations deleted)
/Users/mac/JPE-replications/JPE-Mitman-2016256/replication-package/replication-
> package/output/factor_inputs
/Users/mac/JPE-replications/JPE-Mitman-2016256/replication-package/replication-
> package/output/factor_inputs/Scramble33
(file N.txt not found)
/Users/mac/JPE-replications/JPE-Mitman-2016256/replication-package/replication-
> package/data/processed
Scramble 33 of 200 done
(234,300 real changes made)
(81,200 real changes made)
(117,200 observations deleted)
/Users/mac/JPE-replications/JPE-Mitman-2016256/replication-package/replication-
> package/output/factor_inputs
/Users/mac/JPE-replications/JPE-Mitman-2016256/replication-package/replication-
> package/output/factor_inputs/Scramble34
(file N.txt not found)
/Users/mac/JPE-replications/JPE-Mitman-2016256/replication-package/replication-
> package/data/processed
Scramble 34 of 200 done
(234,000 real changes made)
(76,600 real changes made)
(117,200 observations deleted)
/Users/mac/JPE-replications/JPE-Mitman-2016256/replication-package/replication-
> package/output/factor_inputs
/Users/mac/JPE-replications/JPE-Mitman-2016256/replication-package/replication-
> package/output/factor_inputs/Scramble35
(file N.txt not found)
/Users/mac/JPE-replications/JPE-Mitman-2016256/replication-package/replication-
> package/data/processed
Scramble 35 of 200 done
(234,300 real changes made)
(80,600 real changes made)
(117,200 observations deleted)
/Users/mac/JPE-replications/JPE-Mitman-2016256/replication-package/replication-
> package/output/factor_inputs
/Users/mac/JPE-replications/JPE-Mitman-2016256/replication-package/replication-
> package/output/factor_inputs/Scramble36
(file N.txt not found)
/Users/mac/JPE-replications/JPE-Mitman-2016256/replication-package/replication-
> package/data/processed
Scramble 36 of 200 done
(234,300 real changes made)
(80,400 real changes made)
(117,200 observations deleted)
/Users/mac/JPE-replications/JPE-Mitman-2016256/replication-package/replication-
> package/output/factor_inputs
/Users/mac/JPE-replications/JPE-Mitman-2016256/replication-package/replication-
> package/output/factor_inputs/Scramble37
(file N.txt not found)
/Users/mac/JPE-replications/JPE-Mitman-2016256/replication-package/replication-
> package/data/processed
Scramble 37 of 200 done
(234,300 real changes made)
(76,800 real changes made)
(117,200 observations deleted)
/Users/mac/JPE-replications/JPE-Mitman-2016256/replication-package/replication-
> package/output/factor_inputs
/Users/mac/JPE-replications/JPE-Mitman-2016256/replication-package/replication-
> package/output/factor_inputs/Scramble38
(file N.txt not found)
/Users/mac/JPE-replications/JPE-Mitman-2016256/replication-package/replication-
> package/data/processed
Scramble 38 of 200 done
(234,400 real changes made)
(81,000 real changes made)
(117,200 observations deleted)
/Users/mac/JPE-replications/JPE-Mitman-2016256/replication-package/replication-
> package/output/factor_inputs
/Users/mac/JPE-replications/JPE-Mitman-2016256/replication-package/replication-
> package/output/factor_inputs/Scramble39
(file N.txt not found)
/Users/mac/JPE-replications/JPE-Mitman-2016256/replication-package/replication-
> package/data/processed
Scramble 39 of 200 done
(234,200 real changes made)
(79,000 real changes made)
(117,200 observations deleted)
/Users/mac/JPE-replications/JPE-Mitman-2016256/replication-package/replication-
> package/output/factor_inputs
/Users/mac/JPE-replications/JPE-Mitman-2016256/replication-package/replication-
> package/output/factor_inputs/Scramble40
(file N.txt not found)
/Users/mac/JPE-replications/JPE-Mitman-2016256/replication-package/replication-
> package/data/processed
Scramble 40 of 200 done
(234,200 real changes made)
(79,600 real changes made)
(117,200 observations deleted)
/Users/mac/JPE-replications/JPE-Mitman-2016256/replication-package/replication-
> package/output/factor_inputs
/Users/mac/JPE-replications/JPE-Mitman-2016256/replication-package/replication-
> package/output/factor_inputs/Scramble41
(file N.txt not found)
/Users/mac/JPE-replications/JPE-Mitman-2016256/replication-package/replication-
> package/data/processed
Scramble 41 of 200 done
(234,200 real changes made)
(79,800 real changes made)
(117,200 observations deleted)
/Users/mac/JPE-replications/JPE-Mitman-2016256/replication-package/replication-
> package/output/factor_inputs
/Users/mac/JPE-replications/JPE-Mitman-2016256/replication-package/replication-
> package/output/factor_inputs/Scramble42
(file N.txt not found)
/Users/mac/JPE-replications/JPE-Mitman-2016256/replication-package/replication-
> package/data/processed
Scramble 42 of 200 done
(234,300 real changes made)
(80,000 real changes made)
(117,200 observations deleted)
/Users/mac/JPE-replications/JPE-Mitman-2016256/replication-package/replication-
> package/output/factor_inputs
/Users/mac/JPE-replications/JPE-Mitman-2016256/replication-package/replication-
> package/output/factor_inputs/Scramble43
(file N.txt not found)
/Users/mac/JPE-replications/JPE-Mitman-2016256/replication-package/replication-
> package/data/processed
Scramble 43 of 200 done
(234,300 real changes made)
(78,800 real changes made)
(117,200 observations deleted)
/Users/mac/JPE-replications/JPE-Mitman-2016256/replication-package/replication-
> package/output/factor_inputs
/Users/mac/JPE-replications/JPE-Mitman-2016256/replication-package/replication-
> package/output/factor_inputs/Scramble44
(file N.txt not found)
/Users/mac/JPE-replications/JPE-Mitman-2016256/replication-package/replication-
> package/data/processed
Scramble 44 of 200 done
(234,200 real changes made)
(79,200 real changes made)
(117,200 observations deleted)
/Users/mac/JPE-replications/JPE-Mitman-2016256/replication-package/replication-
> package/output/factor_inputs
/Users/mac/JPE-replications/JPE-Mitman-2016256/replication-package/replication-
> package/output/factor_inputs/Scramble45
(file N.txt not found)
/Users/mac/JPE-replications/JPE-Mitman-2016256/replication-package/replication-
> package/data/processed
Scramble 45 of 200 done
(234,400 real changes made)
(79,800 real changes made)
(117,200 observations deleted)
/Users/mac/JPE-replications/JPE-Mitman-2016256/replication-package/replication-
> package/output/factor_inputs
/Users/mac/JPE-replications/JPE-Mitman-2016256/replication-package/replication-
> package/output/factor_inputs/Scramble46
(file N.txt not found)
/Users/mac/JPE-replications/JPE-Mitman-2016256/replication-package/replication-
> package/data/processed
Scramble 46 of 200 done
(234,300 real changes made)
(77,800 real changes made)
(117,200 observations deleted)
/Users/mac/JPE-replications/JPE-Mitman-2016256/replication-package/replication-
> package/output/factor_inputs
/Users/mac/JPE-replications/JPE-Mitman-2016256/replication-package/replication-
> package/output/factor_inputs/Scramble47
(file N.txt not found)
/Users/mac/JPE-replications/JPE-Mitman-2016256/replication-package/replication-
> package/data/processed
Scramble 47 of 200 done
(234,400 real changes made)
(79,200 real changes made)
(117,200 observations deleted)
/Users/mac/JPE-replications/JPE-Mitman-2016256/replication-package/replication-
> package/output/factor_inputs
/Users/mac/JPE-replications/JPE-Mitman-2016256/replication-package/replication-
> package/output/factor_inputs/Scramble48
(file N.txt not found)
/Users/mac/JPE-replications/JPE-Mitman-2016256/replication-package/replication-
> package/data/processed
Scramble 48 of 200 done
(234,400 real changes made)
(78,600 real changes made)
(117,200 observations deleted)
/Users/mac/JPE-replications/JPE-Mitman-2016256/replication-package/replication-
> package/output/factor_inputs
/Users/mac/JPE-replications/JPE-Mitman-2016256/replication-package/replication-
> package/output/factor_inputs/Scramble49
(file N.txt not found)
/Users/mac/JPE-replications/JPE-Mitman-2016256/replication-package/replication-
> package/data/processed
Scramble 49 of 200 done
(234,200 real changes made)
(77,200 real changes made)
(117,200 observations deleted)
/Users/mac/JPE-replications/JPE-Mitman-2016256/replication-package/replication-
> package/output/factor_inputs
/Users/mac/JPE-replications/JPE-Mitman-2016256/replication-package/replication-
> package/output/factor_inputs/Scramble50
(file N.txt not found)
/Users/mac/JPE-replications/JPE-Mitman-2016256/replication-package/replication-
> package/data/processed
Scramble 50 of 200 done
(234,000 real changes made)
(77,000 real changes made)
(117,200 observations deleted)
/Users/mac/JPE-replications/JPE-Mitman-2016256/replication-package/replication-
> package/output/factor_inputs
/Users/mac/JPE-replications/JPE-Mitman-2016256/replication-package/replication-
> package/output/factor_inputs/Scramble51
(file N.txt not found)
/Users/mac/JPE-replications/JPE-Mitman-2016256/replication-package/replication-
> package/data/processed
Scramble 51 of 200 done
(233,800 real changes made)
(77,000 real changes made)
(117,200 observations deleted)
/Users/mac/JPE-replications/JPE-Mitman-2016256/replication-package/replication-
> package/output/factor_inputs
/Users/mac/JPE-replications/JPE-Mitman-2016256/replication-package/replication-
> package/output/factor_inputs/Scramble52
(file N.txt not found)
/Users/mac/JPE-replications/JPE-Mitman-2016256/replication-package/replication-
> package/data/processed
Scramble 52 of 200 done
(234,400 real changes made)
(79,000 real changes made)
(117,200 observations deleted)
/Users/mac/JPE-replications/JPE-Mitman-2016256/replication-package/replication-
> package/output/factor_inputs
/Users/mac/JPE-replications/JPE-Mitman-2016256/replication-package/replication-
> package/output/factor_inputs/Scramble53
(file N.txt not found)
/Users/mac/JPE-replications/JPE-Mitman-2016256/replication-package/replication-
> package/data/processed
Scramble 53 of 200 done
(234,300 real changes made)
(77,200 real changes made)
(117,200 observations deleted)
/Users/mac/JPE-replications/JPE-Mitman-2016256/replication-package/replication-
> package/output/factor_inputs
/Users/mac/JPE-replications/JPE-Mitman-2016256/replication-package/replication-
> package/output/factor_inputs/Scramble54
(file N.txt not found)
/Users/mac/JPE-replications/JPE-Mitman-2016256/replication-package/replication-
> package/data/processed
Scramble 54 of 200 done
(234,100 real changes made)
(78,000 real changes made)
(117,200 observations deleted)
/Users/mac/JPE-replications/JPE-Mitman-2016256/replication-package/replication-
> package/output/factor_inputs
/Users/mac/JPE-replications/JPE-Mitman-2016256/replication-package/replication-
> package/output/factor_inputs/Scramble55
(file N.txt not found)
/Users/mac/JPE-replications/JPE-Mitman-2016256/replication-package/replication-
> package/data/processed
Scramble 55 of 200 done
(234,100 real changes made)
(78,800 real changes made)
(117,200 observations deleted)
/Users/mac/JPE-replications/JPE-Mitman-2016256/replication-package/replication-
> package/output/factor_inputs
/Users/mac/JPE-replications/JPE-Mitman-2016256/replication-package/replication-
> package/output/factor_inputs/Scramble56
(file N.txt not found)
/Users/mac/JPE-replications/JPE-Mitman-2016256/replication-package/replication-
> package/data/processed
Scramble 56 of 200 done
(234,300 real changes made)
(77,400 real changes made)
(117,200 observations deleted)
/Users/mac/JPE-replications/JPE-Mitman-2016256/replication-package/replication-
> package/output/factor_inputs
/Users/mac/JPE-replications/JPE-Mitman-2016256/replication-package/replication-
> package/output/factor_inputs/Scramble57
(file N.txt not found)
/Users/mac/JPE-replications/JPE-Mitman-2016256/replication-package/replication-
> package/data/processed
Scramble 57 of 200 done
(234,100 real changes made)
(78,000 real changes made)
(117,200 observations deleted)
/Users/mac/JPE-replications/JPE-Mitman-2016256/replication-package/replication-
> package/output/factor_inputs
/Users/mac/JPE-replications/JPE-Mitman-2016256/replication-package/replication-
> package/output/factor_inputs/Scramble58
(file N.txt not found)
/Users/mac/JPE-replications/JPE-Mitman-2016256/replication-package/replication-
> package/data/processed
Scramble 58 of 200 done
(234,000 real changes made)
(76,400 real changes made)
(117,200 observations deleted)
/Users/mac/JPE-replications/JPE-Mitman-2016256/replication-package/replication-
> package/output/factor_inputs
/Users/mac/JPE-replications/JPE-Mitman-2016256/replication-package/replication-
> package/output/factor_inputs/Scramble59
(file N.txt not found)
/Users/mac/JPE-replications/JPE-Mitman-2016256/replication-package/replication-
> package/data/processed
Scramble 59 of 200 done
(234,400 real changes made)
(74,600 real changes made)
(117,200 observations deleted)
/Users/mac/JPE-replications/JPE-Mitman-2016256/replication-package/replication-
> package/output/factor_inputs
/Users/mac/JPE-replications/JPE-Mitman-2016256/replication-package/replication-
> package/output/factor_inputs/Scramble60
(file N.txt not found)
/Users/mac/JPE-replications/JPE-Mitman-2016256/replication-package/replication-
> package/data/processed
Scramble 60 of 200 done
(234,100 real changes made)
(80,000 real changes made)
(117,200 observations deleted)
/Users/mac/JPE-replications/JPE-Mitman-2016256/replication-package/replication-
> package/output/factor_inputs
/Users/mac/JPE-replications/JPE-Mitman-2016256/replication-package/replication-
> package/output/factor_inputs/Scramble61
(file N.txt not found)
/Users/mac/JPE-replications/JPE-Mitman-2016256/replication-package/replication-
> package/data/processed
Scramble 61 of 200 done
(234,100 real changes made)
(80,400 real changes made)
(117,200 observations deleted)
/Users/mac/JPE-replications/JPE-Mitman-2016256/replication-package/replication-
> package/output/factor_inputs
/Users/mac/JPE-replications/JPE-Mitman-2016256/replication-package/replication-
> package/output/factor_inputs/Scramble62
(file N.txt not found)
/Users/mac/JPE-replications/JPE-Mitman-2016256/replication-package/replication-
> package/data/processed
Scramble 62 of 200 done
(234,100 real changes made)
(81,000 real changes made)
(117,200 observations deleted)
/Users/mac/JPE-replications/JPE-Mitman-2016256/replication-package/replication-
> package/output/factor_inputs
/Users/mac/JPE-replications/JPE-Mitman-2016256/replication-package/replication-
> package/output/factor_inputs/Scramble63
(file N.txt not found)
/Users/mac/JPE-replications/JPE-Mitman-2016256/replication-package/replication-
> package/data/processed
Scramble 63 of 200 done
(234,200 real changes made)
(76,600 real changes made)
(117,200 observations deleted)
/Users/mac/JPE-replications/JPE-Mitman-2016256/replication-package/replication-
> package/output/factor_inputs
/Users/mac/JPE-replications/JPE-Mitman-2016256/replication-package/replication-
> package/output/factor_inputs/Scramble64
(file N.txt not found)
/Users/mac/JPE-replications/JPE-Mitman-2016256/replication-package/replication-
> package/data/processed
Scramble 64 of 200 done
(234,400 real changes made)
(80,600 real changes made)
(117,200 observations deleted)
/Users/mac/JPE-replications/JPE-Mitman-2016256/replication-package/replication-
> package/output/factor_inputs
/Users/mac/JPE-replications/JPE-Mitman-2016256/replication-package/replication-
> package/output/factor_inputs/Scramble65
(file N.txt not found)
/Users/mac/JPE-replications/JPE-Mitman-2016256/replication-package/replication-
> package/data/processed
Scramble 65 of 200 done
(233,700 real changes made)
(78,800 real changes made)
(117,200 observations deleted)
/Users/mac/JPE-replications/JPE-Mitman-2016256/replication-package/replication-
> package/output/factor_inputs
/Users/mac/JPE-replications/JPE-Mitman-2016256/replication-package/replication-
> package/output/factor_inputs/Scramble66
(file N.txt not found)
/Users/mac/JPE-replications/JPE-Mitman-2016256/replication-package/replication-
> package/data/processed
Scramble 66 of 200 done
(234,300 real changes made)
(78,600 real changes made)
(117,200 observations deleted)
/Users/mac/JPE-replications/JPE-Mitman-2016256/replication-package/replication-
> package/output/factor_inputs
/Users/mac/JPE-replications/JPE-Mitman-2016256/replication-package/replication-
> package/output/factor_inputs/Scramble67
(file N.txt not found)
/Users/mac/JPE-replications/JPE-Mitman-2016256/replication-package/replication-
> package/data/processed
Scramble 67 of 200 done
(234,100 real changes made)
(78,200 real changes made)
(117,200 observations deleted)
/Users/mac/JPE-replications/JPE-Mitman-2016256/replication-package/replication-
> package/output/factor_inputs
/Users/mac/JPE-replications/JPE-Mitman-2016256/replication-package/replication-
> package/output/factor_inputs/Scramble68
(file N.txt not found)
/Users/mac/JPE-replications/JPE-Mitman-2016256/replication-package/replication-
> package/data/processed
Scramble 68 of 200 done
(234,100 real changes made)
(78,400 real changes made)
(117,200 observations deleted)
/Users/mac/JPE-replications/JPE-Mitman-2016256/replication-package/replication-
> package/output/factor_inputs
/Users/mac/JPE-replications/JPE-Mitman-2016256/replication-package/replication-
> package/output/factor_inputs/Scramble69
(file N.txt not found)
/Users/mac/JPE-replications/JPE-Mitman-2016256/replication-package/replication-
> package/data/processed
Scramble 69 of 200 done
(234,100 real changes made)
(79,200 real changes made)
(117,200 observations deleted)
/Users/mac/JPE-replications/JPE-Mitman-2016256/replication-package/replication-
> package/output/factor_inputs
/Users/mac/JPE-replications/JPE-Mitman-2016256/replication-package/replication-
> package/output/factor_inputs/Scramble70
(file N.txt not found)
/Users/mac/JPE-replications/JPE-Mitman-2016256/replication-package/replication-
> package/data/processed
Scramble 70 of 200 done
(234,300 real changes made)
(78,800 real changes made)
(117,200 observations deleted)
/Users/mac/JPE-replications/JPE-Mitman-2016256/replication-package/replication-
> package/output/factor_inputs
/Users/mac/JPE-replications/JPE-Mitman-2016256/replication-package/replication-
> package/output/factor_inputs/Scramble71
(file N.txt not found)
/Users/mac/JPE-replications/JPE-Mitman-2016256/replication-package/replication-
> package/data/processed
Scramble 71 of 200 done
(234,100 real changes made)
(80,000 real changes made)
(117,200 observations deleted)
/Users/mac/JPE-replications/JPE-Mitman-2016256/replication-package/replication-
> package/output/factor_inputs
/Users/mac/JPE-replications/JPE-Mitman-2016256/replication-package/replication-
> package/output/factor_inputs/Scramble72
(file N.txt not found)
/Users/mac/JPE-replications/JPE-Mitman-2016256/replication-package/replication-
> package/data/processed
Scramble 72 of 200 done
(234,100 real changes made)
(78,400 real changes made)
(117,200 observations deleted)
/Users/mac/JPE-replications/JPE-Mitman-2016256/replication-package/replication-
> package/output/factor_inputs
/Users/mac/JPE-replications/JPE-Mitman-2016256/replication-package/replication-
> package/output/factor_inputs/Scramble73
(file N.txt not found)
/Users/mac/JPE-replications/JPE-Mitman-2016256/replication-package/replication-
> package/data/processed
Scramble 73 of 200 done
(234,400 real changes made)
(79,000 real changes made)
(117,200 observations deleted)
/Users/mac/JPE-replications/JPE-Mitman-2016256/replication-package/replication-
> package/output/factor_inputs
/Users/mac/JPE-replications/JPE-Mitman-2016256/replication-package/replication-
> package/output/factor_inputs/Scramble74
(file N.txt not found)
/Users/mac/JPE-replications/JPE-Mitman-2016256/replication-package/replication-
> package/data/processed
Scramble 74 of 200 done
(234,100 real changes made)
(79,200 real changes made)
(117,200 observations deleted)
/Users/mac/JPE-replications/JPE-Mitman-2016256/replication-package/replication-
> package/output/factor_inputs
/Users/mac/JPE-replications/JPE-Mitman-2016256/replication-package/replication-
> package/output/factor_inputs/Scramble75
(file N.txt not found)
/Users/mac/JPE-replications/JPE-Mitman-2016256/replication-package/replication-
> package/data/processed
Scramble 75 of 200 done
(234,300 real changes made)
(76,000 real changes made)
(117,200 observations deleted)
/Users/mac/JPE-replications/JPE-Mitman-2016256/replication-package/replication-
> package/output/factor_inputs
/Users/mac/JPE-replications/JPE-Mitman-2016256/replication-package/replication-
> package/output/factor_inputs/Scramble76
(file N.txt not found)
/Users/mac/JPE-replications/JPE-Mitman-2016256/replication-package/replication-
> package/data/processed
Scramble 76 of 200 done
(234,200 real changes made)
(76,400 real changes made)
(117,200 observations deleted)
/Users/mac/JPE-replications/JPE-Mitman-2016256/replication-package/replication-
> package/output/factor_inputs
/Users/mac/JPE-replications/JPE-Mitman-2016256/replication-package/replication-
> package/output/factor_inputs/Scramble77
(file N.txt not found)
/Users/mac/JPE-replications/JPE-Mitman-2016256/replication-package/replication-
> package/data/processed
Scramble 77 of 200 done
(234,000 real changes made)
(79,600 real changes made)
(117,200 observations deleted)
/Users/mac/JPE-replications/JPE-Mitman-2016256/replication-package/replication-
> package/output/factor_inputs
/Users/mac/JPE-replications/JPE-Mitman-2016256/replication-package/replication-
> package/output/factor_inputs/Scramble78
(file N.txt not found)
/Users/mac/JPE-replications/JPE-Mitman-2016256/replication-package/replication-
> package/data/processed
Scramble 78 of 200 done
(234,000 real changes made)
(79,000 real changes made)
(117,200 observations deleted)
/Users/mac/JPE-replications/JPE-Mitman-2016256/replication-package/replication-
> package/output/factor_inputs
/Users/mac/JPE-replications/JPE-Mitman-2016256/replication-package/replication-
> package/output/factor_inputs/Scramble79
(file N.txt not found)
/Users/mac/JPE-replications/JPE-Mitman-2016256/replication-package/replication-
> package/data/processed
Scramble 79 of 200 done
(234,100 real changes made)
(75,400 real changes made)
(117,200 observations deleted)
/Users/mac/JPE-replications/JPE-Mitman-2016256/replication-package/replication-
> package/output/factor_inputs
/Users/mac/JPE-replications/JPE-Mitman-2016256/replication-package/replication-
> package/output/factor_inputs/Scramble80
(file N.txt not found)
/Users/mac/JPE-replications/JPE-Mitman-2016256/replication-package/replication-
> package/data/processed
Scramble 80 of 200 done
(233,900 real changes made)
(80,800 real changes made)
(117,200 observations deleted)
/Users/mac/JPE-replications/JPE-Mitman-2016256/replication-package/replication-
> package/output/factor_inputs
/Users/mac/JPE-replications/JPE-Mitman-2016256/replication-package/replication-
> package/output/factor_inputs/Scramble81
(file N.txt not found)
/Users/mac/JPE-replications/JPE-Mitman-2016256/replication-package/replication-
> package/data/processed
Scramble 81 of 200 done
(234,200 real changes made)
(76,600 real changes made)
(117,200 observations deleted)
/Users/mac/JPE-replications/JPE-Mitman-2016256/replication-package/replication-
> package/output/factor_inputs
/Users/mac/JPE-replications/JPE-Mitman-2016256/replication-package/replication-
> package/output/factor_inputs/Scramble82
(file N.txt not found)
/Users/mac/JPE-replications/JPE-Mitman-2016256/replication-package/replication-
> package/data/processed
Scramble 82 of 200 done
(234,300 real changes made)
(80,200 real changes made)
(117,200 observations deleted)
/Users/mac/JPE-replications/JPE-Mitman-2016256/replication-package/replication-
> package/output/factor_inputs
/Users/mac/JPE-replications/JPE-Mitman-2016256/replication-package/replication-
> package/output/factor_inputs/Scramble83
(file N.txt not found)
/Users/mac/JPE-replications/JPE-Mitman-2016256/replication-package/replication-
> package/data/processed
Scramble 83 of 200 done
(234,300 real changes made)
(76,800 real changes made)
(117,200 observations deleted)
/Users/mac/JPE-replications/JPE-Mitman-2016256/replication-package/replication-
> package/output/factor_inputs
/Users/mac/JPE-replications/JPE-Mitman-2016256/replication-package/replication-
> package/output/factor_inputs/Scramble84
(file N.txt not found)
/Users/mac/JPE-replications/JPE-Mitman-2016256/replication-package/replication-
> package/data/processed
Scramble 84 of 200 done
(234,200 real changes made)
(80,400 real changes made)
(117,200 observations deleted)
/Users/mac/JPE-replications/JPE-Mitman-2016256/replication-package/replication-
> package/output/factor_inputs
/Users/mac/JPE-replications/JPE-Mitman-2016256/replication-package/replication-
> package/output/factor_inputs/Scramble85
(file N.txt not found)
/Users/mac/JPE-replications/JPE-Mitman-2016256/replication-package/replication-
> package/data/processed
Scramble 85 of 200 done
(233,900 real changes made)
(83,200 real changes made)
(117,200 observations deleted)
/Users/mac/JPE-replications/JPE-Mitman-2016256/replication-package/replication-
> package/output/factor_inputs
/Users/mac/JPE-replications/JPE-Mitman-2016256/replication-package/replication-
> package/output/factor_inputs/Scramble86
(file N.txt not found)
/Users/mac/JPE-replications/JPE-Mitman-2016256/replication-package/replication-
> package/data/processed
Scramble 86 of 200 done
(234,200 real changes made)
(77,400 real changes made)
(117,200 observations deleted)
/Users/mac/JPE-replications/JPE-Mitman-2016256/replication-package/replication-
> package/output/factor_inputs
/Users/mac/JPE-replications/JPE-Mitman-2016256/replication-package/replication-
> package/output/factor_inputs/Scramble87
(file N.txt not found)
/Users/mac/JPE-replications/JPE-Mitman-2016256/replication-package/replication-
> package/data/processed
Scramble 87 of 200 done
(234,200 real changes made)
(76,000 real changes made)
(117,200 observations deleted)
/Users/mac/JPE-replications/JPE-Mitman-2016256/replication-package/replication-
> package/output/factor_inputs
/Users/mac/JPE-replications/JPE-Mitman-2016256/replication-package/replication-
> package/output/factor_inputs/Scramble88
(file N.txt not found)
/Users/mac/JPE-replications/JPE-Mitman-2016256/replication-package/replication-
> package/data/processed
Scramble 88 of 200 done
(234,300 real changes made)
(75,400 real changes made)
(117,200 observations deleted)
/Users/mac/JPE-replications/JPE-Mitman-2016256/replication-package/replication-
> package/output/factor_inputs
/Users/mac/JPE-replications/JPE-Mitman-2016256/replication-package/replication-
> package/output/factor_inputs/Scramble89
(file N.txt not found)
/Users/mac/JPE-replications/JPE-Mitman-2016256/replication-package/replication-
> package/data/processed
Scramble 89 of 200 done
(234,100 real changes made)
(76,200 real changes made)
(117,200 observations deleted)
/Users/mac/JPE-replications/JPE-Mitman-2016256/replication-package/replication-
> package/output/factor_inputs
/Users/mac/JPE-replications/JPE-Mitman-2016256/replication-package/replication-
> package/output/factor_inputs/Scramble90
(file N.txt not found)
/Users/mac/JPE-replications/JPE-Mitman-2016256/replication-package/replication-
> package/data/processed
Scramble 90 of 200 done
(234,300 real changes made)
(78,000 real changes made)
(117,200 observations deleted)
/Users/mac/JPE-replications/JPE-Mitman-2016256/replication-package/replication-
> package/output/factor_inputs
/Users/mac/JPE-replications/JPE-Mitman-2016256/replication-package/replication-
> package/output/factor_inputs/Scramble91
(file N.txt not found)
/Users/mac/JPE-replications/JPE-Mitman-2016256/replication-package/replication-
> package/data/processed
Scramble 91 of 200 done
(233,800 real changes made)
(77,200 real changes made)
(117,200 observations deleted)
/Users/mac/JPE-replications/JPE-Mitman-2016256/replication-package/replication-
> package/output/factor_inputs
/Users/mac/JPE-replications/JPE-Mitman-2016256/replication-package/replication-
> package/output/factor_inputs/Scramble92
(file N.txt not found)
/Users/mac/JPE-replications/JPE-Mitman-2016256/replication-package/replication-
> package/data/processed
Scramble 92 of 200 done
(234,300 real changes made)
(79,400 real changes made)
(117,200 observations deleted)
/Users/mac/JPE-replications/JPE-Mitman-2016256/replication-package/replication-
> package/output/factor_inputs
/Users/mac/JPE-replications/JPE-Mitman-2016256/replication-package/replication-
> package/output/factor_inputs/Scramble93
(file N.txt not found)
/Users/mac/JPE-replications/JPE-Mitman-2016256/replication-package/replication-
> package/data/processed
Scramble 93 of 200 done
(234,300 real changes made)
(77,400 real changes made)
(117,200 observations deleted)
/Users/mac/JPE-replications/JPE-Mitman-2016256/replication-package/replication-
> package/output/factor_inputs
/Users/mac/JPE-replications/JPE-Mitman-2016256/replication-package/replication-
> package/output/factor_inputs/Scramble94
(file N.txt not found)
/Users/mac/JPE-replications/JPE-Mitman-2016256/replication-package/replication-
> package/data/processed
Scramble 94 of 200 done
(234,300 real changes made)
(78,800 real changes made)
(117,200 observations deleted)
/Users/mac/JPE-replications/JPE-Mitman-2016256/replication-package/replication-
> package/output/factor_inputs
/Users/mac/JPE-replications/JPE-Mitman-2016256/replication-package/replication-
> package/output/factor_inputs/Scramble95
(file N.txt not found)
/Users/mac/JPE-replications/JPE-Mitman-2016256/replication-package/replication-
> package/data/processed
Scramble 95 of 200 done
(234,100 real changes made)
(77,600 real changes made)
(117,200 observations deleted)
/Users/mac/JPE-replications/JPE-Mitman-2016256/replication-package/replication-
> package/output/factor_inputs
/Users/mac/JPE-replications/JPE-Mitman-2016256/replication-package/replication-
> package/output/factor_inputs/Scramble96
(file N.txt not found)
/Users/mac/JPE-replications/JPE-Mitman-2016256/replication-package/replication-
> package/data/processed
Scramble 96 of 200 done
(234,300 real changes made)
(81,800 real changes made)
(117,200 observations deleted)
/Users/mac/JPE-replications/JPE-Mitman-2016256/replication-package/replication-
> package/output/factor_inputs
/Users/mac/JPE-replications/JPE-Mitman-2016256/replication-package/replication-
> package/output/factor_inputs/Scramble97
(file N.txt not found)
/Users/mac/JPE-replications/JPE-Mitman-2016256/replication-package/replication-
> package/data/processed
Scramble 97 of 200 done
(234,300 real changes made)
(78,600 real changes made)
(117,200 observations deleted)
/Users/mac/JPE-replications/JPE-Mitman-2016256/replication-package/replication-
> package/output/factor_inputs
/Users/mac/JPE-replications/JPE-Mitman-2016256/replication-package/replication-
> package/output/factor_inputs/Scramble98
(file N.txt not found)
/Users/mac/JPE-replications/JPE-Mitman-2016256/replication-package/replication-
> package/data/processed
Scramble 98 of 200 done
(234,100 real changes made)
(81,200 real changes made)
(117,200 observations deleted)
/Users/mac/JPE-replications/JPE-Mitman-2016256/replication-package/replication-
> package/output/factor_inputs
/Users/mac/JPE-replications/JPE-Mitman-2016256/replication-package/replication-
> package/output/factor_inputs/Scramble99
(file N.txt not found)
/Users/mac/JPE-replications/JPE-Mitman-2016256/replication-package/replication-
> package/data/processed
Scramble 99 of 200 done
(234,300 real changes made)
(77,000 real changes made)
(117,200 observations deleted)
/Users/mac/JPE-replications/JPE-Mitman-2016256/replication-package/replication-
> package/output/factor_inputs
/Users/mac/JPE-replications/JPE-Mitman-2016256/replication-package/replication-
> package/output/factor_inputs/Scramble100
(file N.txt not found)
/Users/mac/JPE-replications/JPE-Mitman-2016256/replication-package/replication-
> package/data/processed
Scramble 100 of 200 done
(234,200 real changes made)
(78,000 real changes made)
(117,200 observations deleted)
/Users/mac/JPE-replications/JPE-Mitman-2016256/replication-package/replication-
> package/output/factor_inputs
/Users/mac/JPE-replications/JPE-Mitman-2016256/replication-package/replication-
> package/output/factor_inputs/Scramble101
(file N.txt not found)
/Users/mac/JPE-replications/JPE-Mitman-2016256/replication-package/replication-
> package/data/processed
Scramble 101 of 200 done
(234,300 real changes made)
(78,800 real changes made)
(117,200 observations deleted)
/Users/mac/JPE-replications/JPE-Mitman-2016256/replication-package/replication-
> package/output/factor_inputs
/Users/mac/JPE-replications/JPE-Mitman-2016256/replication-package/replication-
> package/output/factor_inputs/Scramble102
(file N.txt not found)
/Users/mac/JPE-replications/JPE-Mitman-2016256/replication-package/replication-
> package/data/processed
Scramble 102 of 200 done
(234,200 real changes made)
(78,800 real changes made)
(117,200 observations deleted)
/Users/mac/JPE-replications/JPE-Mitman-2016256/replication-package/replication-
> package/output/factor_inputs
/Users/mac/JPE-replications/JPE-Mitman-2016256/replication-package/replication-
> package/output/factor_inputs/Scramble103
(file N.txt not found)
/Users/mac/JPE-replications/JPE-Mitman-2016256/replication-package/replication-
> package/data/processed
Scramble 103 of 200 done
(234,400 real changes made)
(78,000 real changes made)
(117,200 observations deleted)
/Users/mac/JPE-replications/JPE-Mitman-2016256/replication-package/replication-
> package/output/factor_inputs
/Users/mac/JPE-replications/JPE-Mitman-2016256/replication-package/replication-
> package/output/factor_inputs/Scramble104
(file N.txt not found)
/Users/mac/JPE-replications/JPE-Mitman-2016256/replication-package/replication-
> package/data/processed
Scramble 104 of 200 done
(234,200 real changes made)
(78,600 real changes made)
(117,200 observations deleted)
/Users/mac/JPE-replications/JPE-Mitman-2016256/replication-package/replication-
> package/output/factor_inputs
/Users/mac/JPE-replications/JPE-Mitman-2016256/replication-package/replication-
> package/output/factor_inputs/Scramble105
(file N.txt not found)
/Users/mac/JPE-replications/JPE-Mitman-2016256/replication-package/replication-
> package/data/processed
Scramble 105 of 200 done
(234,300 real changes made)
(77,800 real changes made)
(117,200 observations deleted)
/Users/mac/JPE-replications/JPE-Mitman-2016256/replication-package/replication-
> package/output/factor_inputs
/Users/mac/JPE-replications/JPE-Mitman-2016256/replication-package/replication-
> package/output/factor_inputs/Scramble106
(file N.txt not found)
/Users/mac/JPE-replications/JPE-Mitman-2016256/replication-package/replication-
> package/data/processed
Scramble 106 of 200 done
(234,000 real changes made)
(79,000 real changes made)
(117,200 observations deleted)
/Users/mac/JPE-replications/JPE-Mitman-2016256/replication-package/replication-
> package/output/factor_inputs
/Users/mac/JPE-replications/JPE-Mitman-2016256/replication-package/replication-
> package/output/factor_inputs/Scramble107
(file N.txt not found)
/Users/mac/JPE-replications/JPE-Mitman-2016256/replication-package/replication-
> package/data/processed
Scramble 107 of 200 done
(234,200 real changes made)
(82,400 real changes made)
(117,200 observations deleted)
/Users/mac/JPE-replications/JPE-Mitman-2016256/replication-package/replication-
> package/output/factor_inputs
/Users/mac/JPE-replications/JPE-Mitman-2016256/replication-package/replication-
> package/output/factor_inputs/Scramble108
(file N.txt not found)
/Users/mac/JPE-replications/JPE-Mitman-2016256/replication-package/replication-
> package/data/processed
Scramble 108 of 200 done
(234,300 real changes made)
(78,600 real changes made)
(117,200 observations deleted)
/Users/mac/JPE-replications/JPE-Mitman-2016256/replication-package/replication-
> package/output/factor_inputs
/Users/mac/JPE-replications/JPE-Mitman-2016256/replication-package/replication-
> package/output/factor_inputs/Scramble109
(file N.txt not found)
/Users/mac/JPE-replications/JPE-Mitman-2016256/replication-package/replication-
> package/data/processed
Scramble 109 of 200 done
(234,200 real changes made)
(78,200 real changes made)
(117,200 observations deleted)
/Users/mac/JPE-replications/JPE-Mitman-2016256/replication-package/replication-
> package/output/factor_inputs
/Users/mac/JPE-replications/JPE-Mitman-2016256/replication-package/replication-
> package/output/factor_inputs/Scramble110
(file N.txt not found)
/Users/mac/JPE-replications/JPE-Mitman-2016256/replication-package/replication-
> package/data/processed
Scramble 110 of 200 done
(234,400 real changes made)
(79,200 real changes made)
(117,200 observations deleted)
/Users/mac/JPE-replications/JPE-Mitman-2016256/replication-package/replication-
> package/output/factor_inputs
/Users/mac/JPE-replications/JPE-Mitman-2016256/replication-package/replication-
> package/output/factor_inputs/Scramble111
(file N.txt not found)
/Users/mac/JPE-replications/JPE-Mitman-2016256/replication-package/replication-
> package/data/processed
Scramble 111 of 200 done
(234,400 real changes made)
(76,400 real changes made)
(117,200 observations deleted)
/Users/mac/JPE-replications/JPE-Mitman-2016256/replication-package/replication-
> package/output/factor_inputs
/Users/mac/JPE-replications/JPE-Mitman-2016256/replication-package/replication-
> package/output/factor_inputs/Scramble112
(file N.txt not found)
/Users/mac/JPE-replications/JPE-Mitman-2016256/replication-package/replication-
> package/data/processed
Scramble 112 of 200 done
(234,200 real changes made)
(80,600 real changes made)
(117,200 observations deleted)
/Users/mac/JPE-replications/JPE-Mitman-2016256/replication-package/replication-
> package/output/factor_inputs
/Users/mac/JPE-replications/JPE-Mitman-2016256/replication-package/replication-
> package/output/factor_inputs/Scramble113
(file N.txt not found)
/Users/mac/JPE-replications/JPE-Mitman-2016256/replication-package/replication-
> package/data/processed
Scramble 113 of 200 done
(234,100 real changes made)
(79,400 real changes made)
(117,200 observations deleted)
/Users/mac/JPE-replications/JPE-Mitman-2016256/replication-package/replication-
> package/output/factor_inputs
/Users/mac/JPE-replications/JPE-Mitman-2016256/replication-package/replication-
> package/output/factor_inputs/Scramble114
(file N.txt not found)
/Users/mac/JPE-replications/JPE-Mitman-2016256/replication-package/replication-
> package/data/processed
Scramble 114 of 200 done
(234,300 real changes made)
(77,400 real changes made)
(117,200 observations deleted)
/Users/mac/JPE-replications/JPE-Mitman-2016256/replication-package/replication-
> package/output/factor_inputs
/Users/mac/JPE-replications/JPE-Mitman-2016256/replication-package/replication-
> package/output/factor_inputs/Scramble115
(file N.txt not found)
/Users/mac/JPE-replications/JPE-Mitman-2016256/replication-package/replication-
> package/data/processed
Scramble 115 of 200 done
(234,400 real changes made)
(79,200 real changes made)
(117,200 observations deleted)
/Users/mac/JPE-replications/JPE-Mitman-2016256/replication-package/replication-
> package/output/factor_inputs
/Users/mac/JPE-replications/JPE-Mitman-2016256/replication-package/replication-
> package/output/factor_inputs/Scramble116
(file N.txt not found)
/Users/mac/JPE-replications/JPE-Mitman-2016256/replication-package/replication-
> package/data/processed
Scramble 116 of 200 done
(234,200 real changes made)
(78,000 real changes made)
(117,200 observations deleted)
/Users/mac/JPE-replications/JPE-Mitman-2016256/replication-package/replication-
> package/output/factor_inputs
/Users/mac/JPE-replications/JPE-Mitman-2016256/replication-package/replication-
> package/output/factor_inputs/Scramble117
(file N.txt not found)
/Users/mac/JPE-replications/JPE-Mitman-2016256/replication-package/replication-
> package/data/processed
Scramble 117 of 200 done
(234,200 real changes made)
(80,200 real changes made)
(117,200 observations deleted)
/Users/mac/JPE-replications/JPE-Mitman-2016256/replication-package/replication-
> package/output/factor_inputs
/Users/mac/JPE-replications/JPE-Mitman-2016256/replication-package/replication-
> package/output/factor_inputs/Scramble118
(file N.txt not found)
/Users/mac/JPE-replications/JPE-Mitman-2016256/replication-package/replication-
> package/data/processed
Scramble 118 of 200 done
(234,200 real changes made)
(79,800 real changes made)
(117,200 observations deleted)
/Users/mac/JPE-replications/JPE-Mitman-2016256/replication-package/replication-
> package/output/factor_inputs
/Users/mac/JPE-replications/JPE-Mitman-2016256/replication-package/replication-
> package/output/factor_inputs/Scramble119
(file N.txt not found)
/Users/mac/JPE-replications/JPE-Mitman-2016256/replication-package/replication-
> package/data/processed
Scramble 119 of 200 done
(233,900 real changes made)
(76,600 real changes made)
(117,200 observations deleted)
/Users/mac/JPE-replications/JPE-Mitman-2016256/replication-package/replication-
> package/output/factor_inputs
/Users/mac/JPE-replications/JPE-Mitman-2016256/replication-package/replication-
> package/output/factor_inputs/Scramble120
(file N.txt not found)
/Users/mac/JPE-replications/JPE-Mitman-2016256/replication-package/replication-
> package/data/processed
Scramble 120 of 200 done
(234,400 real changes made)
(82,600 real changes made)
(117,200 observations deleted)
/Users/mac/JPE-replications/JPE-Mitman-2016256/replication-package/replication-
> package/output/factor_inputs
/Users/mac/JPE-replications/JPE-Mitman-2016256/replication-package/replication-
> package/output/factor_inputs/Scramble121
(file N.txt not found)
/Users/mac/JPE-replications/JPE-Mitman-2016256/replication-package/replication-
> package/data/processed
Scramble 121 of 200 done
(234,200 real changes made)
(74,400 real changes made)
(117,200 observations deleted)
/Users/mac/JPE-replications/JPE-Mitman-2016256/replication-package/replication-
> package/output/factor_inputs
/Users/mac/JPE-replications/JPE-Mitman-2016256/replication-package/replication-
> package/output/factor_inputs/Scramble122
(file N.txt not found)
/Users/mac/JPE-replications/JPE-Mitman-2016256/replication-package/replication-
> package/data/processed
Scramble 122 of 200 done
(234,300 real changes made)
(74,800 real changes made)
(117,200 observations deleted)
/Users/mac/JPE-replications/JPE-Mitman-2016256/replication-package/replication-
> package/output/factor_inputs
/Users/mac/JPE-replications/JPE-Mitman-2016256/replication-package/replication-
> package/output/factor_inputs/Scramble123
(file N.txt not found)
/Users/mac/JPE-replications/JPE-Mitman-2016256/replication-package/replication-
> package/data/processed
Scramble 123 of 200 done
(234,100 real changes made)
(81,400 real changes made)
(117,200 observations deleted)
/Users/mac/JPE-replications/JPE-Mitman-2016256/replication-package/replication-
> package/output/factor_inputs
/Users/mac/JPE-replications/JPE-Mitman-2016256/replication-package/replication-
> package/output/factor_inputs/Scramble124
(file N.txt not found)
/Users/mac/JPE-replications/JPE-Mitman-2016256/replication-package/replication-
> package/data/processed
Scramble 124 of 200 done
(234,300 real changes made)
(75,400 real changes made)
(117,200 observations deleted)
/Users/mac/JPE-replications/JPE-Mitman-2016256/replication-package/replication-
> package/output/factor_inputs
/Users/mac/JPE-replications/JPE-Mitman-2016256/replication-package/replication-
> package/output/factor_inputs/Scramble125
(file N.txt not found)
/Users/mac/JPE-replications/JPE-Mitman-2016256/replication-package/replication-
> package/data/processed
Scramble 125 of 200 done
(234,300 real changes made)
(74,400 real changes made)
(117,200 observations deleted)
/Users/mac/JPE-replications/JPE-Mitman-2016256/replication-package/replication-
> package/output/factor_inputs
/Users/mac/JPE-replications/JPE-Mitman-2016256/replication-package/replication-
> package/output/factor_inputs/Scramble126
(file N.txt not found)
/Users/mac/JPE-replications/JPE-Mitman-2016256/replication-package/replication-
> package/data/processed
Scramble 126 of 200 done
(234,100 real changes made)
(77,200 real changes made)
(117,200 observations deleted)
/Users/mac/JPE-replications/JPE-Mitman-2016256/replication-package/replication-
> package/output/factor_inputs
/Users/mac/JPE-replications/JPE-Mitman-2016256/replication-package/replication-
> package/output/factor_inputs/Scramble127
(file N.txt not found)
/Users/mac/JPE-replications/JPE-Mitman-2016256/replication-package/replication-
> package/data/processed
Scramble 127 of 200 done
(234,200 real changes made)
(83,400 real changes made)
(117,200 observations deleted)
/Users/mac/JPE-replications/JPE-Mitman-2016256/replication-package/replication-
> package/output/factor_inputs
/Users/mac/JPE-replications/JPE-Mitman-2016256/replication-package/replication-
> package/output/factor_inputs/Scramble128
(file N.txt not found)
/Users/mac/JPE-replications/JPE-Mitman-2016256/replication-package/replication-
> package/data/processed
Scramble 128 of 200 done
(234,300 real changes made)
(78,600 real changes made)
(117,200 observations deleted)
/Users/mac/JPE-replications/JPE-Mitman-2016256/replication-package/replication-
> package/output/factor_inputs
/Users/mac/JPE-replications/JPE-Mitman-2016256/replication-package/replication-
> package/output/factor_inputs/Scramble129
(file N.txt not found)
/Users/mac/JPE-replications/JPE-Mitman-2016256/replication-package/replication-
> package/data/processed
Scramble 129 of 200 done
(234,300 real changes made)
(78,000 real changes made)
(117,200 observations deleted)
/Users/mac/JPE-replications/JPE-Mitman-2016256/replication-package/replication-
> package/output/factor_inputs
/Users/mac/JPE-replications/JPE-Mitman-2016256/replication-package/replication-
> package/output/factor_inputs/Scramble130
(file N.txt not found)
/Users/mac/JPE-replications/JPE-Mitman-2016256/replication-package/replication-
> package/data/processed
Scramble 130 of 200 done
(234,100 real changes made)
(76,400 real changes made)
(117,200 observations deleted)
/Users/mac/JPE-replications/JPE-Mitman-2016256/replication-package/replication-
> package/output/factor_inputs
/Users/mac/JPE-replications/JPE-Mitman-2016256/replication-package/replication-
> package/output/factor_inputs/Scramble131
(file N.txt not found)
/Users/mac/JPE-replications/JPE-Mitman-2016256/replication-package/replication-
> package/data/processed
Scramble 131 of 200 done
(234,400 real changes made)
(79,000 real changes made)
(117,200 observations deleted)
/Users/mac/JPE-replications/JPE-Mitman-2016256/replication-package/replication-
> package/output/factor_inputs
/Users/mac/JPE-replications/JPE-Mitman-2016256/replication-package/replication-
> package/output/factor_inputs/Scramble132
(file N.txt not found)
/Users/mac/JPE-replications/JPE-Mitman-2016256/replication-package/replication-
> package/data/processed
Scramble 132 of 200 done
(234,100 real changes made)
(82,000 real changes made)
(117,200 observations deleted)
/Users/mac/JPE-replications/JPE-Mitman-2016256/replication-package/replication-
> package/output/factor_inputs
/Users/mac/JPE-replications/JPE-Mitman-2016256/replication-package/replication-
> package/output/factor_inputs/Scramble133
(file N.txt not found)
/Users/mac/JPE-replications/JPE-Mitman-2016256/replication-package/replication-
> package/data/processed
Scramble 133 of 200 done
(234,100 real changes made)
(77,200 real changes made)
(117,200 observations deleted)
/Users/mac/JPE-replications/JPE-Mitman-2016256/replication-package/replication-
> package/output/factor_inputs
/Users/mac/JPE-replications/JPE-Mitman-2016256/replication-package/replication-
> package/output/factor_inputs/Scramble134
(file N.txt not found)
/Users/mac/JPE-replications/JPE-Mitman-2016256/replication-package/replication-
> package/data/processed
Scramble 134 of 200 done
(234,100 real changes made)
(75,800 real changes made)
(117,200 observations deleted)
/Users/mac/JPE-replications/JPE-Mitman-2016256/replication-package/replication-
> package/output/factor_inputs
/Users/mac/JPE-replications/JPE-Mitman-2016256/replication-package/replication-
> package/output/factor_inputs/Scramble135
(file N.txt not found)
/Users/mac/JPE-replications/JPE-Mitman-2016256/replication-package/replication-
> package/data/processed
Scramble 135 of 200 done
(234,100 real changes made)
(82,000 real changes made)
(117,200 observations deleted)
/Users/mac/JPE-replications/JPE-Mitman-2016256/replication-package/replication-
> package/output/factor_inputs
/Users/mac/JPE-replications/JPE-Mitman-2016256/replication-package/replication-
> package/output/factor_inputs/Scramble136
(file N.txt not found)
/Users/mac/JPE-replications/JPE-Mitman-2016256/replication-package/replication-
> package/data/processed
Scramble 136 of 200 done
(234,000 real changes made)
(76,600 real changes made)
(117,200 observations deleted)
/Users/mac/JPE-replications/JPE-Mitman-2016256/replication-package/replication-
> package/output/factor_inputs
/Users/mac/JPE-replications/JPE-Mitman-2016256/replication-package/replication-
> package/output/factor_inputs/Scramble137
(file N.txt not found)
/Users/mac/JPE-replications/JPE-Mitman-2016256/replication-package/replication-
> package/data/processed
Scramble 137 of 200 done
(234,000 real changes made)
(78,600 real changes made)
(117,200 observations deleted)
/Users/mac/JPE-replications/JPE-Mitman-2016256/replication-package/replication-
> package/output/factor_inputs
/Users/mac/JPE-replications/JPE-Mitman-2016256/replication-package/replication-
> package/output/factor_inputs/Scramble138
(file N.txt not found)
/Users/mac/JPE-replications/JPE-Mitman-2016256/replication-package/replication-
> package/data/processed
Scramble 138 of 200 done
(234,100 real changes made)
(78,600 real changes made)
(117,200 observations deleted)
/Users/mac/JPE-replications/JPE-Mitman-2016256/replication-package/replication-
> package/output/factor_inputs
/Users/mac/JPE-replications/JPE-Mitman-2016256/replication-package/replication-
> package/output/factor_inputs/Scramble139
(file N.txt not found)
/Users/mac/JPE-replications/JPE-Mitman-2016256/replication-package/replication-
> package/data/processed
Scramble 139 of 200 done
(234,300 real changes made)
(80,600 real changes made)
(117,200 observations deleted)
/Users/mac/JPE-replications/JPE-Mitman-2016256/replication-package/replication-
> package/output/factor_inputs
/Users/mac/JPE-replications/JPE-Mitman-2016256/replication-package/replication-
> package/output/factor_inputs/Scramble140
(file N.txt not found)
/Users/mac/JPE-replications/JPE-Mitman-2016256/replication-package/replication-
> package/data/processed
Scramble 140 of 200 done
(234,300 real changes made)
(80,400 real changes made)
(117,200 observations deleted)
/Users/mac/JPE-replications/JPE-Mitman-2016256/replication-package/replication-
> package/output/factor_inputs
/Users/mac/JPE-replications/JPE-Mitman-2016256/replication-package/replication-
> package/output/factor_inputs/Scramble141
(file N.txt not found)
/Users/mac/JPE-replications/JPE-Mitman-2016256/replication-package/replication-
> package/data/processed
Scramble 141 of 200 done
(234,300 real changes made)
(77,000 real changes made)
(117,200 observations deleted)
/Users/mac/JPE-replications/JPE-Mitman-2016256/replication-package/replication-
> package/output/factor_inputs
/Users/mac/JPE-replications/JPE-Mitman-2016256/replication-package/replication-
> package/output/factor_inputs/Scramble142
(file N.txt not found)
/Users/mac/JPE-replications/JPE-Mitman-2016256/replication-package/replication-
> package/data/processed
Scramble 142 of 200 done
(234,200 real changes made)
(83,000 real changes made)
(117,200 observations deleted)
/Users/mac/JPE-replications/JPE-Mitman-2016256/replication-package/replication-
> package/output/factor_inputs
/Users/mac/JPE-replications/JPE-Mitman-2016256/replication-package/replication-
> package/output/factor_inputs/Scramble143
(file N.txt not found)
/Users/mac/JPE-replications/JPE-Mitman-2016256/replication-package/replication-
> package/data/processed
Scramble 143 of 200 done
(233,900 real changes made)
(79,000 real changes made)
(117,200 observations deleted)
/Users/mac/JPE-replications/JPE-Mitman-2016256/replication-package/replication-
> package/output/factor_inputs
/Users/mac/JPE-replications/JPE-Mitman-2016256/replication-package/replication-
> package/output/factor_inputs/Scramble144
(file N.txt not found)
/Users/mac/JPE-replications/JPE-Mitman-2016256/replication-package/replication-
> package/data/processed
Scramble 144 of 200 done
(234,300 real changes made)
(77,800 real changes made)
(117,200 observations deleted)
/Users/mac/JPE-replications/JPE-Mitman-2016256/replication-package/replication-
> package/output/factor_inputs
/Users/mac/JPE-replications/JPE-Mitman-2016256/replication-package/replication-
> package/output/factor_inputs/Scramble145
(file N.txt not found)
/Users/mac/JPE-replications/JPE-Mitman-2016256/replication-package/replication-
> package/data/processed
Scramble 145 of 200 done
(234,300 real changes made)
(82,000 real changes made)
(117,200 observations deleted)
/Users/mac/JPE-replications/JPE-Mitman-2016256/replication-package/replication-
> package/output/factor_inputs
/Users/mac/JPE-replications/JPE-Mitman-2016256/replication-package/replication-
> package/output/factor_inputs/Scramble146
(file N.txt not found)
/Users/mac/JPE-replications/JPE-Mitman-2016256/replication-package/replication-
> package/data/processed
Scramble 146 of 200 done
(234,100 real changes made)
(77,600 real changes made)
(117,200 observations deleted)
/Users/mac/JPE-replications/JPE-Mitman-2016256/replication-package/replication-
> package/output/factor_inputs
/Users/mac/JPE-replications/JPE-Mitman-2016256/replication-package/replication-
> package/output/factor_inputs/Scramble147
(file N.txt not found)
/Users/mac/JPE-replications/JPE-Mitman-2016256/replication-package/replication-
> package/data/processed
Scramble 147 of 200 done
(234,300 real changes made)
(78,000 real changes made)
(117,200 observations deleted)
/Users/mac/JPE-replications/JPE-Mitman-2016256/replication-package/replication-
> package/output/factor_inputs
/Users/mac/JPE-replications/JPE-Mitman-2016256/replication-package/replication-
> package/output/factor_inputs/Scramble148
(file N.txt not found)
/Users/mac/JPE-replications/JPE-Mitman-2016256/replication-package/replication-
> package/data/processed
Scramble 148 of 200 done
(234,200 real changes made)
(78,600 real changes made)
(117,200 observations deleted)
/Users/mac/JPE-replications/JPE-Mitman-2016256/replication-package/replication-
> package/output/factor_inputs
/Users/mac/JPE-replications/JPE-Mitman-2016256/replication-package/replication-
> package/output/factor_inputs/Scramble149
(file N.txt not found)
/Users/mac/JPE-replications/JPE-Mitman-2016256/replication-package/replication-
> package/data/processed
Scramble 149 of 200 done
(234,300 real changes made)
(81,200 real changes made)
(117,200 observations deleted)
/Users/mac/JPE-replications/JPE-Mitman-2016256/replication-package/replication-
> package/output/factor_inputs
/Users/mac/JPE-replications/JPE-Mitman-2016256/replication-package/replication-
> package/output/factor_inputs/Scramble150
(file N.txt not found)
/Users/mac/JPE-replications/JPE-Mitman-2016256/replication-package/replication-
> package/data/processed
Scramble 150 of 200 done
(234,300 real changes made)
(78,000 real changes made)
(117,200 observations deleted)
/Users/mac/JPE-replications/JPE-Mitman-2016256/replication-package/replication-
> package/output/factor_inputs
/Users/mac/JPE-replications/JPE-Mitman-2016256/replication-package/replication-
> package/output/factor_inputs/Scramble151
(file N.txt not found)
/Users/mac/JPE-replications/JPE-Mitman-2016256/replication-package/replication-
> package/data/processed
Scramble 151 of 200 done
(234,100 real changes made)
(79,400 real changes made)
(117,200 observations deleted)
/Users/mac/JPE-replications/JPE-Mitman-2016256/replication-package/replication-
> package/output/factor_inputs
/Users/mac/JPE-replications/JPE-Mitman-2016256/replication-package/replication-
> package/output/factor_inputs/Scramble152
(file N.txt not found)
/Users/mac/JPE-replications/JPE-Mitman-2016256/replication-package/replication-
> package/data/processed
Scramble 152 of 200 done
(234,300 real changes made)
(78,200 real changes made)
(117,200 observations deleted)
/Users/mac/JPE-replications/JPE-Mitman-2016256/replication-package/replication-
> package/output/factor_inputs
/Users/mac/JPE-replications/JPE-Mitman-2016256/replication-package/replication-
> package/output/factor_inputs/Scramble153
(file N.txt not found)
/Users/mac/JPE-replications/JPE-Mitman-2016256/replication-package/replication-
> package/data/processed
Scramble 153 of 200 done
(234,200 real changes made)
(76,200 real changes made)
(117,200 observations deleted)
/Users/mac/JPE-replications/JPE-Mitman-2016256/replication-package/replication-
> package/output/factor_inputs
/Users/mac/JPE-replications/JPE-Mitman-2016256/replication-package/replication-
> package/output/factor_inputs/Scramble154
(file N.txt not found)
/Users/mac/JPE-replications/JPE-Mitman-2016256/replication-package/replication-
> package/data/processed
Scramble 154 of 200 done
(234,200 real changes made)
(77,600 real changes made)
(117,200 observations deleted)
/Users/mac/JPE-replications/JPE-Mitman-2016256/replication-package/replication-
> package/output/factor_inputs
/Users/mac/JPE-replications/JPE-Mitman-2016256/replication-package/replication-
> package/output/factor_inputs/Scramble155
(file N.txt not found)
/Users/mac/JPE-replications/JPE-Mitman-2016256/replication-package/replication-
> package/data/processed
Scramble 155 of 200 done
(234,100 real changes made)
(79,400 real changes made)
(117,200 observations deleted)
/Users/mac/JPE-replications/JPE-Mitman-2016256/replication-package/replication-
> package/output/factor_inputs
/Users/mac/JPE-replications/JPE-Mitman-2016256/replication-package/replication-
> package/output/factor_inputs/Scramble156
(file N.txt not found)
/Users/mac/JPE-replications/JPE-Mitman-2016256/replication-package/replication-
> package/data/processed
Scramble 156 of 200 done
(234,100 real changes made)
(79,800 real changes made)
(117,200 observations deleted)
/Users/mac/JPE-replications/JPE-Mitman-2016256/replication-package/replication-
> package/output/factor_inputs
/Users/mac/JPE-replications/JPE-Mitman-2016256/replication-package/replication-
> package/output/factor_inputs/Scramble157
(file N.txt not found)
/Users/mac/JPE-replications/JPE-Mitman-2016256/replication-package/replication-
> package/data/processed
Scramble 157 of 200 done
(234,400 real changes made)
(76,800 real changes made)
(117,200 observations deleted)
/Users/mac/JPE-replications/JPE-Mitman-2016256/replication-package/replication-
> package/output/factor_inputs
/Users/mac/JPE-replications/JPE-Mitman-2016256/replication-package/replication-
> package/output/factor_inputs/Scramble158
(file N.txt not found)
/Users/mac/JPE-replications/JPE-Mitman-2016256/replication-package/replication-
> package/data/processed
Scramble 158 of 200 done
(234,200 real changes made)
(77,000 real changes made)
(117,200 observations deleted)
/Users/mac/JPE-replications/JPE-Mitman-2016256/replication-package/replication-
> package/output/factor_inputs
/Users/mac/JPE-replications/JPE-Mitman-2016256/replication-package/replication-
> package/output/factor_inputs/Scramble159
(file N.txt not found)
/Users/mac/JPE-replications/JPE-Mitman-2016256/replication-package/replication-
> package/data/processed
Scramble 159 of 200 done
(234,200 real changes made)
(77,400 real changes made)
(117,200 observations deleted)
/Users/mac/JPE-replications/JPE-Mitman-2016256/replication-package/replication-
> package/output/factor_inputs
/Users/mac/JPE-replications/JPE-Mitman-2016256/replication-package/replication-
> package/output/factor_inputs/Scramble160
(file N.txt not found)
/Users/mac/JPE-replications/JPE-Mitman-2016256/replication-package/replication-
> package/data/processed
Scramble 160 of 200 done
(233,900 real changes made)
(78,000 real changes made)
(117,200 observations deleted)
/Users/mac/JPE-replications/JPE-Mitman-2016256/replication-package/replication-
> package/output/factor_inputs
/Users/mac/JPE-replications/JPE-Mitman-2016256/replication-package/replication-
> package/output/factor_inputs/Scramble161
(file N.txt not found)
/Users/mac/JPE-replications/JPE-Mitman-2016256/replication-package/replication-
> package/data/processed
Scramble 161 of 200 done
(234,100 real changes made)
(77,400 real changes made)
(117,200 observations deleted)
/Users/mac/JPE-replications/JPE-Mitman-2016256/replication-package/replication-
> package/output/factor_inputs
/Users/mac/JPE-replications/JPE-Mitman-2016256/replication-package/replication-
> package/output/factor_inputs/Scramble162
(file N.txt not found)
/Users/mac/JPE-replications/JPE-Mitman-2016256/replication-package/replication-
> package/data/processed
Scramble 162 of 200 done
(234,000 real changes made)
(78,000 real changes made)
(117,200 observations deleted)
/Users/mac/JPE-replications/JPE-Mitman-2016256/replication-package/replication-
> package/output/factor_inputs
/Users/mac/JPE-replications/JPE-Mitman-2016256/replication-package/replication-
> package/output/factor_inputs/Scramble163
(file N.txt not found)
/Users/mac/JPE-replications/JPE-Mitman-2016256/replication-package/replication-
> package/data/processed
Scramble 163 of 200 done
(234,200 real changes made)
(80,400 real changes made)
(117,200 observations deleted)
/Users/mac/JPE-replications/JPE-Mitman-2016256/replication-package/replication-
> package/output/factor_inputs
/Users/mac/JPE-replications/JPE-Mitman-2016256/replication-package/replication-
> package/output/factor_inputs/Scramble164
(file N.txt not found)
/Users/mac/JPE-replications/JPE-Mitman-2016256/replication-package/replication-
> package/data/processed
Scramble 164 of 200 done
(234,300 real changes made)
(75,000 real changes made)
(117,200 observations deleted)
/Users/mac/JPE-replications/JPE-Mitman-2016256/replication-package/replication-
> package/output/factor_inputs
/Users/mac/JPE-replications/JPE-Mitman-2016256/replication-package/replication-
> package/output/factor_inputs/Scramble165
(file N.txt not found)
/Users/mac/JPE-replications/JPE-Mitman-2016256/replication-package/replication-
> package/data/processed
Scramble 165 of 200 done
(234,100 real changes made)
(77,000 real changes made)
(117,200 observations deleted)
/Users/mac/JPE-replications/JPE-Mitman-2016256/replication-package/replication-
> package/output/factor_inputs
/Users/mac/JPE-replications/JPE-Mitman-2016256/replication-package/replication-
> package/output/factor_inputs/Scramble166
(file N.txt not found)
/Users/mac/JPE-replications/JPE-Mitman-2016256/replication-package/replication-
> package/data/processed
Scramble 166 of 200 done
(234,200 real changes made)
(80,600 real changes made)
(117,200 observations deleted)
/Users/mac/JPE-replications/JPE-Mitman-2016256/replication-package/replication-
> package/output/factor_inputs
/Users/mac/JPE-replications/JPE-Mitman-2016256/replication-package/replication-
> package/output/factor_inputs/Scramble167
(file N.txt not found)
/Users/mac/JPE-replications/JPE-Mitman-2016256/replication-package/replication-
> package/data/processed
Scramble 167 of 200 done
(234,100 real changes made)
(77,400 real changes made)
(117,200 observations deleted)
/Users/mac/JPE-replications/JPE-Mitman-2016256/replication-package/replication-
> package/output/factor_inputs
/Users/mac/JPE-replications/JPE-Mitman-2016256/replication-package/replication-
> package/output/factor_inputs/Scramble168
(file N.txt not found)
/Users/mac/JPE-replications/JPE-Mitman-2016256/replication-package/replication-
> package/data/processed
Scramble 168 of 200 done
(234,100 real changes made)
(80,600 real changes made)
(117,200 observations deleted)
/Users/mac/JPE-replications/JPE-Mitman-2016256/replication-package/replication-
> package/output/factor_inputs
/Users/mac/JPE-replications/JPE-Mitman-2016256/replication-package/replication-
> package/output/factor_inputs/Scramble169
(file N.txt not found)
/Users/mac/JPE-replications/JPE-Mitman-2016256/replication-package/replication-
> package/data/processed
Scramble 169 of 200 done
(234,000 real changes made)
(78,800 real changes made)
(117,200 observations deleted)
/Users/mac/JPE-replications/JPE-Mitman-2016256/replication-package/replication-
> package/output/factor_inputs
/Users/mac/JPE-replications/JPE-Mitman-2016256/replication-package/replication-
> package/output/factor_inputs/Scramble170
(file N.txt not found)
/Users/mac/JPE-replications/JPE-Mitman-2016256/replication-package/replication-
> package/data/processed
Scramble 170 of 200 done
(234,100 real changes made)
(75,400 real changes made)
(117,200 observations deleted)
/Users/mac/JPE-replications/JPE-Mitman-2016256/replication-package/replication-
> package/output/factor_inputs
/Users/mac/JPE-replications/JPE-Mitman-2016256/replication-package/replication-
> package/output/factor_inputs/Scramble171
(file N.txt not found)
/Users/mac/JPE-replications/JPE-Mitman-2016256/replication-package/replication-
> package/data/processed
Scramble 171 of 200 done
(234,100 real changes made)
(81,400 real changes made)
(117,200 observations deleted)
/Users/mac/JPE-replications/JPE-Mitman-2016256/replication-package/replication-
> package/output/factor_inputs
/Users/mac/JPE-replications/JPE-Mitman-2016256/replication-package/replication-
> package/output/factor_inputs/Scramble172
(file N.txt not found)
/Users/mac/JPE-replications/JPE-Mitman-2016256/replication-package/replication-
> package/data/processed
Scramble 172 of 200 done
(234,200 real changes made)
(80,000 real changes made)
(117,200 observations deleted)
/Users/mac/JPE-replications/JPE-Mitman-2016256/replication-package/replication-
> package/output/factor_inputs
/Users/mac/JPE-replications/JPE-Mitman-2016256/replication-package/replication-
> package/output/factor_inputs/Scramble173
(file N.txt not found)
/Users/mac/JPE-replications/JPE-Mitman-2016256/replication-package/replication-
> package/data/processed
Scramble 173 of 200 done
(234,200 real changes made)
(79,600 real changes made)
(117,200 observations deleted)
/Users/mac/JPE-replications/JPE-Mitman-2016256/replication-package/replication-
> package/output/factor_inputs
/Users/mac/JPE-replications/JPE-Mitman-2016256/replication-package/replication-
> package/output/factor_inputs/Scramble174
(file N.txt not found)
/Users/mac/JPE-replications/JPE-Mitman-2016256/replication-package/replication-
> package/data/processed
Scramble 174 of 200 done
(233,900 real changes made)
(79,400 real changes made)
(117,200 observations deleted)
/Users/mac/JPE-replications/JPE-Mitman-2016256/replication-package/replication-
> package/output/factor_inputs
/Users/mac/JPE-replications/JPE-Mitman-2016256/replication-package/replication-
> package/output/factor_inputs/Scramble175
(file N.txt not found)
/Users/mac/JPE-replications/JPE-Mitman-2016256/replication-package/replication-
> package/data/processed
Scramble 175 of 200 done
(234,100 real changes made)
(78,000 real changes made)
(117,200 observations deleted)
/Users/mac/JPE-replications/JPE-Mitman-2016256/replication-package/replication-
> package/output/factor_inputs
/Users/mac/JPE-replications/JPE-Mitman-2016256/replication-package/replication-
> package/output/factor_inputs/Scramble176
(file N.txt not found)
/Users/mac/JPE-replications/JPE-Mitman-2016256/replication-package/replication-
> package/data/processed
Scramble 176 of 200 done
(234,200 real changes made)
(79,400 real changes made)
(117,200 observations deleted)
/Users/mac/JPE-replications/JPE-Mitman-2016256/replication-package/replication-
> package/output/factor_inputs
/Users/mac/JPE-replications/JPE-Mitman-2016256/replication-package/replication-
> package/output/factor_inputs/Scramble177
(file N.txt not found)
/Users/mac/JPE-replications/JPE-Mitman-2016256/replication-package/replication-
> package/data/processed
Scramble 177 of 200 done
(234,100 real changes made)
(81,800 real changes made)
(117,200 observations deleted)
/Users/mac/JPE-replications/JPE-Mitman-2016256/replication-package/replication-
> package/output/factor_inputs
/Users/mac/JPE-replications/JPE-Mitman-2016256/replication-package/replication-
> package/output/factor_inputs/Scramble178
(file N.txt not found)
/Users/mac/JPE-replications/JPE-Mitman-2016256/replication-package/replication-
> package/data/processed
Scramble 178 of 200 done
(234,200 real changes made)
(79,200 real changes made)
(117,200 observations deleted)
/Users/mac/JPE-replications/JPE-Mitman-2016256/replication-package/replication-
> package/output/factor_inputs
/Users/mac/JPE-replications/JPE-Mitman-2016256/replication-package/replication-
> package/output/factor_inputs/Scramble179
(file N.txt not found)
/Users/mac/JPE-replications/JPE-Mitman-2016256/replication-package/replication-
> package/data/processed
Scramble 179 of 200 done
(234,300 real changes made)
(75,000 real changes made)
(117,200 observations deleted)
/Users/mac/JPE-replications/JPE-Mitman-2016256/replication-package/replication-
> package/output/factor_inputs
/Users/mac/JPE-replications/JPE-Mitman-2016256/replication-package/replication-
> package/output/factor_inputs/Scramble180
(file N.txt not found)
/Users/mac/JPE-replications/JPE-Mitman-2016256/replication-package/replication-
> package/data/processed
Scramble 180 of 200 done
(234,200 real changes made)
(80,200 real changes made)
(117,200 observations deleted)
/Users/mac/JPE-replications/JPE-Mitman-2016256/replication-package/replication-
> package/output/factor_inputs
/Users/mac/JPE-replications/JPE-Mitman-2016256/replication-package/replication-
> package/output/factor_inputs/Scramble181
(file N.txt not found)
/Users/mac/JPE-replications/JPE-Mitman-2016256/replication-package/replication-
> package/data/processed
Scramble 181 of 200 done
(234,200 real changes made)
(80,800 real changes made)
(117,200 observations deleted)
/Users/mac/JPE-replications/JPE-Mitman-2016256/replication-package/replication-
> package/output/factor_inputs
/Users/mac/JPE-replications/JPE-Mitman-2016256/replication-package/replication-
> package/output/factor_inputs/Scramble182
(file N.txt not found)
/Users/mac/JPE-replications/JPE-Mitman-2016256/replication-package/replication-
> package/data/processed
Scramble 182 of 200 done
(234,300 real changes made)
(76,400 real changes made)
(117,200 observations deleted)
/Users/mac/JPE-replications/JPE-Mitman-2016256/replication-package/replication-
> package/output/factor_inputs
/Users/mac/JPE-replications/JPE-Mitman-2016256/replication-package/replication-
> package/output/factor_inputs/Scramble183
(file N.txt not found)
/Users/mac/JPE-replications/JPE-Mitman-2016256/replication-package/replication-
> package/data/processed
Scramble 183 of 200 done
(234,200 real changes made)
(80,400 real changes made)
(117,200 observations deleted)
/Users/mac/JPE-replications/JPE-Mitman-2016256/replication-package/replication-
> package/output/factor_inputs
/Users/mac/JPE-replications/JPE-Mitman-2016256/replication-package/replication-
> package/output/factor_inputs/Scramble184
(file N.txt not found)
/Users/mac/JPE-replications/JPE-Mitman-2016256/replication-package/replication-
> package/data/processed
Scramble 184 of 200 done
(234,100 real changes made)
(78,600 real changes made)
(117,200 observations deleted)
/Users/mac/JPE-replications/JPE-Mitman-2016256/replication-package/replication-
> package/output/factor_inputs
/Users/mac/JPE-replications/JPE-Mitman-2016256/replication-package/replication-
> package/output/factor_inputs/Scramble185
(file N.txt not found)
/Users/mac/JPE-replications/JPE-Mitman-2016256/replication-package/replication-
> package/data/processed
Scramble 185 of 200 done
(234,200 real changes made)
(72,400 real changes made)
(117,200 observations deleted)
/Users/mac/JPE-replications/JPE-Mitman-2016256/replication-package/replication-
> package/output/factor_inputs
/Users/mac/JPE-replications/JPE-Mitman-2016256/replication-package/replication-
> package/output/factor_inputs/Scramble186
(file N.txt not found)
/Users/mac/JPE-replications/JPE-Mitman-2016256/replication-package/replication-
> package/data/processed
Scramble 186 of 200 done
(234,200 real changes made)
(81,200 real changes made)
(117,200 observations deleted)
/Users/mac/JPE-replications/JPE-Mitman-2016256/replication-package/replication-
> package/output/factor_inputs
/Users/mac/JPE-replications/JPE-Mitman-2016256/replication-package/replication-
> package/output/factor_inputs/Scramble187
(file N.txt not found)
/Users/mac/JPE-replications/JPE-Mitman-2016256/replication-package/replication-
> package/data/processed
Scramble 187 of 200 done
(234,200 real changes made)
(78,000 real changes made)
(117,200 observations deleted)
/Users/mac/JPE-replications/JPE-Mitman-2016256/replication-package/replication-
> package/output/factor_inputs
/Users/mac/JPE-replications/JPE-Mitman-2016256/replication-package/replication-
> package/output/factor_inputs/Scramble188
(file N.txt not found)
/Users/mac/JPE-replications/JPE-Mitman-2016256/replication-package/replication-
> package/data/processed
Scramble 188 of 200 done
(234,300 real changes made)
(78,800 real changes made)
(117,200 observations deleted)
/Users/mac/JPE-replications/JPE-Mitman-2016256/replication-package/replication-
> package/output/factor_inputs
/Users/mac/JPE-replications/JPE-Mitman-2016256/replication-package/replication-
> package/output/factor_inputs/Scramble189
(file N.txt not found)
/Users/mac/JPE-replications/JPE-Mitman-2016256/replication-package/replication-
> package/data/processed
Scramble 189 of 200 done
(234,300 real changes made)
(80,200 real changes made)
(117,200 observations deleted)
/Users/mac/JPE-replications/JPE-Mitman-2016256/replication-package/replication-
> package/output/factor_inputs
/Users/mac/JPE-replications/JPE-Mitman-2016256/replication-package/replication-
> package/output/factor_inputs/Scramble190
(file N.txt not found)
/Users/mac/JPE-replications/JPE-Mitman-2016256/replication-package/replication-
> package/data/processed
Scramble 190 of 200 done
(234,100 real changes made)
(79,000 real changes made)
(117,200 observations deleted)
/Users/mac/JPE-replications/JPE-Mitman-2016256/replication-package/replication-
> package/output/factor_inputs
/Users/mac/JPE-replications/JPE-Mitman-2016256/replication-package/replication-
> package/output/factor_inputs/Scramble191
(file N.txt not found)
/Users/mac/JPE-replications/JPE-Mitman-2016256/replication-package/replication-
> package/data/processed
Scramble 191 of 200 done
(234,100 real changes made)
(77,400 real changes made)
(117,200 observations deleted)
/Users/mac/JPE-replications/JPE-Mitman-2016256/replication-package/replication-
> package/output/factor_inputs
/Users/mac/JPE-replications/JPE-Mitman-2016256/replication-package/replication-
> package/output/factor_inputs/Scramble192
(file N.txt not found)
/Users/mac/JPE-replications/JPE-Mitman-2016256/replication-package/replication-
> package/data/processed
Scramble 192 of 200 done
(234,200 real changes made)
(79,000 real changes made)
(117,200 observations deleted)
/Users/mac/JPE-replications/JPE-Mitman-2016256/replication-package/replication-
> package/output/factor_inputs
/Users/mac/JPE-replications/JPE-Mitman-2016256/replication-package/replication-
> package/output/factor_inputs/Scramble193
(file N.txt not found)
/Users/mac/JPE-replications/JPE-Mitman-2016256/replication-package/replication-
> package/data/processed
Scramble 193 of 200 done
(234,000 real changes made)
(77,800 real changes made)
(117,200 observations deleted)
/Users/mac/JPE-replications/JPE-Mitman-2016256/replication-package/replication-
> package/output/factor_inputs
/Users/mac/JPE-replications/JPE-Mitman-2016256/replication-package/replication-
> package/output/factor_inputs/Scramble194
(file N.txt not found)
/Users/mac/JPE-replications/JPE-Mitman-2016256/replication-package/replication-
> package/data/processed
Scramble 194 of 200 done
(234,400 real changes made)
(81,000 real changes made)
(117,200 observations deleted)
/Users/mac/JPE-replications/JPE-Mitman-2016256/replication-package/replication-
> package/output/factor_inputs
/Users/mac/JPE-replications/JPE-Mitman-2016256/replication-package/replication-
> package/output/factor_inputs/Scramble195
(file N.txt not found)
/Users/mac/JPE-replications/JPE-Mitman-2016256/replication-package/replication-
> package/data/processed
Scramble 195 of 200 done
(234,100 real changes made)
(77,400 real changes made)
(117,200 observations deleted)
/Users/mac/JPE-replications/JPE-Mitman-2016256/replication-package/replication-
> package/output/factor_inputs
/Users/mac/JPE-replications/JPE-Mitman-2016256/replication-package/replication-
> package/output/factor_inputs/Scramble196
(file N.txt not found)
/Users/mac/JPE-replications/JPE-Mitman-2016256/replication-package/replication-
> package/data/processed
Scramble 196 of 200 done
(234,200 real changes made)
(77,600 real changes made)
(117,200 observations deleted)
/Users/mac/JPE-replications/JPE-Mitman-2016256/replication-package/replication-
> package/output/factor_inputs
/Users/mac/JPE-replications/JPE-Mitman-2016256/replication-package/replication-
> package/output/factor_inputs/Scramble197
(file N.txt not found)
/Users/mac/JPE-replications/JPE-Mitman-2016256/replication-package/replication-
> package/data/processed
Scramble 197 of 200 done
(234,100 real changes made)
(80,400 real changes made)
(117,200 observations deleted)
/Users/mac/JPE-replications/JPE-Mitman-2016256/replication-package/replication-
> package/output/factor_inputs
/Users/mac/JPE-replications/JPE-Mitman-2016256/replication-package/replication-
> package/output/factor_inputs/Scramble198
(file N.txt not found)
/Users/mac/JPE-replications/JPE-Mitman-2016256/replication-package/replication-
> package/data/processed
Scramble 198 of 200 done
(233,900 real changes made)
(82,600 real changes made)
(117,200 observations deleted)
/Users/mac/JPE-replications/JPE-Mitman-2016256/replication-package/replication-
> package/output/factor_inputs
/Users/mac/JPE-replications/JPE-Mitman-2016256/replication-package/replication-
> package/output/factor_inputs/Scramble199
(file N.txt not found)
/Users/mac/JPE-replications/JPE-Mitman-2016256/replication-package/replication-
> package/data/processed
Scramble 199 of 200 done
(234,100 real changes made)
(80,000 real changes made)
(117,200 observations deleted)
/Users/mac/JPE-replications/JPE-Mitman-2016256/replication-package/replication-
> package/output/factor_inputs
/Users/mac/JPE-replications/JPE-Mitman-2016256/replication-package/replication-
> package/output/factor_inputs/Scramble200
(file N.txt not found)
/Users/mac/JPE-replications/JPE-Mitman-2016256/replication-package/replication-
> package/data/processed
Scramble 200 of 200 done

. restore

. 
. // Save the OLS scramble distributions to output/.
. // Scrambles_OLS_baseline.csv: 200 rows x 4 cols = [coef, se, N, R^2] per scr
> amble
. // Scrambles_OLS_prodall.csv:  200 rows x 6 cols = [b_coef, b_se, prod_coef, 
> prod_se, N, R^2]
. clear

. svmat scramble_ols_base
number of observations will be reset to 200
Press any key to continue, or Break to abort
Number of observations (_N) was 0, now 200.

. qui outsheet using "${latexdir}Scrambles_OLS_baseline.csv", comma nonames rep
> lace

. 
. clear

. svmat scramble_ols_prod
number of observations will be reset to 200
Press any key to continue, or Break to abort
Number of observations (_N) was 0, now 200.

. qui outsheet using "${latexdir}Scrambles_OLS_prodall.csv", comma nonames repl
> ace

. 
. cd "${CodeDirec}"
/Users/mac/JPE-replications/JPE-Mitman-2016256/replication-package/replication-
> package/code/exporters

. 
end of do-file
