
  ___  ____  ____  ____  ____ ®
 /__    /   ____/   /   ____/      StataNow 19.5
___/   /   /___/   /   /___/       MP—Parallel Edition

 Statistics and Data Science       Copyright 1985-2025 StataCorp LLC
                                   StataCorp
                                   4905 Lakeway Drive
                                   College Station, Texas 77845 USA
                                   800-782-8272        https://www.stata.com
                                   979-696-4600        service@stata.com

Stata license: Unlimited-user 2-core network, expiring  8 Jun 2027
Serial number: 501909302568
  Licensed to: wiktorze
               Sciences Po

Notes:
      1. Stata is running in batch mode.
      2. Unicode is supported; see help unicode_advice.
      3. More than 2 billion observations are allowed; see help obs_advice.
      4. Maximum number of variables is set to 5,000 but can be increased;
          see help set_maxvar.

. do exporters/OutputDataSetsUIMacro_DiscFactor.do 

. * ---------------------------------------------------------------------------
. * OutputDataSetsUIMacro_DiscFactor.do  ->  output/factor_inputs/DiscFactor/
. *
. * Discount-factor robustness footnote (§baseline_results, ~L780): re-estimati
> ng the
. * baseline under beta = 0.9975 or 0.98 (vs the standard 0.99) and computing t
> he
. * permanent effect alpha_hat/(1-beta(1-s)) yields 0.484 and 0.491 (vs 0.488 a
> t 0.99).
. *
. * Both the estimated coefficient AND the mapping change with beta, because be
> ta enters
. * the 1-period quasi-difference qd = diff_logunemp - beta(1-s)*f1_diff_logune
> mp. The
. * benchmark DataControls qdk1_logunemp_rate_laus uses beta=0.99; here we RECO
> MPUTE the
. * quasi-difference at beta=0.9975 and beta=0.98 from the same pieces (diff_lo
> gunemp,
. * f1_logunemp, seprate; qdk1 = diff - 0.99*(1-seprate)*f1), then
. * re-estimate the IFE. Same Bench skeleton/sample (keep county_index==1, same
>  window
. * drop=60/trunc=8), benefit regressor diff_logmeanwks at col 4.
. *
. * QBLS columns / var_ind in Factor_FrontEnd_DiscFactor.m:
. *   1 fipsnumeric  2 year  3 quarter  4 diff_logmeanwks (benefit regressor)
. *   5 qd_b9975   (quasi-diff unemployment at beta=0.9975)   -> permanent 0.48
> 4
. *   6 qd_b98     (quasi-diff unemployment at beta=0.98)     -> permanent 0.49
> 1
. *   7 qdk1_logunemp_rate_laus  (beta=0.99 anchor)           -> permanent 0.48
> 8
. * ---------------------------------------------------------------------------
. 
. do "config.do"

. * ===========================================================================
. * config.do  --  single path configuration for the replication archive.
. *
. * HOW TO RUN: from a Stata session whose working directory is `code/`, first
. *     do "config.do"
. * then run any pipeline script (also from `code/`), e.g. `do build/UIMacro_Bu
> ildData.do`.
. * Each pipeline script re-runs this file itself, so you can also run them dir
> ectly
. * from `code/`. EDIT THE ONE LINE below to this archive's location on your ma
> chine.
. * ===========================================================================
. 
. global root "/Users/mac/JPE-replications/JPE-Mitman-2016256/replication-packa
> ge/replication-package"          //  <-- EDIT: path to this archive

. 
. * --- derived locations (do not edit) ---
. global code          "${root}/code"

. global rawdata       "${root}/data/raw"

. global processed     "${root}/data/processed"

. global output        "${root}/output"

. global tables        "${output}/tables"

. global figures       "${output}/figures"

. global factor_csv    "${output}/factor_results"      // analysis/Matlab resul
> t CSVs (make_tables reads)

. global factor_inputs "${output}/factor_inputs"       // per-pair QBLS handoff
>  (regenerated by exporters)

. global synthetic     "${root}/synthetic-data"

. 
. * --- analysis convenience: cd "${maindirectory}"; use "${CurrentData}" / "${
> DataControls}.dta" ---
. global maindirectory "${processed}/"

. global CurrentData   "UIMacro_RevisionData.dta"

. global DataControls  "UIMacro_DataControls"

. global Wages         "ProcessedWages.dta"

. global outdirectory  "${factor_inputs}/"             // exporters write QBLS 
> here

. global latexdir      "${factor_csv}/"                // analysis/Matlab resul
> t CSVs (make_tables reads)

. 
. * --- vacancy data switch ---------------------------------------------------
. * vacfile/statefile are the two PROVIDED synthetic stand-ins for the propriet
> ary HWOL
. * inputs (synthetic-data/; the confidential HWOL data are NOT in this archive
> ). To reproduce the PUBLISHED (HWOL)
. * vacancy numbers, the Data Editor replaces these two files with the licensed
>  Conference
. * Board HWOL data and re-runs. See code/build/SYNTHETIC_VACANCY_PATH.md.
. global vacfile      "${synthetic}/new_vac_synthetic.dta"

. global statefile    "${synthetic}/StateMonthlyBorderData_synthetic.dta"

. * ImputedDataBorder is a BUILT intermediate, NOT shipped: the replicator gene
> rates it by
. * running the imputation (analysis/Impute_Input.do -> matlab/Run_Impute_Borde
> r.m ->
. * analysis/Impute_to_Stata.do) on ${vacfile}; it lands in data/processed/ (sy
> nthetic by
. * default, the real version if the Data Editor swaps in HWOL).
. global ImputedFile  "${processed}/ImputedDataBorder.dta"

. 
. * --- figure styling: the published figures were drawn under the classic
. * s2color scheme; Stata 18+ defaults to stcolor, which changes gridlines,
. * markers, and legend styling. Pin the scheme so regenerated figures match.
. cap set scheme s2color

. 
. * ensure the built-output folders exist (the archive ships them empty / absen
> t)
. cap mkdir "${processed}"

. cap mkdir "${output}"

. cap mkdir "${tables}"

. cap mkdir "${figures}"

. cap mkdir "${factor_csv}"

. cap mkdir "${factor_inputs}"

. 
. local ssc_packages "reghdfe binscatter regife outreg2 ftools coefplot tuples 
> hdfe mat2txt ivreg2 ranktest"

. if !missing("`ssc_packages'") { 
.         foreach pkg in `ssc_packages' {
  2.                 capture which `pkg' 
  3.                 if _rc == 111 {
  4.                         dis "Installing `pkg'"
  5.                         ssc install `pkg', replace
  6.                         }
  7.                 which `pkg' 
  8.                 }
/Users/mac/Library/Application Support/Stata/ado/plus/r/reghdfe.ado
*! version 6.13.1 10Jan2026
/Users/mac/Library/Application Support/Stata/ado/plus/b/binscatter.ado
*! version 7.02  24nov2013  Michael Stepner, stepner@mit.edu
/Users/mac/Library/Application Support/Stata/ado/plus/r/regife.ado
/Users/mac/Library/Application Support/Stata/ado/plus/o/outreg2.ado
*! outreg2 2.3.2  17aug2014 by roywada@hotmail.com
*! based on outreg 3.0.6/4.0.0 by john_gallup@alum.swarthmore.edu
/Users/mac/Library/Application Support/Stata/ado/plus/f/ftools.ado
*! version 2.50.0 09jan2026
/Users/mac/Library/Application Support/Stata/ado/plus/c/coefplot.ado
*! version 1.8.6  22feb2023  Ben Jann
/Users/mac/Library/Application Support/Stata/ado/plus/t/tuples.ado
*! version 4.3.0  25sep2025
/Users/mac/Library/Application Support/Stata/ado/plus/h/hdfe.ado
*! reghdfe 3.2.9 21feb2016
*! Sergio Correia (sergio.correia@duke.edu)
/Users/mac/Library/Application Support/Stata/ado/plus/m/mat2txt.ado
*! 1.1.2 Ben Jann 24 Nov 2004
*! 1.1.1 M Blasnik 18 Feb 2004
/Users/mac/Library/Application Support/Stata/ado/plus/i/ivreg2.ado
*! ivreg2 4.1.12  14aug2024
*! authors cfb & mes
*! see end of file for version comments
/Users/mac/Library/Application Support/Stata/ado/plus/r/ranktest.ado
*! ranktest 2.0.04  21sept2020
*! authors mes & fw; KP stat based on code by fk
*! see end of file for version comments
. }

. 
end of do-file

. global CodeDirec     = "${code}/exporters/"

. global DataControls "UIMacro_DataControls"

. global maindirectory "${processed}/"

. global outdirectory "${factor_inputs}/"

. cd "${CodeDirec}"
/Users/mac/JPE-replications/JPE-Mitman-2016256/replication-package/replication-
> package/code/exporters

. 
. set more off, perm
(set more preference recorded)

. cap log close

. set logtype text

. 
. cd "$maindirectory"
/Users/mac/JPE-replications/JPE-Mitman-2016256/replication-package/replication-
> package/data/processed

. use ${DataControls}.dta, clear

. sort pair_id_numeric county_index

. keep if county_index==1
(0 observations deleted)

. 
. * recompute the 1-period quasi-difference at the two alternate discount facto
> rs
. gen qd_b9975 = diff_logunemp_rate_laus - 0.9975*(1-seprate)*f1_logunemp_rate_
> laus
(1,196 missing values generated)

. gen qd_b98   = diff_logunemp_rate_laus - 0.98  *(1-seprate)*f1_logunemp_rate_
> laus
(1,196 missing values generated)

. 
. foreach var of varlist qdk1_logunemp_rate_laus qd_b9975 qd_b98 diff_logmeanwk
> s {
  2.         qui bys pair_id_numeric fipsnumeric: egen nmissing=count(`var')
  3.         by pair_id_numeric: egen nmissing2=min(nmissing)
  4.         qui drop if nmissing2==0
  5.         qui drop nmissing nmissing2
  6. }

. 
. qui sort pair_id_numeric fipsnumeric year quarter

. qui by pair_id_numeric: gen temp=_n==1

. qui gen temp2=sum(temp)

. tab temp2

      temp2 |      Freq.     Percent        Cum.
------------+-----------------------------------
          1 |        100        0.09        0.09
          2 |        100        0.09        0.17
          3 |        100        0.09        0.26
          4 |        100        0.09        0.34
          5 |        100        0.09        0.43
          6 |        100        0.09        0.51
          7 |        100        0.09        0.60
          8 |        100        0.09        0.68
          9 |        100        0.09        0.77
         10 |        100        0.09        0.85
         11 |        100        0.09        0.94
         12 |        100        0.09        1.02
         13 |        100        0.09        1.11
         14 |        100        0.09        1.19
         15 |        100        0.09        1.28
         16 |        100        0.09        1.37
         17 |        100        0.09        1.45
         18 |        100        0.09        1.54
         19 |        100        0.09        1.62
         20 |        100        0.09        1.71
         21 |        100        0.09        1.79
         22 |        100        0.09        1.88
         23 |        100        0.09        1.96
         24 |        100        0.09        2.05
         25 |        100        0.09        2.13
         26 |        100        0.09        2.22
         27 |        100        0.09        2.30
         28 |        100        0.09        2.39
         29 |        100        0.09        2.47
         30 |        100        0.09        2.56
         31 |        100        0.09        2.65
         32 |        100        0.09        2.73
         33 |        100        0.09        2.82
         34 |        100        0.09        2.90
         35 |        100        0.09        2.99
         36 |        100        0.09        3.07
         37 |        100        0.09        3.16
         38 |        100        0.09        3.24
         39 |        100        0.09        3.33
         40 |        100        0.09        3.41
         41 |        100        0.09        3.50
         42 |        100        0.09        3.58
         43 |        100        0.09        3.67
         44 |        100        0.09        3.75
         45 |        100        0.09        3.84
         46 |        100        0.09        3.92
         47 |        100        0.09        4.01
         48 |        100        0.09        4.10
         49 |        100        0.09        4.18
         50 |        100        0.09        4.27
         51 |        100        0.09        4.35
         52 |        100        0.09        4.44
         53 |        100        0.09        4.52
         54 |        100        0.09        4.61
         55 |        100        0.09        4.69
         56 |        100        0.09        4.78
         57 |        100        0.09        4.86
         58 |        100        0.09        4.95
         59 |        100        0.09        5.03
         60 |        100        0.09        5.12
         61 |        100        0.09        5.20
         62 |        100        0.09        5.29
         63 |        100        0.09        5.38
         64 |        100        0.09        5.46
         65 |        100        0.09        5.55
         66 |        100        0.09        5.63
         67 |        100        0.09        5.72
         68 |        100        0.09        5.80
         69 |        100        0.09        5.89
         70 |        100        0.09        5.97
         71 |        100        0.09        6.06
         72 |        100        0.09        6.14
         73 |        100        0.09        6.23
         74 |        100        0.09        6.31
         75 |        100        0.09        6.40
         76 |        100        0.09        6.48
         77 |        100        0.09        6.57
         78 |        100        0.09        6.66
         79 |        100        0.09        6.74
         80 |        100        0.09        6.83
         81 |        100        0.09        6.91
         82 |        100        0.09        7.00
         83 |        100        0.09        7.08
         84 |        100        0.09        7.17
         85 |        100        0.09        7.25
         86 |        100        0.09        7.34
         87 |        100        0.09        7.42
         88 |        100        0.09        7.51
         89 |        100        0.09        7.59
         90 |        100        0.09        7.68
         91 |        100        0.09        7.76
         92 |        100        0.09        7.85
         93 |        100        0.09        7.94
         94 |        100        0.09        8.02
         95 |        100        0.09        8.11
         96 |        100        0.09        8.19
         97 |        100        0.09        8.28
         98 |        100        0.09        8.36
         99 |        100        0.09        8.45
        100 |        100        0.09        8.53
        101 |        100        0.09        8.62
        102 |        100        0.09        8.70
        103 |        100        0.09        8.79
        104 |        100        0.09        8.87
        105 |        100        0.09        8.96
        106 |        100        0.09        9.04
        107 |        100        0.09        9.13
        108 |        100        0.09        9.22
        109 |        100        0.09        9.30
        110 |        100        0.09        9.39
        111 |        100        0.09        9.47
        112 |        100        0.09        9.56
        113 |        100        0.09        9.64
        114 |        100        0.09        9.73
        115 |        100        0.09        9.81
        116 |        100        0.09        9.90
        117 |        100        0.09        9.98
        118 |        100        0.09       10.07
        119 |        100        0.09       10.15
        120 |        100        0.09       10.24
        121 |        100        0.09       10.32
        122 |        100        0.09       10.41
        123 |        100        0.09       10.49
        124 |        100        0.09       10.58
        125 |        100        0.09       10.67
        126 |        100        0.09       10.75
        127 |        100        0.09       10.84
        128 |        100        0.09       10.92
        129 |        100        0.09       11.01
        130 |        100        0.09       11.09
        131 |        100        0.09       11.18
        132 |        100        0.09       11.26
        133 |        100        0.09       11.35
        134 |        100        0.09       11.43
        135 |        100        0.09       11.52
        136 |        100        0.09       11.60
        137 |        100        0.09       11.69
        138 |        100        0.09       11.77
        139 |        100        0.09       11.86
        140 |        100        0.09       11.95
        141 |        100        0.09       12.03
        142 |        100        0.09       12.12
        143 |        100        0.09       12.20
        144 |        100        0.09       12.29
        145 |        100        0.09       12.37
        146 |        100        0.09       12.46
        147 |        100        0.09       12.54
        148 |        100        0.09       12.63
        149 |        100        0.09       12.71
        150 |        100        0.09       12.80
        151 |        100        0.09       12.88
        152 |        100        0.09       12.97
        153 |        100        0.09       13.05
        154 |        100        0.09       13.14
        155 |        100        0.09       13.23
        156 |        100        0.09       13.31
        157 |        100        0.09       13.40
        158 |        100        0.09       13.48
        159 |        100        0.09       13.57
        160 |        100        0.09       13.65
        161 |        100        0.09       13.74
        162 |        100        0.09       13.82
        163 |        100        0.09       13.91
        164 |        100        0.09       13.99
        165 |        100        0.09       14.08
        166 |        100        0.09       14.16
        167 |        100        0.09       14.25
        168 |        100        0.09       14.33
        169 |        100        0.09       14.42
        170 |        100        0.09       14.51
        171 |        100        0.09       14.59
        172 |        100        0.09       14.68
        173 |        100        0.09       14.76
        174 |        100        0.09       14.85
        175 |        100        0.09       14.93
        176 |        100        0.09       15.02
        177 |        100        0.09       15.10
        178 |        100        0.09       15.19
        179 |        100        0.09       15.27
        180 |        100        0.09       15.36
        181 |        100        0.09       15.44
        182 |        100        0.09       15.53
        183 |        100        0.09       15.61
        184 |        100        0.09       15.70
        185 |        100        0.09       15.78
        186 |        100        0.09       15.87
        187 |        100        0.09       15.96
        188 |        100        0.09       16.04
        189 |        100        0.09       16.13
        190 |        100        0.09       16.21
        191 |        100        0.09       16.30
        192 |        100        0.09       16.38
        193 |        100        0.09       16.47
        194 |        100        0.09       16.55
        195 |        100        0.09       16.64
        196 |        100        0.09       16.72
        197 |        100        0.09       16.81
        198 |        100        0.09       16.89
        199 |        100        0.09       16.98
        200 |        100        0.09       17.06
        201 |        100        0.09       17.15
        202 |        100        0.09       17.24
        203 |        100        0.09       17.32
        204 |        100        0.09       17.41
        205 |        100        0.09       17.49
        206 |        100        0.09       17.58
        207 |        100        0.09       17.66
        208 |        100        0.09       17.75
        209 |        100        0.09       17.83
        210 |        100        0.09       17.92
        211 |        100        0.09       18.00
        212 |        100        0.09       18.09
        213 |        100        0.09       18.17
        214 |        100        0.09       18.26
        215 |        100        0.09       18.34
        216 |        100        0.09       18.43
        217 |        100        0.09       18.52
        218 |        100        0.09       18.60
        219 |        100        0.09       18.69
        220 |        100        0.09       18.77
        221 |        100        0.09       18.86
        222 |        100        0.09       18.94
        223 |        100        0.09       19.03
        224 |        100        0.09       19.11
        225 |        100        0.09       19.20
        226 |        100        0.09       19.28
        227 |        100        0.09       19.37
        228 |        100        0.09       19.45
        229 |        100        0.09       19.54
        230 |        100        0.09       19.62
        231 |        100        0.09       19.71
        232 |        100        0.09       19.80
        233 |        100        0.09       19.88
        234 |        100        0.09       19.97
        235 |        100        0.09       20.05
        236 |        100        0.09       20.14
        237 |        100        0.09       20.22
        238 |        100        0.09       20.31
        239 |        100        0.09       20.39
        240 |        100        0.09       20.48
        241 |        100        0.09       20.56
        242 |        100        0.09       20.65
        243 |        100        0.09       20.73
        244 |        100        0.09       20.82
        245 |        100        0.09       20.90
        246 |        100        0.09       20.99
        247 |        100        0.09       21.08
        248 |        100        0.09       21.16
        249 |        100        0.09       21.25
        250 |        100        0.09       21.33
        251 |        100        0.09       21.42
        252 |        100        0.09       21.50
        253 |        100        0.09       21.59
        254 |        100        0.09       21.67
        255 |        100        0.09       21.76
        256 |        100        0.09       21.84
        257 |        100        0.09       21.93
        258 |        100        0.09       22.01
        259 |        100        0.09       22.10
        260 |        100        0.09       22.18
        261 |        100        0.09       22.27
        262 |        100        0.09       22.35
        263 |        100        0.09       22.44
        264 |        100        0.09       22.53
        265 |        100        0.09       22.61
        266 |        100        0.09       22.70
        267 |        100        0.09       22.78
        268 |        100        0.09       22.87
        269 |        100        0.09       22.95
        270 |        100        0.09       23.04
        271 |        100        0.09       23.12
        272 |        100        0.09       23.21
        273 |        100        0.09       23.29
        274 |        100        0.09       23.38
        275 |        100        0.09       23.46
        276 |        100        0.09       23.55
        277 |        100        0.09       23.63
        278 |        100        0.09       23.72
        279 |        100        0.09       23.81
        280 |        100        0.09       23.89
        281 |        100        0.09       23.98
        282 |        100        0.09       24.06
        283 |        100        0.09       24.15
        284 |        100        0.09       24.23
        285 |        100        0.09       24.32
        286 |        100        0.09       24.40
        287 |        100        0.09       24.49
        288 |        100        0.09       24.57
        289 |        100        0.09       24.66
        290 |        100        0.09       24.74
        291 |        100        0.09       24.83
        292 |        100        0.09       24.91
        293 |        100        0.09       25.00
        294 |        100        0.09       25.09
        295 |        100        0.09       25.17
        296 |        100        0.09       25.26
        297 |        100        0.09       25.34
        298 |        100        0.09       25.43
        299 |        100        0.09       25.51
        300 |        100        0.09       25.60
        301 |        100        0.09       25.68
        302 |        100        0.09       25.77
        303 |        100        0.09       25.85
        304 |        100        0.09       25.94
        305 |        100        0.09       26.02
        306 |        100        0.09       26.11
        307 |        100        0.09       26.19
        308 |        100        0.09       26.28
        309 |        100        0.09       26.37
        310 |        100        0.09       26.45
        311 |        100        0.09       26.54
        312 |        100        0.09       26.62
        313 |        100        0.09       26.71
        314 |        100        0.09       26.79
        315 |        100        0.09       26.88
        316 |        100        0.09       26.96
        317 |        100        0.09       27.05
        318 |        100        0.09       27.13
        319 |        100        0.09       27.22
        320 |        100        0.09       27.30
        321 |        100        0.09       27.39
        322 |        100        0.09       27.47
        323 |        100        0.09       27.56
        324 |        100        0.09       27.65
        325 |        100        0.09       27.73
        326 |        100        0.09       27.82
        327 |        100        0.09       27.90
        328 |        100        0.09       27.99
        329 |        100        0.09       28.07
        330 |        100        0.09       28.16
        331 |        100        0.09       28.24
        332 |        100        0.09       28.33
        333 |        100        0.09       28.41
        334 |        100        0.09       28.50
        335 |        100        0.09       28.58
        336 |        100        0.09       28.67
        337 |        100        0.09       28.75
        338 |        100        0.09       28.84
        339 |        100        0.09       28.92
        340 |        100        0.09       29.01
        341 |        100        0.09       29.10
        342 |        100        0.09       29.18
        343 |        100        0.09       29.27
        344 |        100        0.09       29.35
        345 |        100        0.09       29.44
        346 |        100        0.09       29.52
        347 |        100        0.09       29.61
        348 |        100        0.09       29.69
        349 |        100        0.09       29.78
        350 |        100        0.09       29.86
        351 |        100        0.09       29.95
        352 |        100        0.09       30.03
        353 |        100        0.09       30.12
        354 |        100        0.09       30.20
        355 |        100        0.09       30.29
        356 |        100        0.09       30.38
        357 |        100        0.09       30.46
        358 |        100        0.09       30.55
        359 |        100        0.09       30.63
        360 |        100        0.09       30.72
        361 |        100        0.09       30.80
        362 |        100        0.09       30.89
        363 |        100        0.09       30.97
        364 |        100        0.09       31.06
        365 |        100        0.09       31.14
        366 |        100        0.09       31.23
        367 |        100        0.09       31.31
        368 |        100        0.09       31.40
        369 |        100        0.09       31.48
        370 |        100        0.09       31.57
        371 |        100        0.09       31.66
        372 |        100        0.09       31.74
        373 |        100        0.09       31.83
        374 |        100        0.09       31.91
        375 |        100        0.09       32.00
        376 |        100        0.09       32.08
        377 |        100        0.09       32.17
        378 |        100        0.09       32.25
        379 |        100        0.09       32.34
        380 |        100        0.09       32.42
        381 |        100        0.09       32.51
        382 |        100        0.09       32.59
        383 |        100        0.09       32.68
        384 |        100        0.09       32.76
        385 |        100        0.09       32.85
        386 |        100        0.09       32.94
        387 |        100        0.09       33.02
        388 |        100        0.09       33.11
        389 |        100        0.09       33.19
        390 |        100        0.09       33.28
        391 |        100        0.09       33.36
        392 |        100        0.09       33.45
        393 |        100        0.09       33.53
        394 |        100        0.09       33.62
        395 |        100        0.09       33.70
        396 |        100        0.09       33.79
        397 |        100        0.09       33.87
        398 |        100        0.09       33.96
        399 |        100        0.09       34.04
        400 |        100        0.09       34.13
        401 |        100        0.09       34.22
        402 |        100        0.09       34.30
        403 |        100        0.09       34.39
        404 |        100        0.09       34.47
        405 |        100        0.09       34.56
        406 |        100        0.09       34.64
        407 |        100        0.09       34.73
        408 |        100        0.09       34.81
        409 |        100        0.09       34.90
        410 |        100        0.09       34.98
        411 |        100        0.09       35.07
        412 |        100        0.09       35.15
        413 |        100        0.09       35.24
        414 |        100        0.09       35.32
        415 |        100        0.09       35.41
        416 |        100        0.09       35.49
        417 |        100        0.09       35.58
        418 |        100        0.09       35.67
        419 |        100        0.09       35.75
        420 |        100        0.09       35.84
        421 |        100        0.09       35.92
        422 |        100        0.09       36.01
        423 |        100        0.09       36.09
        424 |        100        0.09       36.18
        425 |        100        0.09       36.26
        426 |        100        0.09       36.35
        427 |        100        0.09       36.43
        428 |        100        0.09       36.52
        429 |        100        0.09       36.60
        430 |        100        0.09       36.69
        431 |        100        0.09       36.77
        432 |        100        0.09       36.86
        433 |        100        0.09       36.95
        434 |        100        0.09       37.03
        435 |        100        0.09       37.12
        436 |        100        0.09       37.20
        437 |        100        0.09       37.29
        438 |        100        0.09       37.37
        439 |        100        0.09       37.46
        440 |        100        0.09       37.54
        441 |        100        0.09       37.63
        442 |        100        0.09       37.71
        443 |        100        0.09       37.80
        444 |        100        0.09       37.88
        445 |        100        0.09       37.97
        446 |        100        0.09       38.05
        447 |        100        0.09       38.14
        448 |        100        0.09       38.23
        449 |        100        0.09       38.31
        450 |        100        0.09       38.40
        451 |        100        0.09       38.48
        452 |        100        0.09       38.57
        453 |        100        0.09       38.65
        454 |        100        0.09       38.74
        455 |        100        0.09       38.82
        456 |        100        0.09       38.91
        457 |        100        0.09       38.99
        458 |        100        0.09       39.08
        459 |        100        0.09       39.16
        460 |        100        0.09       39.25
        461 |        100        0.09       39.33
        462 |        100        0.09       39.42
        463 |        100        0.09       39.51
        464 |        100        0.09       39.59
        465 |        100        0.09       39.68
        466 |        100        0.09       39.76
        467 |        100        0.09       39.85
        468 |        100        0.09       39.93
        469 |        100        0.09       40.02
        470 |        100        0.09       40.10
        471 |        100        0.09       40.19
        472 |        100        0.09       40.27
        473 |        100        0.09       40.36
        474 |        100        0.09       40.44
        475 |        100        0.09       40.53
        476 |        100        0.09       40.61
        477 |        100        0.09       40.70
        478 |        100        0.09       40.78
        479 |        100        0.09       40.87
        480 |        100        0.09       40.96
        481 |        100        0.09       41.04
        482 |        100        0.09       41.13
        483 |        100        0.09       41.21
        484 |        100        0.09       41.30
        485 |        100        0.09       41.38
        486 |        100        0.09       41.47
        487 |        100        0.09       41.55
        488 |        100        0.09       41.64
        489 |        100        0.09       41.72
        490 |        100        0.09       41.81
        491 |        100        0.09       41.89
        492 |        100        0.09       41.98
        493 |        100        0.09       42.06
        494 |        100        0.09       42.15
        495 |        100        0.09       42.24
        496 |        100        0.09       42.32
        497 |        100        0.09       42.41
        498 |        100        0.09       42.49
        499 |        100        0.09       42.58
        500 |        100        0.09       42.66
        501 |        100        0.09       42.75
        502 |        100        0.09       42.83
        503 |        100        0.09       42.92
        504 |        100        0.09       43.00
        505 |        100        0.09       43.09
        506 |        100        0.09       43.17
        507 |        100        0.09       43.26
        508 |        100        0.09       43.34
        509 |        100        0.09       43.43
        510 |        100        0.09       43.52
        511 |        100        0.09       43.60
        512 |        100        0.09       43.69
        513 |        100        0.09       43.77
        514 |        100        0.09       43.86
        515 |        100        0.09       43.94
        516 |        100        0.09       44.03
        517 |        100        0.09       44.11
        518 |        100        0.09       44.20
        519 |        100        0.09       44.28
        520 |        100        0.09       44.37
        521 |        100        0.09       44.45
        522 |        100        0.09       44.54
        523 |        100        0.09       44.62
        524 |        100        0.09       44.71
        525 |        100        0.09       44.80
        526 |        100        0.09       44.88
        527 |        100        0.09       44.97
        528 |        100        0.09       45.05
        529 |        100        0.09       45.14
        530 |        100        0.09       45.22
        531 |        100        0.09       45.31
        532 |        100        0.09       45.39
        533 |        100        0.09       45.48
        534 |        100        0.09       45.56
        535 |        100        0.09       45.65
        536 |        100        0.09       45.73
        537 |        100        0.09       45.82
        538 |        100        0.09       45.90
        539 |        100        0.09       45.99
        540 |        100        0.09       46.08
        541 |        100        0.09       46.16
        542 |        100        0.09       46.25
        543 |        100        0.09       46.33
        544 |        100        0.09       46.42
        545 |        100        0.09       46.50
        546 |        100        0.09       46.59
        547 |        100        0.09       46.67
        548 |        100        0.09       46.76
        549 |        100        0.09       46.84
        550 |        100        0.09       46.93
        551 |        100        0.09       47.01
        552 |        100        0.09       47.10
        553 |        100        0.09       47.18
        554 |        100        0.09       47.27
        555 |        100        0.09       47.35
        556 |        100        0.09       47.44
        557 |        100        0.09       47.53
        558 |        100        0.09       47.61
        559 |        100        0.09       47.70
        560 |        100        0.09       47.78
        561 |        100        0.09       47.87
        562 |        100        0.09       47.95
        563 |        100        0.09       48.04
        564 |        100        0.09       48.12
        565 |        100        0.09       48.21
        566 |        100        0.09       48.29
        567 |        100        0.09       48.38
        568 |        100        0.09       48.46
        569 |        100        0.09       48.55
        570 |        100        0.09       48.63
        571 |        100        0.09       48.72
        572 |        100        0.09       48.81
        573 |        100        0.09       48.89
        574 |        100        0.09       48.98
        575 |        100        0.09       49.06
        576 |        100        0.09       49.15
        577 |        100        0.09       49.23
        578 |        100        0.09       49.32
        579 |        100        0.09       49.40
        580 |        100        0.09       49.49
        581 |        100        0.09       49.57
        582 |        100        0.09       49.66
        583 |        100        0.09       49.74
        584 |        100        0.09       49.83
        585 |        100        0.09       49.91
        586 |        100        0.09       50.00
        587 |        100        0.09       50.09
        588 |        100        0.09       50.17
        589 |        100        0.09       50.26
        590 |        100        0.09       50.34
        591 |        100        0.09       50.43
        592 |        100        0.09       50.51
        593 |        100        0.09       50.60
        594 |        100        0.09       50.68
        595 |        100        0.09       50.77
        596 |        100        0.09       50.85
        597 |        100        0.09       50.94
        598 |        100        0.09       51.02
        599 |        100        0.09       51.11
        600 |        100        0.09       51.19
        601 |        100        0.09       51.28
        602 |        100        0.09       51.37
        603 |        100        0.09       51.45
        604 |        100        0.09       51.54
        605 |        100        0.09       51.62
        606 |        100        0.09       51.71
        607 |        100        0.09       51.79
        608 |        100        0.09       51.88
        609 |        100        0.09       51.96
        610 |        100        0.09       52.05
        611 |        100        0.09       52.13
        612 |        100        0.09       52.22
        613 |        100        0.09       52.30
        614 |        100        0.09       52.39
        615 |        100        0.09       52.47
        616 |        100        0.09       52.56
        617 |        100        0.09       52.65
        618 |        100        0.09       52.73
        619 |        100        0.09       52.82
        620 |        100        0.09       52.90
        621 |        100        0.09       52.99
        622 |        100        0.09       53.07
        623 |        100        0.09       53.16
        624 |        100        0.09       53.24
        625 |        100        0.09       53.33
        626 |        100        0.09       53.41
        627 |        100        0.09       53.50
        628 |        100        0.09       53.58
        629 |        100        0.09       53.67
        630 |        100        0.09       53.75
        631 |        100        0.09       53.84
        632 |        100        0.09       53.92
        633 |        100        0.09       54.01
        634 |        100        0.09       54.10
        635 |        100        0.09       54.18
        636 |        100        0.09       54.27
        637 |        100        0.09       54.35
        638 |        100        0.09       54.44
        639 |        100        0.09       54.52
        640 |        100        0.09       54.61
        641 |        100        0.09       54.69
        642 |        100        0.09       54.78
        643 |        100        0.09       54.86
        644 |        100        0.09       54.95
        645 |        100        0.09       55.03
        646 |        100        0.09       55.12
        647 |        100        0.09       55.20
        648 |        100        0.09       55.29
        649 |        100        0.09       55.38
        650 |        100        0.09       55.46
        651 |        100        0.09       55.55
        652 |        100        0.09       55.63
        653 |        100        0.09       55.72
        654 |        100        0.09       55.80
        655 |        100        0.09       55.89
        656 |        100        0.09       55.97
        657 |        100        0.09       56.06
        658 |        100        0.09       56.14
        659 |        100        0.09       56.23
        660 |        100        0.09       56.31
        661 |        100        0.09       56.40
        662 |        100        0.09       56.48
        663 |        100        0.09       56.57
        664 |        100        0.09       56.66
        665 |        100        0.09       56.74
        666 |        100        0.09       56.83
        667 |        100        0.09       56.91
        668 |        100        0.09       57.00
        669 |        100        0.09       57.08
        670 |        100        0.09       57.17
        671 |        100        0.09       57.25
        672 |        100        0.09       57.34
        673 |        100        0.09       57.42
        674 |        100        0.09       57.51
        675 |        100        0.09       57.59
        676 |        100        0.09       57.68
        677 |        100        0.09       57.76
        678 |        100        0.09       57.85
        679 |        100        0.09       57.94
        680 |        100        0.09       58.02
        681 |        100        0.09       58.11
        682 |        100        0.09       58.19
        683 |        100        0.09       58.28
        684 |        100        0.09       58.36
        685 |        100        0.09       58.45
        686 |        100        0.09       58.53
        687 |        100        0.09       58.62
        688 |        100        0.09       58.70
        689 |        100        0.09       58.79
        690 |        100        0.09       58.87
        691 |        100        0.09       58.96
        692 |        100        0.09       59.04
        693 |        100        0.09       59.13
        694 |        100        0.09       59.22
        695 |        100        0.09       59.30
        696 |        100        0.09       59.39
        697 |        100        0.09       59.47
        698 |        100        0.09       59.56
        699 |        100        0.09       59.64
        700 |        100        0.09       59.73
        701 |        100        0.09       59.81
        702 |        100        0.09       59.90
        703 |        100        0.09       59.98
        704 |        100        0.09       60.07
        705 |        100        0.09       60.15
        706 |        100        0.09       60.24
        707 |        100        0.09       60.32
        708 |        100        0.09       60.41
        709 |        100        0.09       60.49
        710 |        100        0.09       60.58
        711 |        100        0.09       60.67
        712 |        100        0.09       60.75
        713 |        100        0.09       60.84
        714 |        100        0.09       60.92
        715 |        100        0.09       61.01
        716 |        100        0.09       61.09
        717 |        100        0.09       61.18
        718 |        100        0.09       61.26
        719 |        100        0.09       61.35
        720 |        100        0.09       61.43
        721 |        100        0.09       61.52
        722 |        100        0.09       61.60
        723 |        100        0.09       61.69
        724 |        100        0.09       61.77
        725 |        100        0.09       61.86
        726 |        100        0.09       61.95
        727 |        100        0.09       62.03
        728 |        100        0.09       62.12
        729 |        100        0.09       62.20
        730 |        100        0.09       62.29
        731 |        100        0.09       62.37
        732 |        100        0.09       62.46
        733 |        100        0.09       62.54
        734 |        100        0.09       62.63
        735 |        100        0.09       62.71
        736 |        100        0.09       62.80
        737 |        100        0.09       62.88
        738 |        100        0.09       62.97
        739 |        100        0.09       63.05
        740 |        100        0.09       63.14
        741 |        100        0.09       63.23
        742 |        100        0.09       63.31
        743 |        100        0.09       63.40
        744 |        100        0.09       63.48
        745 |        100        0.09       63.57
        746 |        100        0.09       63.65
        747 |        100        0.09       63.74
        748 |        100        0.09       63.82
        749 |        100        0.09       63.91
        750 |        100        0.09       63.99
        751 |        100        0.09       64.08
        752 |        100        0.09       64.16
        753 |        100        0.09       64.25
        754 |        100        0.09       64.33
        755 |        100        0.09       64.42
        756 |        100        0.09       64.51
        757 |        100        0.09       64.59
        758 |        100        0.09       64.68
        759 |        100        0.09       64.76
        760 |        100        0.09       64.85
        761 |        100        0.09       64.93
        762 |        100        0.09       65.02
        763 |        100        0.09       65.10
        764 |        100        0.09       65.19
        765 |        100        0.09       65.27
        766 |        100        0.09       65.36
        767 |        100        0.09       65.44
        768 |        100        0.09       65.53
        769 |        100        0.09       65.61
        770 |        100        0.09       65.70
        771 |        100        0.09       65.78
        772 |        100        0.09       65.87
        773 |        100        0.09       65.96
        774 |        100        0.09       66.04
        775 |        100        0.09       66.13
        776 |        100        0.09       66.21
        777 |        100        0.09       66.30
        778 |        100        0.09       66.38
        779 |        100        0.09       66.47
        780 |        100        0.09       66.55
        781 |        100        0.09       66.64
        782 |        100        0.09       66.72
        783 |        100        0.09       66.81
        784 |        100        0.09       66.89
        785 |        100        0.09       66.98
        786 |        100        0.09       67.06
        787 |        100        0.09       67.15
        788 |        100        0.09       67.24
        789 |        100        0.09       67.32
        790 |        100        0.09       67.41
        791 |        100        0.09       67.49
        792 |        100        0.09       67.58
        793 |        100        0.09       67.66
        794 |        100        0.09       67.75
        795 |        100        0.09       67.83
        796 |        100        0.09       67.92
        797 |        100        0.09       68.00
        798 |        100        0.09       68.09
        799 |        100        0.09       68.17
        800 |        100        0.09       68.26
        801 |        100        0.09       68.34
        802 |        100        0.09       68.43
        803 |        100        0.09       68.52
        804 |        100        0.09       68.60
        805 |        100        0.09       68.69
        806 |        100        0.09       68.77
        807 |        100        0.09       68.86
        808 |        100        0.09       68.94
        809 |        100        0.09       69.03
        810 |        100        0.09       69.11
        811 |        100        0.09       69.20
        812 |        100        0.09       69.28
        813 |        100        0.09       69.37
        814 |        100        0.09       69.45
        815 |        100        0.09       69.54
        816 |        100        0.09       69.62
        817 |        100        0.09       69.71
        818 |        100        0.09       69.80
        819 |        100        0.09       69.88
        820 |        100        0.09       69.97
        821 |        100        0.09       70.05
        822 |        100        0.09       70.14
        823 |        100        0.09       70.22
        824 |        100        0.09       70.31
        825 |        100        0.09       70.39
        826 |        100        0.09       70.48
        827 |        100        0.09       70.56
        828 |        100        0.09       70.65
        829 |        100        0.09       70.73
        830 |        100        0.09       70.82
        831 |        100        0.09       70.90
        832 |        100        0.09       70.99
        833 |        100        0.09       71.08
        834 |        100        0.09       71.16
        835 |        100        0.09       71.25
        836 |        100        0.09       71.33
        837 |        100        0.09       71.42
        838 |        100        0.09       71.50
        839 |        100        0.09       71.59
        840 |        100        0.09       71.67
        841 |        100        0.09       71.76
        842 |        100        0.09       71.84
        843 |        100        0.09       71.93
        844 |        100        0.09       72.01
        845 |        100        0.09       72.10
        846 |        100        0.09       72.18
        847 |        100        0.09       72.27
        848 |        100        0.09       72.35
        849 |        100        0.09       72.44
        850 |        100        0.09       72.53
        851 |        100        0.09       72.61
        852 |        100        0.09       72.70
        853 |        100        0.09       72.78
        854 |        100        0.09       72.87
        855 |        100        0.09       72.95
        856 |        100        0.09       73.04
        857 |        100        0.09       73.12
        858 |        100        0.09       73.21
        859 |        100        0.09       73.29
        860 |        100        0.09       73.38
        861 |        100        0.09       73.46
        862 |        100        0.09       73.55
        863 |        100        0.09       73.63
        864 |        100        0.09       73.72
        865 |        100        0.09       73.81
        866 |        100        0.09       73.89
        867 |        100        0.09       73.98
        868 |        100        0.09       74.06
        869 |        100        0.09       74.15
        870 |        100        0.09       74.23
        871 |        100        0.09       74.32
        872 |        100        0.09       74.40
        873 |        100        0.09       74.49
        874 |        100        0.09       74.57
        875 |        100        0.09       74.66
        876 |        100        0.09       74.74
        877 |        100        0.09       74.83
        878 |        100        0.09       74.91
        879 |        100        0.09       75.00
        880 |        100        0.09       75.09
        881 |        100        0.09       75.17
        882 |        100        0.09       75.26
        883 |        100        0.09       75.34
        884 |        100        0.09       75.43
        885 |        100        0.09       75.51
        886 |        100        0.09       75.60
        887 |        100        0.09       75.68
        888 |        100        0.09       75.77
        889 |        100        0.09       75.85
        890 |        100        0.09       75.94
        891 |        100        0.09       76.02
        892 |        100        0.09       76.11
        893 |        100        0.09       76.19
        894 |        100        0.09       76.28
        895 |        100        0.09       76.37
        896 |        100        0.09       76.45
        897 |        100        0.09       76.54
        898 |        100        0.09       76.62
        899 |        100        0.09       76.71
        900 |        100        0.09       76.79
        901 |        100        0.09       76.88
        902 |        100        0.09       76.96
        903 |        100        0.09       77.05
        904 |        100        0.09       77.13
        905 |        100        0.09       77.22
        906 |        100        0.09       77.30
        907 |        100        0.09       77.39
        908 |        100        0.09       77.47
        909 |        100        0.09       77.56
        910 |        100        0.09       77.65
        911 |        100        0.09       77.73
        912 |        100        0.09       77.82
        913 |        100        0.09       77.90
        914 |        100        0.09       77.99
        915 |        100        0.09       78.07
        916 |        100        0.09       78.16
        917 |        100        0.09       78.24
        918 |        100        0.09       78.33
        919 |        100        0.09       78.41
        920 |        100        0.09       78.50
        921 |        100        0.09       78.58
        922 |        100        0.09       78.67
        923 |        100        0.09       78.75
        924 |        100        0.09       78.84
        925 |        100        0.09       78.92
        926 |        100        0.09       79.01
        927 |        100        0.09       79.10
        928 |        100        0.09       79.18
        929 |        100        0.09       79.27
        930 |        100        0.09       79.35
        931 |        100        0.09       79.44
        932 |        100        0.09       79.52
        933 |        100        0.09       79.61
        934 |        100        0.09       79.69
        935 |        100        0.09       79.78
        936 |        100        0.09       79.86
        937 |        100        0.09       79.95
        938 |        100        0.09       80.03
        939 |        100        0.09       80.12
        940 |        100        0.09       80.20
        941 |        100        0.09       80.29
        942 |        100        0.09       80.38
        943 |        100        0.09       80.46
        944 |        100        0.09       80.55
        945 |        100        0.09       80.63
        946 |        100        0.09       80.72
        947 |        100        0.09       80.80
        948 |        100        0.09       80.89
        949 |        100        0.09       80.97
        950 |        100        0.09       81.06
        951 |        100        0.09       81.14
        952 |        100        0.09       81.23
        953 |        100        0.09       81.31
        954 |        100        0.09       81.40
        955 |        100        0.09       81.48
        956 |        100        0.09       81.57
        957 |        100        0.09       81.66
        958 |        100        0.09       81.74
        959 |        100        0.09       81.83
        960 |        100        0.09       81.91
        961 |        100        0.09       82.00
        962 |        100        0.09       82.08
        963 |        100        0.09       82.17
        964 |        100        0.09       82.25
        965 |        100        0.09       82.34
        966 |        100        0.09       82.42
        967 |        100        0.09       82.51
        968 |        100        0.09       82.59
        969 |        100        0.09       82.68
        970 |        100        0.09       82.76
        971 |        100        0.09       82.85
        972 |        100        0.09       82.94
        973 |        100        0.09       83.02
        974 |        100        0.09       83.11
        975 |        100        0.09       83.19
        976 |        100        0.09       83.28
        977 |        100        0.09       83.36
        978 |        100        0.09       83.45
        979 |        100        0.09       83.53
        980 |        100        0.09       83.62
        981 |        100        0.09       83.70
        982 |        100        0.09       83.79
        983 |        100        0.09       83.87
        984 |        100        0.09       83.96
        985 |        100        0.09       84.04
        986 |        100        0.09       84.13
        987 |        100        0.09       84.22
        988 |        100        0.09       84.30
        989 |        100        0.09       84.39
        990 |        100        0.09       84.47
        991 |        100        0.09       84.56
        992 |        100        0.09       84.64
        993 |        100        0.09       84.73
        994 |        100        0.09       84.81
        995 |        100        0.09       84.90
        996 |        100        0.09       84.98
        997 |        100        0.09       85.07
        998 |        100        0.09       85.15
        999 |        100        0.09       85.24
       1000 |        100        0.09       85.32
       1001 |        100        0.09       85.41
       1002 |        100        0.09       85.49
       1003 |        100        0.09       85.58
       1004 |        100        0.09       85.67
       1005 |        100        0.09       85.75
       1006 |        100        0.09       85.84
       1007 |        100        0.09       85.92
       1008 |        100        0.09       86.01
       1009 |        100        0.09       86.09
       1010 |        100        0.09       86.18
       1011 |        100        0.09       86.26
       1012 |        100        0.09       86.35
       1013 |        100        0.09       86.43
       1014 |        100        0.09       86.52
       1015 |        100        0.09       86.60
       1016 |        100        0.09       86.69
       1017 |        100        0.09       86.77
       1018 |        100        0.09       86.86
       1019 |        100        0.09       86.95
       1020 |        100        0.09       87.03
       1021 |        100        0.09       87.12
       1022 |        100        0.09       87.20
       1023 |        100        0.09       87.29
       1024 |        100        0.09       87.37
       1025 |        100        0.09       87.46
       1026 |        100        0.09       87.54
       1027 |        100        0.09       87.63
       1028 |        100        0.09       87.71
       1029 |        100        0.09       87.80
       1030 |        100        0.09       87.88
       1031 |        100        0.09       87.97
       1032 |        100        0.09       88.05
       1033 |        100        0.09       88.14
       1034 |        100        0.09       88.23
       1035 |        100        0.09       88.31
       1036 |        100        0.09       88.40
       1037 |        100        0.09       88.48
       1038 |        100        0.09       88.57
       1039 |        100        0.09       88.65
       1040 |        100        0.09       88.74
       1041 |        100        0.09       88.82
       1042 |        100        0.09       88.91
       1043 |        100        0.09       88.99
       1044 |        100        0.09       89.08
       1045 |        100        0.09       89.16
       1046 |        100        0.09       89.25
       1047 |        100        0.09       89.33
       1048 |        100        0.09       89.42
       1049 |        100        0.09       89.51
       1050 |        100        0.09       89.59
       1051 |        100        0.09       89.68
       1052 |        100        0.09       89.76
       1053 |        100        0.09       89.85
       1054 |        100        0.09       89.93
       1055 |        100        0.09       90.02
       1056 |        100        0.09       90.10
       1057 |        100        0.09       90.19
       1058 |        100        0.09       90.27
       1059 |        100        0.09       90.36
       1060 |        100        0.09       90.44
       1061 |        100        0.09       90.53
       1062 |        100        0.09       90.61
       1063 |        100        0.09       90.70
       1064 |        100        0.09       90.78
       1065 |        100        0.09       90.87
       1066 |        100        0.09       90.96
       1067 |        100        0.09       91.04
       1068 |        100        0.09       91.13
       1069 |        100        0.09       91.21
       1070 |        100        0.09       91.30
       1071 |        100        0.09       91.38
       1072 |        100        0.09       91.47
       1073 |        100        0.09       91.55
       1074 |        100        0.09       91.64
       1075 |        100        0.09       91.72
       1076 |        100        0.09       91.81
       1077 |        100        0.09       91.89
       1078 |        100        0.09       91.98
       1079 |        100        0.09       92.06
       1080 |        100        0.09       92.15
       1081 |        100        0.09       92.24
       1082 |        100        0.09       92.32
       1083 |        100        0.09       92.41
       1084 |        100        0.09       92.49
       1085 |        100        0.09       92.58
       1086 |        100        0.09       92.66
       1087 |        100        0.09       92.75
       1088 |        100        0.09       92.83
       1089 |        100        0.09       92.92
       1090 |        100        0.09       93.00
       1091 |        100        0.09       93.09
       1092 |        100        0.09       93.17
       1093 |        100        0.09       93.26
       1094 |        100        0.09       93.34
       1095 |        100        0.09       93.43
       1096 |        100        0.09       93.52
       1097 |        100        0.09       93.60
       1098 |        100        0.09       93.69
       1099 |        100        0.09       93.77
       1100 |        100        0.09       93.86
       1101 |        100        0.09       93.94
       1102 |        100        0.09       94.03
       1103 |        100        0.09       94.11
       1104 |        100        0.09       94.20
       1105 |        100        0.09       94.28
       1106 |        100        0.09       94.37
       1107 |        100        0.09       94.45
       1108 |        100        0.09       94.54
       1109 |        100        0.09       94.62
       1110 |        100        0.09       94.71
       1111 |        100        0.09       94.80
       1112 |        100        0.09       94.88
       1113 |        100        0.09       94.97
       1114 |        100        0.09       95.05
       1115 |        100        0.09       95.14
       1116 |        100        0.09       95.22
       1117 |        100        0.09       95.31
       1118 |        100        0.09       95.39
       1119 |        100        0.09       95.48
       1120 |        100        0.09       95.56
       1121 |        100        0.09       95.65
       1122 |        100        0.09       95.73
       1123 |        100        0.09       95.82
       1124 |        100        0.09       95.90
       1125 |        100        0.09       95.99
       1126 |        100        0.09       96.08
       1127 |        100        0.09       96.16
       1128 |        100        0.09       96.25
       1129 |        100        0.09       96.33
       1130 |        100        0.09       96.42
       1131 |        100        0.09       96.50
       1132 |        100        0.09       96.59
       1133 |        100        0.09       96.67
       1134 |        100        0.09       96.76
       1135 |        100        0.09       96.84
       1136 |        100        0.09       96.93
       1137 |        100        0.09       97.01
       1138 |        100        0.09       97.10
       1139 |        100        0.09       97.18
       1140 |        100        0.09       97.27
       1141 |        100        0.09       97.35
       1142 |        100        0.09       97.44
       1143 |        100        0.09       97.53
       1144 |        100        0.09       97.61
       1145 |        100        0.09       97.70
       1146 |        100        0.09       97.78
       1147 |        100        0.09       97.87
       1148 |        100        0.09       97.95
       1149 |        100        0.09       98.04
       1150 |        100        0.09       98.12
       1151 |        100        0.09       98.21
       1152 |        100        0.09       98.29
       1153 |        100        0.09       98.38
       1154 |        100        0.09       98.46
       1155 |        100        0.09       98.55
       1156 |        100        0.09       98.63
       1157 |        100        0.09       98.72
       1158 |        100        0.09       98.81
       1159 |        100        0.09       98.89
       1160 |        100        0.09       98.98
       1161 |        100        0.09       99.06
       1162 |        100        0.09       99.15
       1163 |        100        0.09       99.23
       1164 |        100        0.09       99.32
       1165 |        100        0.09       99.40
       1166 |        100        0.09       99.49
       1167 |        100        0.09       99.57
       1168 |        100        0.09       99.66
       1169 |        100        0.09       99.74
       1170 |        100        0.09       99.83
       1171 |        100        0.09       99.91
       1172 |        100        0.09      100.00
------------+-----------------------------------
      Total |    117,200      100.00

. qui drop pair_id_numeric

. qui ren temp2 pair_id_numeric

. qui drop temp

. qui sum pair_id_numeric

. local maxid=r(max)

. qui sum time

. local mint=r(min)

. replace time=time-`mint'+1
(117,200 real changes made)

. 
. sort pair_id_numeric quarter_index

. cd "$outdirectory"
/Users/mac/JPE-replications/JPE-Mitman-2016256/replication-package/replication-
> package/output/factor_inputs

. capture mkdir DiscFactor

. cd DiscFactor
/Users/mac/JPE-replications/JPE-Mitman-2016256/replication-package/replication-
> package/output/factor_inputs/DiscFactor

. file open myfile using "N.txt", write replace
(file N.txt not found)

. file write myfile "`maxid'"

. file close myfile

. forvalues i=1/`maxid'{
  2.         disp(`i')
  3.         outsheet fipsnumeric year quarter diff_logmeanwks qd_b9975 qd_b98 
> qdk1_logunemp_rate_laus ///
>         if pair_id_numeric==`i' using QBLS`i'.txt, replace nonames
  4. }
1
(file QBLS1.txt not found)
2
(file QBLS2.txt not found)
3
(file QBLS3.txt not found)
4
(file QBLS4.txt not found)
5
(file QBLS5.txt not found)
6
(file QBLS6.txt not found)
7
(file QBLS7.txt not found)
8
(file QBLS8.txt not found)
9
(file QBLS9.txt not found)
10
(file QBLS10.txt not found)
11
(file QBLS11.txt not found)
12
(file QBLS12.txt not found)
13
(file QBLS13.txt not found)
14
(file QBLS14.txt not found)
15
(file QBLS15.txt not found)
16
(file QBLS16.txt not found)
17
(file QBLS17.txt not found)
18
(file QBLS18.txt not found)
19
(file QBLS19.txt not found)
20
(file QBLS20.txt not found)
21
(file QBLS21.txt not found)
22
(file QBLS22.txt not found)
23
(file QBLS23.txt not found)
24
(file QBLS24.txt not found)
25
(file QBLS25.txt not found)
26
(file QBLS26.txt not found)
27
(file QBLS27.txt not found)
28
(file QBLS28.txt not found)
29
(file QBLS29.txt not found)
30
(file QBLS30.txt not found)
31
(file QBLS31.txt not found)
32
(file QBLS32.txt not found)
33
(file QBLS33.txt not found)
34
(file QBLS34.txt not found)
35
(file QBLS35.txt not found)
36
(file QBLS36.txt not found)
37
(file QBLS37.txt not found)
38
(file QBLS38.txt not found)
39
(file QBLS39.txt not found)
40
(file QBLS40.txt not found)
41
(file QBLS41.txt not found)
42
(file QBLS42.txt not found)
43
(file QBLS43.txt not found)
44
(file QBLS44.txt not found)
45
(file QBLS45.txt not found)
46
(file QBLS46.txt not found)
47
(file QBLS47.txt not found)
48
(file QBLS48.txt not found)
49
(file QBLS49.txt not found)
50
(file QBLS50.txt not found)
51
(file QBLS51.txt not found)
52
(file QBLS52.txt not found)
53
(file QBLS53.txt not found)
54
(file QBLS54.txt not found)
55
(file QBLS55.txt not found)
56
(file QBLS56.txt not found)
57
(file QBLS57.txt not found)
58
(file QBLS58.txt not found)
59
(file QBLS59.txt not found)
60
(file QBLS60.txt not found)
61
(file QBLS61.txt not found)
62
(file QBLS62.txt not found)
63
(file QBLS63.txt not found)
64
(file QBLS64.txt not found)
65
(file QBLS65.txt not found)
66
(file QBLS66.txt not found)
67
(file QBLS67.txt not found)
68
(file QBLS68.txt not found)
69
(file QBLS69.txt not found)
70
(file QBLS70.txt not found)
71
(file QBLS71.txt not found)
72
(file QBLS72.txt not found)
73
(file QBLS73.txt not found)
74
(file QBLS74.txt not found)
75
(file QBLS75.txt not found)
76
(file QBLS76.txt not found)
77
(file QBLS77.txt not found)
78
(file QBLS78.txt not found)
79
(file QBLS79.txt not found)
80
(file QBLS80.txt not found)
81
(file QBLS81.txt not found)
82
(file QBLS82.txt not found)
83
(file QBLS83.txt not found)
84
(file QBLS84.txt not found)
85
(file QBLS85.txt not found)
86
(file QBLS86.txt not found)
87
(file QBLS87.txt not found)
88
(file QBLS88.txt not found)
89
(file QBLS89.txt not found)
90
(file QBLS90.txt not found)
91
(file QBLS91.txt not found)
92
(file QBLS92.txt not found)
93
(file QBLS93.txt not found)
94
(file QBLS94.txt not found)
95
(file QBLS95.txt not found)
96
(file QBLS96.txt not found)
97
(file QBLS97.txt not found)
98
(file QBLS98.txt not found)
99
(file QBLS99.txt not found)
100
(file QBLS100.txt not found)
101
(file QBLS101.txt not found)
102
(file QBLS102.txt not found)
103
(file QBLS103.txt not found)
104
(file QBLS104.txt not found)
105
(file QBLS105.txt not found)
106
(file QBLS106.txt not found)
107
(file QBLS107.txt not found)
108
(file QBLS108.txt not found)
109
(file QBLS109.txt not found)
110
(file QBLS110.txt not found)
111
(file QBLS111.txt not found)
112
(file QBLS112.txt not found)
113
(file QBLS113.txt not found)
114
(file QBLS114.txt not found)
115
(file QBLS115.txt not found)
116
(file QBLS116.txt not found)
117
(file QBLS117.txt not found)
118
(file QBLS118.txt not found)
119
(file QBLS119.txt not found)
120
(file QBLS120.txt not found)
121
(file QBLS121.txt not found)
122
(file QBLS122.txt not found)
123
(file QBLS123.txt not found)
124
(file QBLS124.txt not found)
125
(file QBLS125.txt not found)
126
(file QBLS126.txt not found)
127
(file QBLS127.txt not found)
128
(file QBLS128.txt not found)
129
(file QBLS129.txt not found)
130
(file QBLS130.txt not found)
131
(file QBLS131.txt not found)
132
(file QBLS132.txt not found)
133
(file QBLS133.txt not found)
134
(file QBLS134.txt not found)
135
(file QBLS135.txt not found)
136
(file QBLS136.txt not found)
137
(file QBLS137.txt not found)
138
(file QBLS138.txt not found)
139
(file QBLS139.txt not found)
140
(file QBLS140.txt not found)
141
(file QBLS141.txt not found)
142
(file QBLS142.txt not found)
143
(file QBLS143.txt not found)
144
(file QBLS144.txt not found)
145
(file QBLS145.txt not found)
146
(file QBLS146.txt not found)
147
(file QBLS147.txt not found)
148
(file QBLS148.txt not found)
149
(file QBLS149.txt not found)
150
(file QBLS150.txt not found)
151
(file QBLS151.txt not found)
152
(file QBLS152.txt not found)
153
(file QBLS153.txt not found)
154
(file QBLS154.txt not found)
155
(file QBLS155.txt not found)
156
(file QBLS156.txt not found)
157
(file QBLS157.txt not found)
158
(file QBLS158.txt not found)
159
(file QBLS159.txt not found)
160
(file QBLS160.txt not found)
161
(file QBLS161.txt not found)
162
(file QBLS162.txt not found)
163
(file QBLS163.txt not found)
164
(file QBLS164.txt not found)
165
(file QBLS165.txt not found)
166
(file QBLS166.txt not found)
167
(file QBLS167.txt not found)
168
(file QBLS168.txt not found)
169
(file QBLS169.txt not found)
170
(file QBLS170.txt not found)
171
(file QBLS171.txt not found)
172
(file QBLS172.txt not found)
173
(file QBLS173.txt not found)
174
(file QBLS174.txt not found)
175
(file QBLS175.txt not found)
176
(file QBLS176.txt not found)
177
(file QBLS177.txt not found)
178
(file QBLS178.txt not found)
179
(file QBLS179.txt not found)
180
(file QBLS180.txt not found)
181
(file QBLS181.txt not found)
182
(file QBLS182.txt not found)
183
(file QBLS183.txt not found)
184
(file QBLS184.txt not found)
185
(file QBLS185.txt not found)
186
(file QBLS186.txt not found)
187
(file QBLS187.txt not found)
188
(file QBLS188.txt not found)
189
(file QBLS189.txt not found)
190
(file QBLS190.txt not found)
191
(file QBLS191.txt not found)
192
(file QBLS192.txt not found)
193
(file QBLS193.txt not found)
194
(file QBLS194.txt not found)
195
(file QBLS195.txt not found)
196
(file QBLS196.txt not found)
197
(file QBLS197.txt not found)
198
(file QBLS198.txt not found)
199
(file QBLS199.txt not found)
200
(file QBLS200.txt not found)
201
(file QBLS201.txt not found)
202
(file QBLS202.txt not found)
203
(file QBLS203.txt not found)
204
(file QBLS204.txt not found)
205
(file QBLS205.txt not found)
206
(file QBLS206.txt not found)
207
(file QBLS207.txt not found)
208
(file QBLS208.txt not found)
209
(file QBLS209.txt not found)
210
(file QBLS210.txt not found)
211
(file QBLS211.txt not found)
212
(file QBLS212.txt not found)
213
(file QBLS213.txt not found)
214
(file QBLS214.txt not found)
215
(file QBLS215.txt not found)
216
(file QBLS216.txt not found)
217
(file QBLS217.txt not found)
218
(file QBLS218.txt not found)
219
(file QBLS219.txt not found)
220
(file QBLS220.txt not found)
221
(file QBLS221.txt not found)
222
(file QBLS222.txt not found)
223
(file QBLS223.txt not found)
224
(file QBLS224.txt not found)
225
(file QBLS225.txt not found)
226
(file QBLS226.txt not found)
227
(file QBLS227.txt not found)
228
(file QBLS228.txt not found)
229
(file QBLS229.txt not found)
230
(file QBLS230.txt not found)
231
(file QBLS231.txt not found)
232
(file QBLS232.txt not found)
233
(file QBLS233.txt not found)
234
(file QBLS234.txt not found)
235
(file QBLS235.txt not found)
236
(file QBLS236.txt not found)
237
(file QBLS237.txt not found)
238
(file QBLS238.txt not found)
239
(file QBLS239.txt not found)
240
(file QBLS240.txt not found)
241
(file QBLS241.txt not found)
242
(file QBLS242.txt not found)
243
(file QBLS243.txt not found)
244
(file QBLS244.txt not found)
245
(file QBLS245.txt not found)
246
(file QBLS246.txt not found)
247
(file QBLS247.txt not found)
248
(file QBLS248.txt not found)
249
(file QBLS249.txt not found)
250
(file QBLS250.txt not found)
251
(file QBLS251.txt not found)
252
(file QBLS252.txt not found)
253
(file QBLS253.txt not found)
254
(file QBLS254.txt not found)
255
(file QBLS255.txt not found)
256
(file QBLS256.txt not found)
257
(file QBLS257.txt not found)
258
(file QBLS258.txt not found)
259
(file QBLS259.txt not found)
260
(file QBLS260.txt not found)
261
(file QBLS261.txt not found)
262
(file QBLS262.txt not found)
263
(file QBLS263.txt not found)
264
(file QBLS264.txt not found)
265
(file QBLS265.txt not found)
266
(file QBLS266.txt not found)
267
(file QBLS267.txt not found)
268
(file QBLS268.txt not found)
269
(file QBLS269.txt not found)
270
(file QBLS270.txt not found)
271
(file QBLS271.txt not found)
272
(file QBLS272.txt not found)
273
(file QBLS273.txt not found)
274
(file QBLS274.txt not found)
275
(file QBLS275.txt not found)
276
(file QBLS276.txt not found)
277
(file QBLS277.txt not found)
278
(file QBLS278.txt not found)
279
(file QBLS279.txt not found)
280
(file QBLS280.txt not found)
281
(file QBLS281.txt not found)
282
(file QBLS282.txt not found)
283
(file QBLS283.txt not found)
284
(file QBLS284.txt not found)
285
(file QBLS285.txt not found)
286
(file QBLS286.txt not found)
287
(file QBLS287.txt not found)
288
(file QBLS288.txt not found)
289
(file QBLS289.txt not found)
290
(file QBLS290.txt not found)
291
(file QBLS291.txt not found)
292
(file QBLS292.txt not found)
293
(file QBLS293.txt not found)
294
(file QBLS294.txt not found)
295
(file QBLS295.txt not found)
296
(file QBLS296.txt not found)
297
(file QBLS297.txt not found)
298
(file QBLS298.txt not found)
299
(file QBLS299.txt not found)
300
(file QBLS300.txt not found)
301
(file QBLS301.txt not found)
302
(file QBLS302.txt not found)
303
(file QBLS303.txt not found)
304
(file QBLS304.txt not found)
305
(file QBLS305.txt not found)
306
(file QBLS306.txt not found)
307
(file QBLS307.txt not found)
308
(file QBLS308.txt not found)
309
(file QBLS309.txt not found)
310
(file QBLS310.txt not found)
311
(file QBLS311.txt not found)
312
(file QBLS312.txt not found)
313
(file QBLS313.txt not found)
314
(file QBLS314.txt not found)
315
(file QBLS315.txt not found)
316
(file QBLS316.txt not found)
317
(file QBLS317.txt not found)
318
(file QBLS318.txt not found)
319
(file QBLS319.txt not found)
320
(file QBLS320.txt not found)
321
(file QBLS321.txt not found)
322
(file QBLS322.txt not found)
323
(file QBLS323.txt not found)
324
(file QBLS324.txt not found)
325
(file QBLS325.txt not found)
326
(file QBLS326.txt not found)
327
(file QBLS327.txt not found)
328
(file QBLS328.txt not found)
329
(file QBLS329.txt not found)
330
(file QBLS330.txt not found)
331
(file QBLS331.txt not found)
332
(file QBLS332.txt not found)
333
(file QBLS333.txt not found)
334
(file QBLS334.txt not found)
335
(file QBLS335.txt not found)
336
(file QBLS336.txt not found)
337
(file QBLS337.txt not found)
338
(file QBLS338.txt not found)
339
(file QBLS339.txt not found)
340
(file QBLS340.txt not found)
341
(file QBLS341.txt not found)
342
(file QBLS342.txt not found)
343
(file QBLS343.txt not found)
344
(file QBLS344.txt not found)
345
(file QBLS345.txt not found)
346
(file QBLS346.txt not found)
347
(file QBLS347.txt not found)
348
(file QBLS348.txt not found)
349
(file QBLS349.txt not found)
350
(file QBLS350.txt not found)
351
(file QBLS351.txt not found)
352
(file QBLS352.txt not found)
353
(file QBLS353.txt not found)
354
(file QBLS354.txt not found)
355
(file QBLS355.txt not found)
356
(file QBLS356.txt not found)
357
(file QBLS357.txt not found)
358
(file QBLS358.txt not found)
359
(file QBLS359.txt not found)
360
(file QBLS360.txt not found)
361
(file QBLS361.txt not found)
362
(file QBLS362.txt not found)
363
(file QBLS363.txt not found)
364
(file QBLS364.txt not found)
365
(file QBLS365.txt not found)
366
(file QBLS366.txt not found)
367
(file QBLS367.txt not found)
368
(file QBLS368.txt not found)
369
(file QBLS369.txt not found)
370
(file QBLS370.txt not found)
371
(file QBLS371.txt not found)
372
(file QBLS372.txt not found)
373
(file QBLS373.txt not found)
374
(file QBLS374.txt not found)
375
(file QBLS375.txt not found)
376
(file QBLS376.txt not found)
377
(file QBLS377.txt not found)
378
(file QBLS378.txt not found)
379
(file QBLS379.txt not found)
380
(file QBLS380.txt not found)
381
(file QBLS381.txt not found)
382
(file QBLS382.txt not found)
383
(file QBLS383.txt not found)
384
(file QBLS384.txt not found)
385
(file QBLS385.txt not found)
386
(file QBLS386.txt not found)
387
(file QBLS387.txt not found)
388
(file QBLS388.txt not found)
389
(file QBLS389.txt not found)
390
(file QBLS390.txt not found)
391
(file QBLS391.txt not found)
392
(file QBLS392.txt not found)
393
(file QBLS393.txt not found)
394
(file QBLS394.txt not found)
395
(file QBLS395.txt not found)
396
(file QBLS396.txt not found)
397
(file QBLS397.txt not found)
398
(file QBLS398.txt not found)
399
(file QBLS399.txt not found)
400
(file QBLS400.txt not found)
401
(file QBLS401.txt not found)
402
(file QBLS402.txt not found)
403
(file QBLS403.txt not found)
404
(file QBLS404.txt not found)
405
(file QBLS405.txt not found)
406
(file QBLS406.txt not found)
407
(file QBLS407.txt not found)
408
(file QBLS408.txt not found)
409
(file QBLS409.txt not found)
410
(file QBLS410.txt not found)
411
(file QBLS411.txt not found)
412
(file QBLS412.txt not found)
413
(file QBLS413.txt not found)
414
(file QBLS414.txt not found)
415
(file QBLS415.txt not found)
416
(file QBLS416.txt not found)
417
(file QBLS417.txt not found)
418
(file QBLS418.txt not found)
419
(file QBLS419.txt not found)
420
(file QBLS420.txt not found)
421
(file QBLS421.txt not found)
422
(file QBLS422.txt not found)
423
(file QBLS423.txt not found)
424
(file QBLS424.txt not found)
425
(file QBLS425.txt not found)
426
(file QBLS426.txt not found)
427
(file QBLS427.txt not found)
428
(file QBLS428.txt not found)
429
(file QBLS429.txt not found)
430
(file QBLS430.txt not found)
431
(file QBLS431.txt not found)
432
(file QBLS432.txt not found)
433
(file QBLS433.txt not found)
434
(file QBLS434.txt not found)
435
(file QBLS435.txt not found)
436
(file QBLS436.txt not found)
437
(file QBLS437.txt not found)
438
(file QBLS438.txt not found)
439
(file QBLS439.txt not found)
440
(file QBLS440.txt not found)
441
(file QBLS441.txt not found)
442
(file QBLS442.txt not found)
443
(file QBLS443.txt not found)
444
(file QBLS444.txt not found)
445
(file QBLS445.txt not found)
446
(file QBLS446.txt not found)
447
(file QBLS447.txt not found)
448
(file QBLS448.txt not found)
449
(file QBLS449.txt not found)
450
(file QBLS450.txt not found)
451
(file QBLS451.txt not found)
452
(file QBLS452.txt not found)
453
(file QBLS453.txt not found)
454
(file QBLS454.txt not found)
455
(file QBLS455.txt not found)
456
(file QBLS456.txt not found)
457
(file QBLS457.txt not found)
458
(file QBLS458.txt not found)
459
(file QBLS459.txt not found)
460
(file QBLS460.txt not found)
461
(file QBLS461.txt not found)
462
(file QBLS462.txt not found)
463
(file QBLS463.txt not found)
464
(file QBLS464.txt not found)
465
(file QBLS465.txt not found)
466
(file QBLS466.txt not found)
467
(file QBLS467.txt not found)
468
(file QBLS468.txt not found)
469
(file QBLS469.txt not found)
470
(file QBLS470.txt not found)
471
(file QBLS471.txt not found)
472
(file QBLS472.txt not found)
473
(file QBLS473.txt not found)
474
(file QBLS474.txt not found)
475
(file QBLS475.txt not found)
476
(file QBLS476.txt not found)
477
(file QBLS477.txt not found)
478
(file QBLS478.txt not found)
479
(file QBLS479.txt not found)
480
(file QBLS480.txt not found)
481
(file QBLS481.txt not found)
482
(file QBLS482.txt not found)
483
(file QBLS483.txt not found)
484
(file QBLS484.txt not found)
485
(file QBLS485.txt not found)
486
(file QBLS486.txt not found)
487
(file QBLS487.txt not found)
488
(file QBLS488.txt not found)
489
(file QBLS489.txt not found)
490
(file QBLS490.txt not found)
491
(file QBLS491.txt not found)
492
(file QBLS492.txt not found)
493
(file QBLS493.txt not found)
494
(file QBLS494.txt not found)
495
(file QBLS495.txt not found)
496
(file QBLS496.txt not found)
497
(file QBLS497.txt not found)
498
(file QBLS498.txt not found)
499
(file QBLS499.txt not found)
500
(file QBLS500.txt not found)
501
(file QBLS501.txt not found)
502
(file QBLS502.txt not found)
503
(file QBLS503.txt not found)
504
(file QBLS504.txt not found)
505
(file QBLS505.txt not found)
506
(file QBLS506.txt not found)
507
(file QBLS507.txt not found)
508
(file QBLS508.txt not found)
509
(file QBLS509.txt not found)
510
(file QBLS510.txt not found)
511
(file QBLS511.txt not found)
512
(file QBLS512.txt not found)
513
(file QBLS513.txt not found)
514
(file QBLS514.txt not found)
515
(file QBLS515.txt not found)
516
(file QBLS516.txt not found)
517
(file QBLS517.txt not found)
518
(file QBLS518.txt not found)
519
(file QBLS519.txt not found)
520
(file QBLS520.txt not found)
521
(file QBLS521.txt not found)
522
(file QBLS522.txt not found)
523
(file QBLS523.txt not found)
524
(file QBLS524.txt not found)
525
(file QBLS525.txt not found)
526
(file QBLS526.txt not found)
527
(file QBLS527.txt not found)
528
(file QBLS528.txt not found)
529
(file QBLS529.txt not found)
530
(file QBLS530.txt not found)
531
(file QBLS531.txt not found)
532
(file QBLS532.txt not found)
533
(file QBLS533.txt not found)
534
(file QBLS534.txt not found)
535
(file QBLS535.txt not found)
536
(file QBLS536.txt not found)
537
(file QBLS537.txt not found)
538
(file QBLS538.txt not found)
539
(file QBLS539.txt not found)
540
(file QBLS540.txt not found)
541
(file QBLS541.txt not found)
542
(file QBLS542.txt not found)
543
(file QBLS543.txt not found)
544
(file QBLS544.txt not found)
545
(file QBLS545.txt not found)
546
(file QBLS546.txt not found)
547
(file QBLS547.txt not found)
548
(file QBLS548.txt not found)
549
(file QBLS549.txt not found)
550
(file QBLS550.txt not found)
551
(file QBLS551.txt not found)
552
(file QBLS552.txt not found)
553
(file QBLS553.txt not found)
554
(file QBLS554.txt not found)
555
(file QBLS555.txt not found)
556
(file QBLS556.txt not found)
557
(file QBLS557.txt not found)
558
(file QBLS558.txt not found)
559
(file QBLS559.txt not found)
560
(file QBLS560.txt not found)
561
(file QBLS561.txt not found)
562
(file QBLS562.txt not found)
563
(file QBLS563.txt not found)
564
(file QBLS564.txt not found)
565
(file QBLS565.txt not found)
566
(file QBLS566.txt not found)
567
(file QBLS567.txt not found)
568
(file QBLS568.txt not found)
569
(file QBLS569.txt not found)
570
(file QBLS570.txt not found)
571
(file QBLS571.txt not found)
572
(file QBLS572.txt not found)
573
(file QBLS573.txt not found)
574
(file QBLS574.txt not found)
575
(file QBLS575.txt not found)
576
(file QBLS576.txt not found)
577
(file QBLS577.txt not found)
578
(file QBLS578.txt not found)
579
(file QBLS579.txt not found)
580
(file QBLS580.txt not found)
581
(file QBLS581.txt not found)
582
(file QBLS582.txt not found)
583
(file QBLS583.txt not found)
584
(file QBLS584.txt not found)
585
(file QBLS585.txt not found)
586
(file QBLS586.txt not found)
587
(file QBLS587.txt not found)
588
(file QBLS588.txt not found)
589
(file QBLS589.txt not found)
590
(file QBLS590.txt not found)
591
(file QBLS591.txt not found)
592
(file QBLS592.txt not found)
593
(file QBLS593.txt not found)
594
(file QBLS594.txt not found)
595
(file QBLS595.txt not found)
596
(file QBLS596.txt not found)
597
(file QBLS597.txt not found)
598
(file QBLS598.txt not found)
599
(file QBLS599.txt not found)
600
(file QBLS600.txt not found)
601
(file QBLS601.txt not found)
602
(file QBLS602.txt not found)
603
(file QBLS603.txt not found)
604
(file QBLS604.txt not found)
605
(file QBLS605.txt not found)
606
(file QBLS606.txt not found)
607
(file QBLS607.txt not found)
608
(file QBLS608.txt not found)
609
(file QBLS609.txt not found)
610
(file QBLS610.txt not found)
611
(file QBLS611.txt not found)
612
(file QBLS612.txt not found)
613
(file QBLS613.txt not found)
614
(file QBLS614.txt not found)
615
(file QBLS615.txt not found)
616
(file QBLS616.txt not found)
617
(file QBLS617.txt not found)
618
(file QBLS618.txt not found)
619
(file QBLS619.txt not found)
620
(file QBLS620.txt not found)
621
(file QBLS621.txt not found)
622
(file QBLS622.txt not found)
623
(file QBLS623.txt not found)
624
(file QBLS624.txt not found)
625
(file QBLS625.txt not found)
626
(file QBLS626.txt not found)
627
(file QBLS627.txt not found)
628
(file QBLS628.txt not found)
629
(file QBLS629.txt not found)
630
(file QBLS630.txt not found)
631
(file QBLS631.txt not found)
632
(file QBLS632.txt not found)
633
(file QBLS633.txt not found)
634
(file QBLS634.txt not found)
635
(file QBLS635.txt not found)
636
(file QBLS636.txt not found)
637
(file QBLS637.txt not found)
638
(file QBLS638.txt not found)
639
(file QBLS639.txt not found)
640
(file QBLS640.txt not found)
641
(file QBLS641.txt not found)
642
(file QBLS642.txt not found)
643
(file QBLS643.txt not found)
644
(file QBLS644.txt not found)
645
(file QBLS645.txt not found)
646
(file QBLS646.txt not found)
647
(file QBLS647.txt not found)
648
(file QBLS648.txt not found)
649
(file QBLS649.txt not found)
650
(file QBLS650.txt not found)
651
(file QBLS651.txt not found)
652
(file QBLS652.txt not found)
653
(file QBLS653.txt not found)
654
(file QBLS654.txt not found)
655
(file QBLS655.txt not found)
656
(file QBLS656.txt not found)
657
(file QBLS657.txt not found)
658
(file QBLS658.txt not found)
659
(file QBLS659.txt not found)
660
(file QBLS660.txt not found)
661
(file QBLS661.txt not found)
662
(file QBLS662.txt not found)
663
(file QBLS663.txt not found)
664
(file QBLS664.txt not found)
665
(file QBLS665.txt not found)
666
(file QBLS666.txt not found)
667
(file QBLS667.txt not found)
668
(file QBLS668.txt not found)
669
(file QBLS669.txt not found)
670
(file QBLS670.txt not found)
671
(file QBLS671.txt not found)
672
(file QBLS672.txt not found)
673
(file QBLS673.txt not found)
674
(file QBLS674.txt not found)
675
(file QBLS675.txt not found)
676
(file QBLS676.txt not found)
677
(file QBLS677.txt not found)
678
(file QBLS678.txt not found)
679
(file QBLS679.txt not found)
680
(file QBLS680.txt not found)
681
(file QBLS681.txt not found)
682
(file QBLS682.txt not found)
683
(file QBLS683.txt not found)
684
(file QBLS684.txt not found)
685
(file QBLS685.txt not found)
686
(file QBLS686.txt not found)
687
(file QBLS687.txt not found)
688
(file QBLS688.txt not found)
689
(file QBLS689.txt not found)
690
(file QBLS690.txt not found)
691
(file QBLS691.txt not found)
692
(file QBLS692.txt not found)
693
(file QBLS693.txt not found)
694
(file QBLS694.txt not found)
695
(file QBLS695.txt not found)
696
(file QBLS696.txt not found)
697
(file QBLS697.txt not found)
698
(file QBLS698.txt not found)
699
(file QBLS699.txt not found)
700
(file QBLS700.txt not found)
701
(file QBLS701.txt not found)
702
(file QBLS702.txt not found)
703
(file QBLS703.txt not found)
704
(file QBLS704.txt not found)
705
(file QBLS705.txt not found)
706
(file QBLS706.txt not found)
707
(file QBLS707.txt not found)
708
(file QBLS708.txt not found)
709
(file QBLS709.txt not found)
710
(file QBLS710.txt not found)
711
(file QBLS711.txt not found)
712
(file QBLS712.txt not found)
713
(file QBLS713.txt not found)
714
(file QBLS714.txt not found)
715
(file QBLS715.txt not found)
716
(file QBLS716.txt not found)
717
(file QBLS717.txt not found)
718
(file QBLS718.txt not found)
719
(file QBLS719.txt not found)
720
(file QBLS720.txt not found)
721
(file QBLS721.txt not found)
722
(file QBLS722.txt not found)
723
(file QBLS723.txt not found)
724
(file QBLS724.txt not found)
725
(file QBLS725.txt not found)
726
(file QBLS726.txt not found)
727
(file QBLS727.txt not found)
728
(file QBLS728.txt not found)
729
(file QBLS729.txt not found)
730
(file QBLS730.txt not found)
731
(file QBLS731.txt not found)
732
(file QBLS732.txt not found)
733
(file QBLS733.txt not found)
734
(file QBLS734.txt not found)
735
(file QBLS735.txt not found)
736
(file QBLS736.txt not found)
737
(file QBLS737.txt not found)
738
(file QBLS738.txt not found)
739
(file QBLS739.txt not found)
740
(file QBLS740.txt not found)
741
(file QBLS741.txt not found)
742
(file QBLS742.txt not found)
743
(file QBLS743.txt not found)
744
(file QBLS744.txt not found)
745
(file QBLS745.txt not found)
746
(file QBLS746.txt not found)
747
(file QBLS747.txt not found)
748
(file QBLS748.txt not found)
749
(file QBLS749.txt not found)
750
(file QBLS750.txt not found)
751
(file QBLS751.txt not found)
752
(file QBLS752.txt not found)
753
(file QBLS753.txt not found)
754
(file QBLS754.txt not found)
755
(file QBLS755.txt not found)
756
(file QBLS756.txt not found)
757
(file QBLS757.txt not found)
758
(file QBLS758.txt not found)
759
(file QBLS759.txt not found)
760
(file QBLS760.txt not found)
761
(file QBLS761.txt not found)
762
(file QBLS762.txt not found)
763
(file QBLS763.txt not found)
764
(file QBLS764.txt not found)
765
(file QBLS765.txt not found)
766
(file QBLS766.txt not found)
767
(file QBLS767.txt not found)
768
(file QBLS768.txt not found)
769
(file QBLS769.txt not found)
770
(file QBLS770.txt not found)
771
(file QBLS771.txt not found)
772
(file QBLS772.txt not found)
773
(file QBLS773.txt not found)
774
(file QBLS774.txt not found)
775
(file QBLS775.txt not found)
776
(file QBLS776.txt not found)
777
(file QBLS777.txt not found)
778
(file QBLS778.txt not found)
779
(file QBLS779.txt not found)
780
(file QBLS780.txt not found)
781
(file QBLS781.txt not found)
782
(file QBLS782.txt not found)
783
(file QBLS783.txt not found)
784
(file QBLS784.txt not found)
785
(file QBLS785.txt not found)
786
(file QBLS786.txt not found)
787
(file QBLS787.txt not found)
788
(file QBLS788.txt not found)
789
(file QBLS789.txt not found)
790
(file QBLS790.txt not found)
791
(file QBLS791.txt not found)
792
(file QBLS792.txt not found)
793
(file QBLS793.txt not found)
794
(file QBLS794.txt not found)
795
(file QBLS795.txt not found)
796
(file QBLS796.txt not found)
797
(file QBLS797.txt not found)
798
(file QBLS798.txt not found)
799
(file QBLS799.txt not found)
800
(file QBLS800.txt not found)
801
(file QBLS801.txt not found)
802
(file QBLS802.txt not found)
803
(file QBLS803.txt not found)
804
(file QBLS804.txt not found)
805
(file QBLS805.txt not found)
806
(file QBLS806.txt not found)
807
(file QBLS807.txt not found)
808
(file QBLS808.txt not found)
809
(file QBLS809.txt not found)
810
(file QBLS810.txt not found)
811
(file QBLS811.txt not found)
812
(file QBLS812.txt not found)
813
(file QBLS813.txt not found)
814
(file QBLS814.txt not found)
815
(file QBLS815.txt not found)
816
(file QBLS816.txt not found)
817
(file QBLS817.txt not found)
818
(file QBLS818.txt not found)
819
(file QBLS819.txt not found)
820
(file QBLS820.txt not found)
821
(file QBLS821.txt not found)
822
(file QBLS822.txt not found)
823
(file QBLS823.txt not found)
824
(file QBLS824.txt not found)
825
(file QBLS825.txt not found)
826
(file QBLS826.txt not found)
827
(file QBLS827.txt not found)
828
(file QBLS828.txt not found)
829
(file QBLS829.txt not found)
830
(file QBLS830.txt not found)
831
(file QBLS831.txt not found)
832
(file QBLS832.txt not found)
833
(file QBLS833.txt not found)
834
(file QBLS834.txt not found)
835
(file QBLS835.txt not found)
836
(file QBLS836.txt not found)
837
(file QBLS837.txt not found)
838
(file QBLS838.txt not found)
839
(file QBLS839.txt not found)
840
(file QBLS840.txt not found)
841
(file QBLS841.txt not found)
842
(file QBLS842.txt not found)
843
(file QBLS843.txt not found)
844
(file QBLS844.txt not found)
845
(file QBLS845.txt not found)
846
(file QBLS846.txt not found)
847
(file QBLS847.txt not found)
848
(file QBLS848.txt not found)
849
(file QBLS849.txt not found)
850
(file QBLS850.txt not found)
851
(file QBLS851.txt not found)
852
(file QBLS852.txt not found)
853
(file QBLS853.txt not found)
854
(file QBLS854.txt not found)
855
(file QBLS855.txt not found)
856
(file QBLS856.txt not found)
857
(file QBLS857.txt not found)
858
(file QBLS858.txt not found)
859
(file QBLS859.txt not found)
860
(file QBLS860.txt not found)
861
(file QBLS861.txt not found)
862
(file QBLS862.txt not found)
863
(file QBLS863.txt not found)
864
(file QBLS864.txt not found)
865
(file QBLS865.txt not found)
866
(file QBLS866.txt not found)
867
(file QBLS867.txt not found)
868
(file QBLS868.txt not found)
869
(file QBLS869.txt not found)
870
(file QBLS870.txt not found)
871
(file QBLS871.txt not found)
872
(file QBLS872.txt not found)
873
(file QBLS873.txt not found)
874
(file QBLS874.txt not found)
875
(file QBLS875.txt not found)
876
(file QBLS876.txt not found)
877
(file QBLS877.txt not found)
878
(file QBLS878.txt not found)
879
(file QBLS879.txt not found)
880
(file QBLS880.txt not found)
881
(file QBLS881.txt not found)
882
(file QBLS882.txt not found)
883
(file QBLS883.txt not found)
884
(file QBLS884.txt not found)
885
(file QBLS885.txt not found)
886
(file QBLS886.txt not found)
887
(file QBLS887.txt not found)
888
(file QBLS888.txt not found)
889
(file QBLS889.txt not found)
890
(file QBLS890.txt not found)
891
(file QBLS891.txt not found)
892
(file QBLS892.txt not found)
893
(file QBLS893.txt not found)
894
(file QBLS894.txt not found)
895
(file QBLS895.txt not found)
896
(file QBLS896.txt not found)
897
(file QBLS897.txt not found)
898
(file QBLS898.txt not found)
899
(file QBLS899.txt not found)
900
(file QBLS900.txt not found)
901
(file QBLS901.txt not found)
902
(file QBLS902.txt not found)
903
(file QBLS903.txt not found)
904
(file QBLS904.txt not found)
905
(file QBLS905.txt not found)
906
(file QBLS906.txt not found)
907
(file QBLS907.txt not found)
908
(file QBLS908.txt not found)
909
(file QBLS909.txt not found)
910
(file QBLS910.txt not found)
911
(file QBLS911.txt not found)
912
(file QBLS912.txt not found)
913
(file QBLS913.txt not found)
914
(file QBLS914.txt not found)
915
(file QBLS915.txt not found)
916
(file QBLS916.txt not found)
917
(file QBLS917.txt not found)
918
(file QBLS918.txt not found)
919
(file QBLS919.txt not found)
920
(file QBLS920.txt not found)
921
(file QBLS921.txt not found)
922
(file QBLS922.txt not found)
923
(file QBLS923.txt not found)
924
(file QBLS924.txt not found)
925
(file QBLS925.txt not found)
926
(file QBLS926.txt not found)
927
(file QBLS927.txt not found)
928
(file QBLS928.txt not found)
929
(file QBLS929.txt not found)
930
(file QBLS930.txt not found)
931
(file QBLS931.txt not found)
932
(file QBLS932.txt not found)
933
(file QBLS933.txt not found)
934
(file QBLS934.txt not found)
935
(file QBLS935.txt not found)
936
(file QBLS936.txt not found)
937
(file QBLS937.txt not found)
938
(file QBLS938.txt not found)
939
(file QBLS939.txt not found)
940
(file QBLS940.txt not found)
941
(file QBLS941.txt not found)
942
(file QBLS942.txt not found)
943
(file QBLS943.txt not found)
944
(file QBLS944.txt not found)
945
(file QBLS945.txt not found)
946
(file QBLS946.txt not found)
947
(file QBLS947.txt not found)
948
(file QBLS948.txt not found)
949
(file QBLS949.txt not found)
950
(file QBLS950.txt not found)
951
(file QBLS951.txt not found)
952
(file QBLS952.txt not found)
953
(file QBLS953.txt not found)
954
(file QBLS954.txt not found)
955
(file QBLS955.txt not found)
956
(file QBLS956.txt not found)
957
(file QBLS957.txt not found)
958
(file QBLS958.txt not found)
959
(file QBLS959.txt not found)
960
(file QBLS960.txt not found)
961
(file QBLS961.txt not found)
962
(file QBLS962.txt not found)
963
(file QBLS963.txt not found)
964
(file QBLS964.txt not found)
965
(file QBLS965.txt not found)
966
(file QBLS966.txt not found)
967
(file QBLS967.txt not found)
968
(file QBLS968.txt not found)
969
(file QBLS969.txt not found)
970
(file QBLS970.txt not found)
971
(file QBLS971.txt not found)
972
(file QBLS972.txt not found)
973
(file QBLS973.txt not found)
974
(file QBLS974.txt not found)
975
(file QBLS975.txt not found)
976
(file QBLS976.txt not found)
977
(file QBLS977.txt not found)
978
(file QBLS978.txt not found)
979
(file QBLS979.txt not found)
980
(file QBLS980.txt not found)
981
(file QBLS981.txt not found)
982
(file QBLS982.txt not found)
983
(file QBLS983.txt not found)
984
(file QBLS984.txt not found)
985
(file QBLS985.txt not found)
986
(file QBLS986.txt not found)
987
(file QBLS987.txt not found)
988
(file QBLS988.txt not found)
989
(file QBLS989.txt not found)
990
(file QBLS990.txt not found)
991
(file QBLS991.txt not found)
992
(file QBLS992.txt not found)
993
(file QBLS993.txt not found)
994
(file QBLS994.txt not found)
995
(file QBLS995.txt not found)
996
(file QBLS996.txt not found)
997
(file QBLS997.txt not found)
998
(file QBLS998.txt not found)
999
(file QBLS999.txt not found)
1000
(file QBLS1000.txt not found)
1001
(file QBLS1001.txt not found)
1002
(file QBLS1002.txt not found)
1003
(file QBLS1003.txt not found)
1004
(file QBLS1004.txt not found)
1005
(file QBLS1005.txt not found)
1006
(file QBLS1006.txt not found)
1007
(file QBLS1007.txt not found)
1008
(file QBLS1008.txt not found)
1009
(file QBLS1009.txt not found)
1010
(file QBLS1010.txt not found)
1011
(file QBLS1011.txt not found)
1012
(file QBLS1012.txt not found)
1013
(file QBLS1013.txt not found)
1014
(file QBLS1014.txt not found)
1015
(file QBLS1015.txt not found)
1016
(file QBLS1016.txt not found)
1017
(file QBLS1017.txt not found)
1018
(file QBLS1018.txt not found)
1019
(file QBLS1019.txt not found)
1020
(file QBLS1020.txt not found)
1021
(file QBLS1021.txt not found)
1022
(file QBLS1022.txt not found)
1023
(file QBLS1023.txt not found)
1024
(file QBLS1024.txt not found)
1025
(file QBLS1025.txt not found)
1026
(file QBLS1026.txt not found)
1027
(file QBLS1027.txt not found)
1028
(file QBLS1028.txt not found)
1029
(file QBLS1029.txt not found)
1030
(file QBLS1030.txt not found)
1031
(file QBLS1031.txt not found)
1032
(file QBLS1032.txt not found)
1033
(file QBLS1033.txt not found)
1034
(file QBLS1034.txt not found)
1035
(file QBLS1035.txt not found)
1036
(file QBLS1036.txt not found)
1037
(file QBLS1037.txt not found)
1038
(file QBLS1038.txt not found)
1039
(file QBLS1039.txt not found)
1040
(file QBLS1040.txt not found)
1041
(file QBLS1041.txt not found)
1042
(file QBLS1042.txt not found)
1043
(file QBLS1043.txt not found)
1044
(file QBLS1044.txt not found)
1045
(file QBLS1045.txt not found)
1046
(file QBLS1046.txt not found)
1047
(file QBLS1047.txt not found)
1048
(file QBLS1048.txt not found)
1049
(file QBLS1049.txt not found)
1050
(file QBLS1050.txt not found)
1051
(file QBLS1051.txt not found)
1052
(file QBLS1052.txt not found)
1053
(file QBLS1053.txt not found)
1054
(file QBLS1054.txt not found)
1055
(file QBLS1055.txt not found)
1056
(file QBLS1056.txt not found)
1057
(file QBLS1057.txt not found)
1058
(file QBLS1058.txt not found)
1059
(file QBLS1059.txt not found)
1060
(file QBLS1060.txt not found)
1061
(file QBLS1061.txt not found)
1062
(file QBLS1062.txt not found)
1063
(file QBLS1063.txt not found)
1064
(file QBLS1064.txt not found)
1065
(file QBLS1065.txt not found)
1066
(file QBLS1066.txt not found)
1067
(file QBLS1067.txt not found)
1068
(file QBLS1068.txt not found)
1069
(file QBLS1069.txt not found)
1070
(file QBLS1070.txt not found)
1071
(file QBLS1071.txt not found)
1072
(file QBLS1072.txt not found)
1073
(file QBLS1073.txt not found)
1074
(file QBLS1074.txt not found)
1075
(file QBLS1075.txt not found)
1076
(file QBLS1076.txt not found)
1077
(file QBLS1077.txt not found)
1078
(file QBLS1078.txt not found)
1079
(file QBLS1079.txt not found)
1080
(file QBLS1080.txt not found)
1081
(file QBLS1081.txt not found)
1082
(file QBLS1082.txt not found)
1083
(file QBLS1083.txt not found)
1084
(file QBLS1084.txt not found)
1085
(file QBLS1085.txt not found)
1086
(file QBLS1086.txt not found)
1087
(file QBLS1087.txt not found)
1088
(file QBLS1088.txt not found)
1089
(file QBLS1089.txt not found)
1090
(file QBLS1090.txt not found)
1091
(file QBLS1091.txt not found)
1092
(file QBLS1092.txt not found)
1093
(file QBLS1093.txt not found)
1094
(file QBLS1094.txt not found)
1095
(file QBLS1095.txt not found)
1096
(file QBLS1096.txt not found)
1097
(file QBLS1097.txt not found)
1098
(file QBLS1098.txt not found)
1099
(file QBLS1099.txt not found)
1100
(file QBLS1100.txt not found)
1101
(file QBLS1101.txt not found)
1102
(file QBLS1102.txt not found)
1103
(file QBLS1103.txt not found)
1104
(file QBLS1104.txt not found)
1105
(file QBLS1105.txt not found)
1106
(file QBLS1106.txt not found)
1107
(file QBLS1107.txt not found)
1108
(file QBLS1108.txt not found)
1109
(file QBLS1109.txt not found)
1110
(file QBLS1110.txt not found)
1111
(file QBLS1111.txt not found)
1112
(file QBLS1112.txt not found)
1113
(file QBLS1113.txt not found)
1114
(file QBLS1114.txt not found)
1115
(file QBLS1115.txt not found)
1116
(file QBLS1116.txt not found)
1117
(file QBLS1117.txt not found)
1118
(file QBLS1118.txt not found)
1119
(file QBLS1119.txt not found)
1120
(file QBLS1120.txt not found)
1121
(file QBLS1121.txt not found)
1122
(file QBLS1122.txt not found)
1123
(file QBLS1123.txt not found)
1124
(file QBLS1124.txt not found)
1125
(file QBLS1125.txt not found)
1126
(file QBLS1126.txt not found)
1127
(file QBLS1127.txt not found)
1128
(file QBLS1128.txt not found)
1129
(file QBLS1129.txt not found)
1130
(file QBLS1130.txt not found)
1131
(file QBLS1131.txt not found)
1132
(file QBLS1132.txt not found)
1133
(file QBLS1133.txt not found)
1134
(file QBLS1134.txt not found)
1135
(file QBLS1135.txt not found)
1136
(file QBLS1136.txt not found)
1137
(file QBLS1137.txt not found)
1138
(file QBLS1138.txt not found)
1139
(file QBLS1139.txt not found)
1140
(file QBLS1140.txt not found)
1141
(file QBLS1141.txt not found)
1142
(file QBLS1142.txt not found)
1143
(file QBLS1143.txt not found)
1144
(file QBLS1144.txt not found)
1145
(file QBLS1145.txt not found)
1146
(file QBLS1146.txt not found)
1147
(file QBLS1147.txt not found)
1148
(file QBLS1148.txt not found)
1149
(file QBLS1149.txt not found)
1150
(file QBLS1150.txt not found)
1151
(file QBLS1151.txt not found)
1152
(file QBLS1152.txt not found)
1153
(file QBLS1153.txt not found)
1154
(file QBLS1154.txt not found)
1155
(file QBLS1155.txt not found)
1156
(file QBLS1156.txt not found)
1157
(file QBLS1157.txt not found)
1158
(file QBLS1158.txt not found)
1159
(file QBLS1159.txt not found)
1160
(file QBLS1160.txt not found)
1161
(file QBLS1161.txt not found)
1162
(file QBLS1162.txt not found)
1163
(file QBLS1163.txt not found)
1164
(file QBLS1164.txt not found)
1165
(file QBLS1165.txt not found)
1166
(file QBLS1166.txt not found)
1167
(file QBLS1167.txt not found)
1168
(file QBLS1168.txt not found)
1169
(file QBLS1169.txt not found)
1170
(file QBLS1170.txt not found)
1171
(file QBLS1171.txt not found)
1172
(file QBLS1172.txt not found)

. 
. capture drop st_min st_max bordersegment

. bys pair_id_numeric: egen st_min=min(fipsstate)

. by  pair_id_numeric: egen st_max=max(fipsstate)

. egen bordersegment=group(st_min st_max)

. bys bordersegment pair_id_numeric: gen temp=_n==1

. sort bordersegment pair_id_numeric fipsnumeric time

. outsheet bordersegment pair_id_numeric using bordersegment_cluster.txt if tem
> p==1, nonames replace
(file bordersegment_cluster.txt not found)

. drop temp

. 
. cd "${CodeDirec}"
/Users/mac/JPE-replications/JPE-Mitman-2016256/replication-package/replication-
> package/code/exporters

. 
end of do-file
