
  ___  ____  ____  ____  ____ ®
 /__    /   ____/   /   ____/      StataNow 19.5
___/   /   /___/   /   /___/       MP—Parallel Edition

 Statistics and Data Science       Copyright 1985-2025 StataCorp LLC
                                   StataCorp
                                   4905 Lakeway Drive
                                   College Station, Texas 77845 USA
                                   800-782-8272        https://www.stata.com
                                   979-696-4600        service@stata.com

Stata license: Unlimited-user 2-core network, expiring  8 Jun 2027
Serial number: 501909302568
  Licensed to: wiktorze
               Sciences Po

Notes:
      1. Stata is running in batch mode.
      2. Unicode is supported; see help unicode_advice.
      3. More than 2 billion observations are allowed; see help obs_advice.
      4. Maximum number of variables is set to 5,000 but can be increased;
          see help set_maxvar.

. do RunBuild.do 

. *****************************************************************************
> *****************
. * RunBuild.do  --  one-command orchestrator for the entire data build.
. *
. * Run from the code/ directory:
. *     do "RunBuild.do"                 (interactive)
. *     stata-mp -b do RunBuild.do       (batch)
. *
. * config.do is sourced ONCE here. Its globals (${rawdata} ${code} ${processed
> } ${vacfile} ...)
. * survive the `clear all' at the top of each child script, so no child needs 
> to re-set paths.
. * `cd "${code}"' is reissued before each child because several producers cd i
> nto working dirs.
. *
. * ---------------------------------------------------------------------------
> ------------------
. * STAGE 1 (default ON) -- build every from-raw input in data/raw/ from primar
> y sources, via the
. *   producers in build/RawDataScripts/.  The archive ships NO pre-built inter
> mediates, so this
. *   stage runs by default (`rebuild_from_raw' = 1).  Each source's raw inputs
>  and build steps are
. *   documented in build/RawDataScripts/<source>/SOURCE_NOTES.md.
. *
. *   NOT built by Stage 1 (shipped as PROVIDED inputs -- no in-kit producer):
. *     benefit weeks       benefit_weeks (the ONE consolidated weeks input the
>  build
. *                         merges), plus Fullbenefits_MeanWks_Update (consumed
>  only by
. *                         the LAUS Stage-1 chain, step 2)
. *     external downloads  LatLongData, cbsacode_xwalk
. *     archived/published  population_age (Census county pop, pre-rebase vinta
> ge),
. *                         cpssep (Shimer 2012 separation series)
. *
. *   One Stage-1 step is MATLAB, which Stata cannot call: JobFinding/step1_bac
> koutf_fp.m. Run it in
. *   MATLAB first (do_replication.sh does this); it writes jobfindingfp_v12.tx
> t that steps 2-3 consume.
. *
. * STAGE 2 (always) -- build the three master datasets in data/processed/ via 
> UIMacro_BuildData.do:
. *   UIMacro_RevisionData, UIMacro_DataControls, ProcessedWages.
. *
. * HWOL county/state vacancies are proprietary; the kit ships a synthetic stan
> d-in and the build
. * reads it through ${vacfile}/${statefile} (config), so only public/synthetic
>  data is used. The
. * Data Editor swaps in licensed HWOL via those switches to reproduce publishe
> d vacancy numbers.
. *****************************************************************************
> *****************
. 
. clear all

. do "config.do"

. * ===========================================================================
. * config.do  --  single path configuration for the replication archive.
. *
. * HOW TO RUN: from a Stata session whose working directory is `code/`, first
. *     do "config.do"
. * then run any pipeline script (also from `code/`), e.g. `do build/UIMacro_Bu
> ildData.do`.
. * Each pipeline script re-runs this file itself, so you can also run them dir
> ectly
. * from `code/`. EDIT THE ONE LINE below to this archive's location on your ma
> chine.
. * ===========================================================================
. 
. global root "/Users/mac/JPE-replications/JPE-Mitman-2016256/replication-packa
> ge/replication-package"          //  <-- EDIT: path to this archive

. 
. * --- derived locations (do not edit) ---
. global code          "${root}/code"

. global rawdata       "${root}/data/raw"

. global processed     "${root}/data/processed"

. global output        "${root}/output"

. global tables        "${output}/tables"

. global figures       "${output}/figures"

. global factor_csv    "${output}/factor_results"      // analysis/Matlab resul
> t CSVs (make_tables reads)

. global factor_inputs "${output}/factor_inputs"       // per-pair QBLS handoff
>  (regenerated by exporters)

. global synthetic     "${root}/synthetic-data"

. 
. * --- analysis convenience: cd "${maindirectory}"; use "${CurrentData}" / "${
> DataControls}.dta" ---
. global maindirectory "${processed}/"

. global CurrentData   "UIMacro_RevisionData.dta"

. global DataControls  "UIMacro_DataControls"

. global Wages         "ProcessedWages.dta"

. global outdirectory  "${factor_inputs}/"             // exporters write QBLS 
> here

. global latexdir      "${factor_csv}/"                // analysis/Matlab resul
> t CSVs (make_tables reads)

. 
. * --- vacancy data switch ---------------------------------------------------
. * vacfile/statefile are the two PROVIDED synthetic stand-ins for the propriet
> ary HWOL
. * inputs (synthetic-data/; the confidential HWOL data are NOT in this archive
> ). To reproduce the PUBLISHED (HWOL)
. * vacancy numbers, the Data Editor replaces these two files with the licensed
>  Conference
. * Board HWOL data and re-runs. See code/build/SYNTHETIC_VACANCY_PATH.md.
. global vacfile      "${synthetic}/new_vac_synthetic.dta"

. global statefile    "${synthetic}/StateMonthlyBorderData_synthetic.dta"

. * ImputedDataBorder is a BUILT intermediate, NOT shipped: the replicator gene
> rates it by
. * running the imputation (analysis/Impute_Input.do -> matlab/Run_Impute_Borde
> r.m ->
. * analysis/Impute_to_Stata.do) on ${vacfile}; it lands in data/processed/ (sy
> nthetic by
. * default, the real version if the Data Editor swaps in HWOL).
. global ImputedFile  "${processed}/ImputedDataBorder.dta"

. 
. * --- figure styling: the published figures were drawn under the classic
. * s2color scheme; Stata 18+ defaults to stcolor, which changes gridlines,
. * markers, and legend styling. Pin the scheme so regenerated figures match.
. cap set scheme s2color

. 
. * ensure the built-output folders exist (the archive ships them empty / absen
> t)
. cap mkdir "${processed}"

. cap mkdir "${output}"

. cap mkdir "${tables}"

. cap mkdir "${figures}"

. cap mkdir "${factor_csv}"

. cap mkdir "${factor_inputs}"

. 
. local ssc_packages "reghdfe binscatter regife outreg2 ftools coefplot tuples 
> hdfe mat2txt ivreg2 ranktest"

. if !missing("`ssc_packages'") { 
.         foreach pkg in `ssc_packages' {
  2.                 capture which `pkg' 
  3.                 if _rc == 111 {
  4.                         dis "Installing `pkg'"
  5.                         ssc install `pkg', replace
  6.                         }
  7.                 which `pkg' 
  8.                 }
/Users/mac/Library/Application Support/Stata/ado/plus/r/reghdfe.ado
*! version 6.13.1 10Jan2026
/Users/mac/Library/Application Support/Stata/ado/plus/b/binscatter.ado
*! version 7.02  24nov2013  Michael Stepner, stepner@mit.edu
Installing regife
checking regife consistency and verifying not already installed...
installing into /Users/mac/Library/Application Support/Stata/ado/plus/...
installation complete.
/Users/mac/Library/Application Support/Stata/ado/plus/r/regife.ado
/Users/mac/Library/Application Support/Stata/ado/plus/o/outreg2.ado
*! outreg2 2.3.2  17aug2014 by roywada@hotmail.com
*! based on outreg 3.0.6/4.0.0 by john_gallup@alum.swarthmore.edu
/Users/mac/Library/Application Support/Stata/ado/plus/f/ftools.ado
*! version 2.50.0 09jan2026
/Users/mac/Library/Application Support/Stata/ado/plus/c/coefplot.ado
*! version 1.8.6  22feb2023  Ben Jann
Installing tuples
checking tuples consistency and verifying not already installed...
installing into /Users/mac/Library/Application Support/Stata/ado/plus/...
installation complete.
/Users/mac/Library/Application Support/Stata/ado/plus/t/tuples.ado
*! version 4.3.0  25sep2025
/Users/mac/Library/Application Support/Stata/ado/plus/h/hdfe.ado
*! reghdfe 3.2.9 21feb2016
*! Sergio Correia (sergio.correia@duke.edu)
Installing mat2txt
checking mat2txt consistency and verifying not already installed...
installing into /Users/mac/Library/Application Support/Stata/ado/plus/...
installation complete.
/Users/mac/Library/Application Support/Stata/ado/plus/m/mat2txt.ado
*! 1.1.2 Ben Jann 24 Nov 2004
*! 1.1.1 M Blasnik 18 Feb 2004
/Users/mac/Library/Application Support/Stata/ado/plus/i/ivreg2.ado
*! ivreg2 4.1.12  14aug2024
*! authors cfb & mes
*! see end of file for version comments
/Users/mac/Library/Application Support/Stata/ado/plus/r/ranktest.ado
*! ranktest 2.0.04  21sept2020
*! authors mes & fw; KP stat based on code by fk
*! see end of file for version comments
. }

. 
end of do-file

. 
. local rebuild_from_raw = 1      // <- 1 = full from-primary rebuild (the ship
> ped default). Set 0 ONLY to

.                                 //    re-run Stage 2 after a prior full build
> ; the archive ships no
.                                 //    pre-built data/raw intermediates, so 0 
> on a fresh archive will fail.
. 
. *----------------------------------------------------------------------------
> -----------------
. * STAGE 1 -- producers (from-raw inputs)
. *----------------------------------------------------------------------------
> -----------------
. if `rebuild_from_raw' {
. 
.     * UI tax base first (feeds the QWI and QCEW tax-rate steps below)
.     cd "${code}"
/Users/mac/JPE-replications/JPE-Mitman-2016256/replication-package/replication-
> package/code
.     do "build/RawDataScripts/BuildUITax.do"

.  use "${rawdata}/UI_Tax_Data_Final.dta", clear

.  rename state_abr state_abbrev

.  
.  merge m:1 state_abbrev using "${rawdata}/state_codes"

    Result                      Number of obs
    -----------------------------------------
    Not matched                             4
        from master                         0  (_merge==1)
        from using                          4  (_merge==2)

    Matched                             1,224  (_merge==3)
    -----------------------------------------

. 
.  drop if _merge==2
(4 observations deleted)

. drop _merge

. 
. rename state_fips fipsstate

. rename year fiscal_year

. destring fipsstate, replace
fipsstate already numeric; no replace

. 
. keep fipsstate fiscal_year UI_Tax_Receipts

. save "${rawdata}/UI_Tax_Data_Fips", replace
(file
    /Users/mac/JPE-replications/JPE-Mitman-2016256/replication-package/replic
    > ation-package/data/raw/UI_Tax_Data_Fips.dta not found)
file
    /Users/mac/JPE-replications/JPE-Mitman-2016256/replication-package/replic
    > ation-package/data/raw/UI_Tax_Data_Fips.dta saved

. 
end of do-file
. 
.     * single-output producers (order-independent)
.     foreach p in                                                ///
>             JOLTS/MakeJolts                                     ///
>             FHFA/MakeFHFA_HPI                                   ///
>             IRSEquifax/Make_IRSEquifax                          ///
>             CountyDebt/MakeCountyDebt                           ///
>             Saiz/Make_Saiz_Elasticity                           ///
>             SNAP/Process_SNAP_Policy_Database                   ///
>             StatePolicies/Make_StatePolicies_Indices            ///
>             StatePolicies/Make_StatePolicies_Taxes              ///
>             BEA_Industry/Make_IndustryShares                    ///
>             BEA_GDP/Make_BEA_GDP_State_Q                        ///
>             Spending/Make_SpendingData                          ///
>             BLS_State/Make_StateEmp                             ///
>             LAUS_Additivity/Script/construct_laus_additivity {
  2.         cd "${code}"
  3.         do "build/RawDataScripts/`p'.do"
  4.     }
/Users/mac/JPE-replications/JPE-Mitman-2016256/replication-package/replication-
> package/code

. clear

. 
. * Raw: BLS JOLTS aggregate separations (jolts.csv ships in this folder).
. cd ${code}/build/RawDataScripts/JOLTS
/Users/mac/JPE-replications/JPE-Mitman-2016256/replication-package/replication-
> package/code/build/RawDataScripts/JOLTS

. insheet using "jolts.csv", clear
(4 vars, 160 obs)

. 
. rename v1 jolts_agg_seprate_m

. rename v2 year

. rename v3 month

. rename v4 quarter

. 
. replace jolts_agg_seprate_m=jolts_agg_seprate_m/100
(160 real changes made)

. 
. bys year quarter: egen jolts_agg_seprate_q=sum(jolts_agg_seprate_m)

. 
. replace jolts_agg_seprate_q=. if year==2000
(1 real change made, 1 to missing)

. 
. su quarter

    Variable |        Obs        Mean    Std. dev.       Min        Max
-------------+---------------------------------------------------------
     quarter |        160      2.4625    1.132079          1          4

. 
. save "${rawdata}/jolts2013.dta", replace
(file
    /Users/mac/JPE-replications/JPE-Mitman-2016256/replication-package/replic
    > ation-package/data/raw/jolts2013.dta not found)
file
    /Users/mac/JPE-replications/JPE-Mitman-2016256/replication-package/replic
    > ation-package/data/raw/jolts2013.dta saved

. 
end of do-file
/Users/mac/JPE-replications/JPE-Mitman-2016256/replication-package/replication-
> package/code

. * ---------------------------------------------------------------------------
. * MakeFHFA_HPI.do  ->  NewFHFA_2018_07_26.dta  (FHFA county House Price Index
> )
. * derived from the raw FHFA download.
. *
. * Raw: FHFA House Price Index, all-transactions, county, annual -- HPI_AT_BDL
> _county.xlsx
. * (public, https://www.fhfa.gov/hpi/download). Header is on row 7 (rows 1-6 a
> re notes).
. *
. * *** VINTAGE-SENSITIVE -- ship NewFHFA_2018_07_26.dta as a PROVIDED intermed
> iate. ***
. * FHFA back-revises the entire HPI series every release, so a CURRENT downloa
> d does NOT
. * reproduce the 2018-vintage values the paper used; this script reproduces
. * NewFHFA_2018_07_26 only if run on the archived 2018-vintage xlsx. The
. * shipped NewFHFA_2018_07_26.dta is the vintage-of-record (feeds tab:Endog_Va
> rs).
. * ---------------------------------------------------------------------------
. cd "${rawdata}"
/Users/mac/JPE-replications/JPE-Mitman-2016256/replication-package/replication-
> package/data/raw

. * cellrange(A7) open-ended (the 2018 vintage ended at row 82567; later vintag
> es differ)
. import excel "HPI_AT_BDL_county.xlsx", sheet("county") cellrange(A7) firstrow
>  clear
(8 vars, 79,691 obs)

. 
. rename FIPScode fipsnumeric

. rename Year year

. rename HPI fhfa_hpi

. destring year, replace
year: all characters numeric; replaced as int

. destring fhfa_hpi, replace
fhfa_hpi: all characters numeric; replaced as double
(674 missing values generated)

. destring fipsnumeric, replace
fipsnumeric: all characters numeric; replaced as long

. 
. keep if year>2004 & year<2013
(58,034 observations deleted)

. keep year fipsnumeric fhfa_hpi

. 
. save "NewFHFA_2018_07_26", replace
(file NewFHFA_2018_07_26.dta not found)
file NewFHFA_2018_07_26.dta saved

. 
end of do-file
/Users/mac/JPE-replications/JPE-Mitman-2016256/replication-package/replication-
> package/code

. * ---------------------------------------------------------------------------
. * Make_IRSEquifax.do  ->  IRSEquifax.dta
. * Builds the IRSEquifax county income/credit file that the main build merges 
> at
. * MakeDataSetsMainPaper_v5_newvac.do (merge m:1 fipsnumeric year quarter).
. *
. * SOURCE (provided, citable intermediate):
. *   networth_all_counties_2004q1_2012q4.dta -- the county-quarter net-worth/i
> ncome
. *   panel from the published replication archive for:
. *     Greg Kaplan, Kurt Mitman & Giovanni L. Violante, "Non-Durable Consumpti
> on and
. *     Housing Net Worth in the Great Recession: Evidence from Easily Accessib
> le
. *     Data," Journal of Public Economics.
. *   (In that archive it lives in RawData/.) Its construction is documented in
>  that
. *   project's data_generation.tex + prog/ (SOI county income + IRS/Equifax cr
> edit +
. *   Flow of Funds + ACS + Zillow); the underlying raw ran on the original RA'
> s
. *   machine and is not redistributed here, so we cite the published archive a
> nd ship
. *   the built county panel as the input. A copy ships in ${rawdata}/.
. *
. * This producer is the CountyIncome subsetting step: it just subsets the
. * net-worth panel to the income/housing/mortgage columns the build keeps and 
> renames
. * the county key. The ONLY column the published paper consumes is `agi` (annu
> al IRS
. * SOI county adjusted gross income, expanded across quarters) -> diff_agi, a 
> control
. * in all three tab:Endog_Vars regressions (code/analysis/Endog_Vars.do). The 
> remaining
. * columns (housing_assets*, mortgage_*, wage_income/dividends/interest/nonwag
> e_income)
. * are carried through MakeDataControls but never reach a paper artifact.
. * ---------------------------------------------------------------------------
. clear all

. set more off

. set maxvar 32767


. global DATA "${rawdata}"

. 
. use "${DATA}/networth_all_counties_2004q1_2012q4.dta", clear

. destring countycode, replace
countycode: all characters numeric; replaced as long

. rename countycode fipsnumeric

. * Only agi is consumed downstream (-> diff_agi, a tab:Endog_Vars control). Th
> e full
. * CountyIncome.do kept housing_as* mortgage_* nreturns wage_income dividends 
> interest
. * nonwage_income other_nonwage_income too, but those are unused downstream. K
> eep just
. * the consumed column.
. keep year quarter fipsnumeric agi

. sort fipsnumeric year quarter

. save "${DATA}/IRSEquifax", replace
(file
    /Users/mac/JPE-replications/JPE-Mitman-2016256/replication-package/replic
    > ation-package/data/raw/IRSEquifax.dta not found)
file
    /Users/mac/JPE-replications/JPE-Mitman-2016256/replication-package/replic
    > ation-package/data/raw/IRSEquifax.dta saved

. 
end of do-file
/Users/mac/JPE-replications/JPE-Mitman-2016256/replication-package/replication-
> package/code

. * ---------------------------------------------------------------------------
. * MakeCountyDebt.do  ->  county_debt.dta  (county debt-to-income controls)
. * Raw: NY Fed Consumer Credit Panel / Equifax county debt-to-income (public-u
> se),
. *      household-debt-by-county.csv (ships in this folder).
. * ---------------------------------------------------------------------------
. cd ${code}/build/RawDataScripts/CountyDebt
/Users/mac/JPE-replications/JPE-Mitman-2016256/replication-package/replication-
> package/code/build/RawDataScripts/CountyDebt

. import delimited "household-debt-by-county.csv", encoding(ISO-8859-1) clear
(5 vars, 225,964 obs)

. 
. rename qtr quarter

. rename area_fips fipsnumeric

. rename low  dti_low

. rename high dti_high

. gen dti_mean = (dti_high+dti_low)/2
(22,582 missing values generated)

. 
. save "${rawdata}/county_debt.dta", replace
(file
    /Users/mac/JPE-replications/JPE-Mitman-2016256/replication-package/replic
    > ation-package/data/raw/county_debt.dta not found)
file
    /Users/mac/JPE-replications/JPE-Mitman-2016256/replication-package/replic
    > ation-package/data/raw/county_debt.dta saved

. 
end of do-file
/Users/mac/JPE-replications/JPE-Mitman-2016256/replication-package/replication-
> package/code

. * ---------------------------------------------------------------------------
. * Make_Saiz_Elasticity.do  ->  housing_elasticity.dta
. * Builds the county-level land-supply instruments the main build merges
. * (MakeDataSetsMainPaper_v5_newvac.do, merge m:1 fipsnumeric):
. *   elasticity  Saiz (2010) housing-supply elasticity
. *   WRLURI      Wharton Residential Land Use Regulatory Index
. * These feed diff_elas / diff_wharton in MakeDataControls.do, the EXCLUDED IN
> STRUMENTS
. * for the house-price term (diff_fhfa_lev) in the Col-3 IV-GLS of tab:Endog_V
> ars
. * (code/analysis/Endog_Vars.do: ... (diff_fhfa_lev = diff_elas diff_wharton))
> .
. *
. * SOURCE (provided, citable raw): HOUSING_SUPPLY.dta -- the MSA-level elastic
> ity/WRLURI
. * file from the replication kit for
. *   Saiz, A. (2010). "The geographic determinants of housing supply." Quarter
> ly Journal
. *   of Economics, 125(3), 1253-1296.
. *   kit: https://drive.google.com/uc?id=1RnTT3f6w2LHjH7iPKnXqlTTkeHeMQ8ea&exp
> ort=download
. * It is keyed by `msanecma` (old MSA/NECMA/PMSA codes). Two public Census geo
> graphy
. * crosswalks map it to counties: cbsa_msanecma.dta (msanecma -> CBSA) and
. * cbsa_county.dta (CBSA -> county FIPS). All three ship in ${rawdata}/.
. *
. * DEDUP NOTE: six combined metros map >1 old MSA/PMSA to a single CBSA --
. * Dallas-Fort Worth (19100), Miami-Fort Lauderdale-West Palm Beach (33100),
. * New York-Newark-Jersey City (35620), Philadelphia-Camden-Wilmington (37980)
> ,
. * San Francisco-Oakland (41860), Seattle-Tacoma (42660) -- each with a differ
> ent Saiz
. * elasticity. A plain `bys cbsa_code: keep if _n==1` would pick among them by
>  sort order
. * (tie-break-dependent). We instead pin each of the six to a fixed msanecma, 
> so the
. * county elasticity assigned to these metros is deterministic.
. * ---------------------------------------------------------------------------
. clear all

. set more off

. global DATA "${rawdata}"

. 
. use "${DATA}/HOUSING_SUPPLY.dta", clear

. merge 1:m msanecma using "${DATA}/cbsa_msanecma.dta"

    Result                      Number of obs
    -----------------------------------------
    Not matched                             6
        from master                         6  (_merge==1)
        from using                          0  (_merge==2)

    Matched                               278  (_merge==3)
    -----------------------------------------

. keep if _merge==3
(6 observations deleted)

. drop _merge

. 
. * one MSA per CBSA. For the six multi-MSA CBSAs, pin each to a fixed msanecma
>  so the
. * selection is deterministic (a plain keep-_n==1 would be sort-order-dependen
> t);
. * all other CBSAs have a single row.
. gen byte _pri = 1

. replace _pri = 0 if (cbsa_code==19100 & msanecma==1920) | ///   Dallas-Fort W
> orth -> Dallas
>                     (cbsa_code==33100 & msanecma==8960) | ///   Miami -> West
>  Palm Beach
>                     (cbsa_code==35620 & msanecma==3640) | ///   NY -> Jersey 
> City
>                     (cbsa_code==37980 & msanecma==9160) | ///   Philadelphia 
> -> Wilmington
>                     (cbsa_code==41860 & msanecma==7360) | ///   SF-Oakland ->
>  San Francisco
>                     (cbsa_code==42660 & msanecma==7600)         //  Seattle-T
> acoma -> Seattle
(6 real changes made)

. bysort cbsa_code (_pri msanecma): keep if _n==1
(8 observations deleted)

. drop _pri

. 
. merge 1:m cbsa_code using "${DATA}/cbsa_county.dta"

    Result                      Number of obs
    -----------------------------------------
    Not matched                           917
        from master                         0  (_merge==1)
        from using                        917  (_merge==2)

    Matched                               965  (_merge==3)
    -----------------------------------------

. keep if _merge==3
(917 observations deleted)

. drop _merge

. 
. rename fips fipsnumeric

. rename fips_state_code fipsstate

. keep fipsnumeric elasticity WRLURI

. sort fipsnumeric

. save "${DATA}/housing_elasticity", replace
(file
    /Users/mac/JPE-replications/JPE-Mitman-2016256/replication-package/replic
    > ation-package/data/raw/housing_elasticity.dta not found)
file
    /Users/mac/JPE-replications/JPE-Mitman-2016256/replication-package/replic
    > ation-package/data/raw/housing_elasticity.dta saved

. 
end of do-file
/Users/mac/JPE-replications/JPE-Mitman-2016256/replication-package/replication-
> package/code

. * ---------------------------------------------------------------------------
. * Process_SNAP_Policy_Database.do  ->  SNAP_Policy_Database_Processed_2018_pr
> emerge.dta
. *
. * Builds the SNAP broad-based-categorical-eligibility controls the build merg
> es:
. * bbce2018 / bbce_asset2018 -> diff_bbce_asset2018, used in the Controls IFE 
> experiment
. * (code/exporters/OutputDataSetsUIMacro_Controls.do) and code/analysis/Table1
> _OLS_Controls.do.
. *
. * Raw (public): USDA SNAP Policy Database, SNAP_Policy_Database.csv (state x 
> month).
. *
. * NOTE: this replaces the former SNAPspend2018 / BuildSNAP.do path -- that wa
> s SNAP
. * *spending*, which fed only snap/logsnap/diff_logsnap and is never consumed 
> (removed
. * from the build). The SNAP *policy* DB (this file) is the one that feeds the
>  paper.
. * ---------------------------------------------------------------------------
. clear all

. set more off

. 
. global RAW "${code}/build/RawDataScripts/SNAP/SNAP_Policy_Database.csv"

. global OUT "${rawdata}"

. 
. insheet using "${RAW}", clear
(48 vars, 12,852 obs)

. 
. rename state_fips fipsstate

. rename state_pc   state

. rename statename  state_name

. 
. gen year  = int(yearmonth/100)

. gen month = yearmonth - year*100

. drop yearmonth

. 
. * the build consumes only the BBCE subset (the full processed DB is not neede
> d downstream)
. keep fipsstate year month bbce bbce_asset

. rename bbce       bbce2018

. rename bbce_asset bbce_asset2018

. 
. save "${OUT}/SNAP_Policy_Database_Processed_2018_premerge", replace
(file
    /Users/mac/JPE-replications/JPE-Mitman-2016256/replication-package/replic
    > ation-package/data/raw/SNAP_Policy_Database_Processed_2018_premerge.dta
    not found)
file
    /Users/mac/JPE-replications/JPE-Mitman-2016256/replication-package/replic
    > ation-package/data/raw/SNAP_Policy_Database_Processed_2018_premerge.dta
    saved

. 
end of do-file
/Users/mac/JPE-replications/JPE-Mitman-2016256/replication-package/replication-
> package/code

. * ---------------------------------------------------------------------------
. * Make_StatePolicies_Indices.do  ->  StatePolicies_indices.dta
. * Builds the four state-policy controls in StatePolicies that feed the Contro
> ls IFE
. * experiment (code/exporters/OutputDataSetsUIMacro_Controls.do) and code/anal
> ysis/Table1_OLS_Controls.do:
. *   sbsi     Small Business & Entrepreneurship Council Survival Index   (annu
> al, 2005-2012)
. *   bhi      Beacon Hill Institute State Competitiveness Index (score)  (annu
> al, 2005-2012)
. *   sbtc     Tax Foundation State Business Tax Climate Index            (quar
> terly, see below)
. *   judicial judicial-foreclosure-state flag (0/1)                      (time
> -invariant)
. *
. * No build file existed; reconstructed from the raw (all in this folder):
. *   Judicial.csv                      State,Judicial(0/1)
. *   SBSI_Data.csv                     State, abbrev, then columns 2012..2005 
> (descending)
. *   BHI_Data_2005-2012-Scoreonly.csv  state(abbrev), 2012_score..2005_score (
> descending)
. *   SBTC_Data_Scoreonly.csv           abbrev + 32 values, NO header. The 32 c
> olumns are
. *                                     QUARTERS descending from 2013Q2 to 2005
> Q3 (qid 8054..8023);
. *                                     each annual SBTC index spans Y-1 Q3 .. 
> Y Q2 (the index
. *                                     updates at Q3), so within an index-year
>  the 4 quarter
. *                                     values repeat. (The ".._Scoreonly 2.ods
> " is the headered version.)
. *
. * AK (2) and HI (15) are dropped (no Alaska/Hawaii border pairs).
. * ---------------------------------------------------------------------------
. clear all

. set more off

. do "config.do"

. * ===========================================================================
. * config.do  --  single path configuration for the replication archive.
. *
. * HOW TO RUN: from a Stata session whose working directory is `code/`, first
. *     do "config.do"
. * then run any pipeline script (also from `code/`), e.g. `do build/UIMacro_Bu
> ildData.do`.
. * Each pipeline script re-runs this file itself, so you can also run them dir
> ectly
. * from `code/`. EDIT THE ONE LINE below to this archive's location on your ma
> chine.
. * ===========================================================================
. 
. global root "/Users/mac/JPE-replications/JPE-Mitman-2016256/replication-packa
> ge/replication-package"          //  <-- EDIT: path to this archive

. 
. * --- derived locations (do not edit) ---
. global code          "${root}/code"

. global rawdata       "${root}/data/raw"

. global processed     "${root}/data/processed"

. global output        "${root}/output"

. global tables        "${output}/tables"

. global figures       "${output}/figures"

. global factor_csv    "${output}/factor_results"      // analysis/Matlab resul
> t CSVs (make_tables reads)

. global factor_inputs "${output}/factor_inputs"       // per-pair QBLS handoff
>  (regenerated by exporters)

. global synthetic     "${root}/synthetic-data"

. 
. * --- analysis convenience: cd "${maindirectory}"; use "${CurrentData}" / "${
> DataControls}.dta" ---
. global maindirectory "${processed}/"

. global CurrentData   "UIMacro_RevisionData.dta"

. global DataControls  "UIMacro_DataControls"

. global Wages         "ProcessedWages.dta"

. global outdirectory  "${factor_inputs}/"             // exporters write QBLS 
> here

. global latexdir      "${factor_csv}/"                // analysis/Matlab resul
> t CSVs (make_tables reads)

. 
. * --- vacancy data switch ---------------------------------------------------
. * vacfile/statefile are the two PROVIDED synthetic stand-ins for the propriet
> ary HWOL
. * inputs (synthetic-data/; the confidential HWOL data are NOT in this archive
> ). To reproduce the PUBLISHED (HWOL)
. * vacancy numbers, the Data Editor replaces these two files with the licensed
>  Conference
. * Board HWOL data and re-runs. See code/build/SYNTHETIC_VACANCY_PATH.md.
. global vacfile      "${synthetic}/new_vac_synthetic.dta"

. global statefile    "${synthetic}/StateMonthlyBorderData_synthetic.dta"

. * ImputedDataBorder is a BUILT intermediate, NOT shipped: the replicator gene
> rates it by
. * running the imputation (analysis/Impute_Input.do -> matlab/Run_Impute_Borde
> r.m ->
. * analysis/Impute_to_Stata.do) on ${vacfile}; it lands in data/processed/ (sy
> nthetic by
. * default, the real version if the Data Editor swaps in HWOL).
. global ImputedFile  "${processed}/ImputedDataBorder.dta"

. 
. * --- figure styling: the published figures were drawn under the classic
. * s2color scheme; Stata 18+ defaults to stcolor, which changes gridlines,
. * markers, and legend styling. Pin the scheme so regenerated figures match.
. cap set scheme s2color

. 
. * ensure the built-output folders exist (the archive ships them empty / absen
> t)
. cap mkdir "${processed}"

. cap mkdir "${output}"

. cap mkdir "${tables}"

. cap mkdir "${figures}"

. cap mkdir "${factor_csv}"

. cap mkdir "${factor_inputs}"

. 
. local ssc_packages "reghdfe binscatter regife outreg2 ftools coefplot tuples 
> hdfe mat2txt ivreg2 ranktest"

. if !missing("`ssc_packages'") { 
.         foreach pkg in `ssc_packages' {
  2.                 capture which `pkg' 
  3.                 if _rc == 111 {
  4.                         dis "Installing `pkg'"
  5.                         ssc install `pkg', replace
  6.                         }
  7.                 which `pkg' 
  8.                 }
/Users/mac/Library/Application Support/Stata/ado/plus/r/reghdfe.ado
*! version 6.13.1 10Jan2026
/Users/mac/Library/Application Support/Stata/ado/plus/b/binscatter.ado
*! version 7.02  24nov2013  Michael Stepner, stepner@mit.edu
/Users/mac/Library/Application Support/Stata/ado/plus/r/regife.ado
/Users/mac/Library/Application Support/Stata/ado/plus/o/outreg2.ado
*! outreg2 2.3.2  17aug2014 by roywada@hotmail.com
*! based on outreg 3.0.6/4.0.0 by john_gallup@alum.swarthmore.edu
/Users/mac/Library/Application Support/Stata/ado/plus/f/ftools.ado
*! version 2.50.0 09jan2026
/Users/mac/Library/Application Support/Stata/ado/plus/c/coefplot.ado
*! version 1.8.6  22feb2023  Ben Jann
/Users/mac/Library/Application Support/Stata/ado/plus/t/tuples.ado
*! version 4.3.0  25sep2025
/Users/mac/Library/Application Support/Stata/ado/plus/h/hdfe.ado
*! reghdfe 3.2.9 21feb2016
*! Sergio Correia (sergio.correia@duke.edu)
/Users/mac/Library/Application Support/Stata/ado/plus/m/mat2txt.ado
*! 1.1.2 Ben Jann 24 Nov 2004
*! 1.1.1 M Blasnik 18 Feb 2004
/Users/mac/Library/Application Support/Stata/ado/plus/i/ivreg2.ado
*! ivreg2 4.1.12  14aug2024
*! authors cfb & mes
*! see end of file for version comments
/Users/mac/Library/Application Support/Stata/ado/plus/r/ranktest.ado
*! ranktest 2.0.04  21sept2020
*! authors mes & fw; KP stat based on code by fk
*! see end of file for version comments
. }

. 
end of do-file

. global RAW "${code}/build/RawDataScripts/StatePolicies"

. 
. * ---- state abbreviation -> FIPS crosswalk ----
. clear

. input str2 abb fipsstate

           abb  fipsstate
  1. "AL" 1
  2. "AK" 2
  3. "AZ" 4
  4. "AR" 5
  5. "CA" 6
  6. "CO" 8
  7. "CT" 9
  8. "DE" 10
  9. "DC" 11
 10. "FL" 12
 11. "GA" 13
 12. "HI" 15
 13. "ID" 16
 14. "IL" 17
 15. "IN" 18
 16. "IA" 19
 17. "KS" 20
 18. "KY" 21
 19. "LA" 22
 20. "ME" 23
 21. "MD" 24
 22. "MA" 25
 23. "MI" 26
 24. "MN" 27
 25. "MS" 28
 26. "MO" 29
 27. "MT" 30
 28. "NE" 31
 29. "NV" 32
 30. "NH" 33
 31. "NJ" 34
 32. "NM" 35
 33. "NY" 36
 34. "NC" 37
 35. "ND" 38
 36. "OH" 39
 37. "OK" 40
 38. "OR" 41
 39. "PA" 42
 40. "RI" 44
 41. "SC" 45
 42. "SD" 46
 43. "TN" 47
 44. "TX" 48
 45. "UT" 49
 46. "VT" 50
 47. "VA" 51
 48. "WA" 53
 49. "WV" 54
 50. "WI" 55
 51. "WY" 56
 52. end

. tempfile xwalk

. save `xwalk'
file /var/folders/yv/gy9l8r0n7q96t36797h3fbd00000gn/T//St07894.000001 saved
    as .dta format

. 
. * ---- judicial (time-invariant) ----
. insheet using "${RAW}/Judicial.csv", names clear
(2 vars, 51 obs)

. rename state abb

. merge m:1 abb using `xwalk', keep(match) nogen

    Result                      Number of obs
    -----------------------------------------
    Not matched                             0
    Matched                                51  
    -----------------------------------------

. keep fipsstate judicial

. tempfile jud

. save `jud'
file /var/folders/yv/gy9l8r0n7q96t36797h3fbd00000gn/T//St07894.000002 saved
    as .dta format

. 
. * ---- sbsi (auto-insheet: v1 name, v2 abbrev, v3..v10 = 2012..2005) ----
. insheet using "${RAW}/SBSI_Data.csv", clear
(10 vars, 52 obs)

. drop in 1
(1 observation deleted)

. rename v2 abb

. forvalues c=3/10 {
  2.     local yr = 2012 - (`c'-3)
  3.     rename v`c' sbsi`yr'
  4.     destring sbsi`yr', replace force
  5. }
sbsi2012 already numeric; no replace
sbsi2011 already numeric; no replace
sbsi2010 already numeric; no replace
sbsi2009 already numeric; no replace
sbsi2008 already numeric; no replace
sbsi2007 already numeric; no replace
sbsi2006 already numeric; no replace
sbsi2005 already numeric; no replace

. keep abb sbsi*

. merge m:1 abb using `xwalk', keep(match) nogen

    Result                      Number of obs
    -----------------------------------------
    Not matched                             0
    Matched                                51  
    -----------------------------------------

. reshape long sbsi, i(fipsstate) j(year)
(j = 2005 2006 2007 2008 2009 2010 2011 2012)

Data                               Wide   ->   Long
-----------------------------------------------------------------------------
Number of observations               51   ->   408         
Number of variables                  10   ->   4           
j variable (8 values)                     ->   year
xij variables:
         sbsi2005 sbsi2006 ... sbsi2012   ->   sbsi
-----------------------------------------------------------------------------

. tempfile sbsi

. save `sbsi'
file /var/folders/yv/gy9l8r0n7q96t36797h3fbd00000gn/T//St07894.000003 saved
    as .dta format

. 
. * ---- bhi (insheet,names: state, _score(=2012), v3..v9 = 2011..2005) ----
. insheet using "${RAW}/BHI_Data_2005-2012-Scoreonly.csv", names clear
(9 vars, 50 obs)

. rename state abb

. rename _score bhi2012

. destring bhi2012, replace force
bhi2012 already numeric; no replace

. forvalues c=3/9 {
  2.     local yr = 2011 - (`c'-3)
  3.     rename v`c' bhi`yr'
  4.     destring bhi`yr', replace force
  5. }
bhi2011 already numeric; no replace
bhi2010 already numeric; no replace
bhi2009 already numeric; no replace
bhi2008 already numeric; no replace
bhi2007 already numeric; no replace
bhi2006 already numeric; no replace
bhi2005 already numeric; no replace

. keep abb bhi*

. merge m:1 abb using `xwalk', keep(match) nogen

    Result                      Number of obs
    -----------------------------------------
    Not matched                             0
    Matched                                50  
    -----------------------------------------

. reshape long bhi, i(fipsstate) j(year)
(j = 2005 2006 2007 2008 2009 2010 2011 2012)

Data                               Wide   ->   Long
-----------------------------------------------------------------------------
Number of observations               50   ->   400         
Number of variables                  10   ->   4           
j variable (8 values)                     ->   year
xij variables:
            bhi2005 bhi2006 ... bhi2012   ->   bhi
-----------------------------------------------------------------------------

. tempfile bhi

. save `bhi'
file /var/folders/yv/gy9l8r0n7q96t36797h3fbd00000gn/T//St07894.000004 saved
    as .dta format

. 
. * ---- sbtc (no header: 32 cols = quarters descending from 2013Q2 to 2005Q3) 
> ----
. insheet using "${RAW}/SBTC_Data_Scoreonly.csv", clear
(33 vars, 51 obs)

. rename v1 abb

. reshape long v, i(abb) j(pos)            // pos = 2..33
(j = 2 3 4 5 6 7 8 9 10 11 12 13 14 15 16 17 18 19 20 21 22 23 24 25 26 27 28 2
> 9 30 31 32 33)

Data                               Wide   ->   Long
-----------------------------------------------------------------------------
Number of observations               51   ->   1,632       
Number of variables                  33   ->   3           
j variable (32 values)                    ->   pos
xij variables:
                          v2 v3 ... v33   ->   v
-----------------------------------------------------------------------------

. gen qid     = 8054 - (pos-2)             // 8054 = 2013*4+2 (2013Q2)

. gen quarter = mod(qid-1,4)+1

. gen year    = (qid-quarter)/4

. rename v sbtc

. destring sbtc, replace force
sbtc already numeric; no replace

. merge m:1 abb using `xwalk', keep(match) nogen

    Result                      Number of obs
    -----------------------------------------
    Not matched                             0
    Matched                             1,632  
    -----------------------------------------

. keep fipsstate year quarter sbtc

. keep if inrange(year,2005,2012)
(102 observations deleted)

. tempfile sbtc

. save `sbtc'
file /var/folders/yv/gy9l8r0n7q96t36797h3fbd00000gn/T//St07894.000005 saved
    as .dta format

. 
. * ---- assemble at fipsstate x year x quarter (2005-2012) ----
. use `sbsi', clear

. expand 4
(1,224 observations created)

. bys fipsstate year: gen quarter = _n

. merge m:1 fipsstate year using `bhi', nogen

    Result                      Number of obs
    -----------------------------------------
    Not matched                            32
        from master                        32  
        from using                          0  

    Matched                             1,600  
    -----------------------------------------

. merge 1:1 fipsstate year quarter using `sbtc', nogen
(variable year was int, now float to accommodate using data's values)

    Result                      Number of obs
    -----------------------------------------
    Not matched                           102
        from master                       102  
        from using                          0  

    Matched                             1,530  
    -----------------------------------------

. merge m:1 fipsstate using `jud', nogen

    Result                      Number of obs
    -----------------------------------------
    Not matched                             0
    Matched                             1,632  
    -----------------------------------------

. drop if inlist(fipsstate,2,15)           // no Alaska/Hawaii border pairs
(64 observations deleted)

. * DC (11) is not classified for these state-policy indices (every index missi
> ng for DC,
. * all years); the on-hand SBSI_Data.csv / Judicial.csv include DC, so blank i
> t. (DC pairs ARE in the
. * sample, so this keeps the Controls-experiment sample identical.)
. foreach v of varlist sbsi sbtc bhi judicial {
  2.     replace `v'=. if fipsstate==11
  3. }
(28 real changes made, 28 to missing)
(30 real changes made, 30 to missing)
(0 real changes made)
(32 real changes made, 32 to missing)

. keep fipsstate year quarter sbsi sbtc bhi judicial

. order fipsstate year quarter sbsi sbtc bhi judicial

. sort fipsstate year quarter

. save "${rawdata}/StatePolicies_indices", replace
(file
    /Users/mac/JPE-replications/JPE-Mitman-2016256/replication-package/replic
    > ation-package/data/raw/StatePolicies_indices.dta not found)
file
    /Users/mac/JPE-replications/JPE-Mitman-2016256/replication-package/replic
    > ation-package/data/raw/StatePolicies_indices.dta saved

. 
end of do-file
/Users/mac/JPE-replications/JPE-Mitman-2016256/replication-package/replication-
> package/code

. * ---------------------------------------------------------------------------
. * Make_StatePolicies_Taxes.do  ->  StatePolicies_taxes.dta
. * Builds the five state-tax-revenue columns carried in StatePolicies.dta:
. *   property       state property-tax collections          (T01)
. *   general_sales  general sales & gross-receipts taxes     (T09)
. *   income         individual income taxes                  (T40)
. *   corp_income    corporation net income taxes             (T41)
. *   total          total state taxes                        (Total Taxes)
. * These feed the Controls IFE experiment (code/exporters/OutputDataSetsUIMacr
> o_Controls.do),
. * which consumes diff_logtotal_gdp / diff_logincome_gdp / diff_loggeneral_sal
> es_gdp.
. *
. * SOURCE (provided Census intermediate, in ${rawdata}/):
. *   IouriiStateTax.dta -- the U.S. Census Bureau "Quarterly Summary of State 
> & Local
. *   Tax Revenue", long form (per_name x geo_code x dt_desc x val). We use:
. *     cat_desc == "Table 3 - Latest State Tax Collections by State and Type o
> f Tax"
. *   which gives state-by-tax-type QUARTERLY collections ($ thousands, not sea
> sonally
. *   adjusted), geo_code = state postal abbreviation, per_name = "Q<q><yyyy>" 
> (e.g.
. *   "Q12008" = 2008Q1). Spans 1994Q1-2013Q1 for these five types x 49 states.
. *   (The companion IouriiStateFinances.dta is the ANNUAL state-finances file 
> and lacks
. *    a property-tax column, so it is not used here.)
. *
. * Coverage / edge handling:
. *   - AK (2) / HI (15) dropped (no Alaska/Hawaii border pairs).
. *   - DC (11) tax nulled: IouriiStateTax carries DC, but DC is excluded from 
> these
. *     state-policy controls (DC tax all missing); DC pairs ARE
. *     in the sample, so the row stays with tax blanked -- same treatment as t
> he indices.
. *   - keep year<=2012: the analysis panel ends 2012Q4; this trims the lone 20
> 13Q1 quarter.
. * ---------------------------------------------------------------------------
. clear all

. set more off

. do "config.do"

. * ===========================================================================
. * config.do  --  single path configuration for the replication archive.
. *
. * HOW TO RUN: from a Stata session whose working directory is `code/`, first
. *     do "config.do"
. * then run any pipeline script (also from `code/`), e.g. `do build/UIMacro_Bu
> ildData.do`.
. * Each pipeline script re-runs this file itself, so you can also run them dir
> ectly
. * from `code/`. EDIT THE ONE LINE below to this archive's location on your ma
> chine.
. * ===========================================================================
. 
. global root "/Users/mac/JPE-replications/JPE-Mitman-2016256/replication-packa
> ge/replication-package"          //  <-- EDIT: path to this archive

. 
. * --- derived locations (do not edit) ---
. global code          "${root}/code"

. global rawdata       "${root}/data/raw"

. global processed     "${root}/data/processed"

. global output        "${root}/output"

. global tables        "${output}/tables"

. global figures       "${output}/figures"

. global factor_csv    "${output}/factor_results"      // analysis/Matlab resul
> t CSVs (make_tables reads)

. global factor_inputs "${output}/factor_inputs"       // per-pair QBLS handoff
>  (regenerated by exporters)

. global synthetic     "${root}/synthetic-data"

. 
. * --- analysis convenience: cd "${maindirectory}"; use "${CurrentData}" / "${
> DataControls}.dta" ---
. global maindirectory "${processed}/"

. global CurrentData   "UIMacro_RevisionData.dta"

. global DataControls  "UIMacro_DataControls"

. global Wages         "ProcessedWages.dta"

. global outdirectory  "${factor_inputs}/"             // exporters write QBLS 
> here

. global latexdir      "${factor_csv}/"                // analysis/Matlab resul
> t CSVs (make_tables reads)

. 
. * --- vacancy data switch ---------------------------------------------------
. * vacfile/statefile are the two PROVIDED synthetic stand-ins for the propriet
> ary HWOL
. * inputs (synthetic-data/; the confidential HWOL data are NOT in this archive
> ). To reproduce the PUBLISHED (HWOL)
. * vacancy numbers, the Data Editor replaces these two files with the licensed
>  Conference
. * Board HWOL data and re-runs. See code/build/SYNTHETIC_VACANCY_PATH.md.
. global vacfile      "${synthetic}/new_vac_synthetic.dta"

. global statefile    "${synthetic}/StateMonthlyBorderData_synthetic.dta"

. * ImputedDataBorder is a BUILT intermediate, NOT shipped: the replicator gene
> rates it by
. * running the imputation (analysis/Impute_Input.do -> matlab/Run_Impute_Borde
> r.m ->
. * analysis/Impute_to_Stata.do) on ${vacfile}; it lands in data/processed/ (sy
> nthetic by
. * default, the real version if the Data Editor swaps in HWOL).
. global ImputedFile  "${processed}/ImputedDataBorder.dta"

. 
. * --- figure styling: the published figures were drawn under the classic
. * s2color scheme; Stata 18+ defaults to stcolor, which changes gridlines,
. * markers, and legend styling. Pin the scheme so regenerated figures match.
. cap set scheme s2color

. 
. * ensure the built-output folders exist (the archive ships them empty / absen
> t)
. cap mkdir "${processed}"

. cap mkdir "${output}"

. cap mkdir "${tables}"

. cap mkdir "${figures}"

. cap mkdir "${factor_csv}"

. cap mkdir "${factor_inputs}"

. 
. local ssc_packages "reghdfe binscatter regife outreg2 ftools coefplot tuples 
> hdfe mat2txt ivreg2 ranktest"

. if !missing("`ssc_packages'") { 
.         foreach pkg in `ssc_packages' {
  2.                 capture which `pkg' 
  3.                 if _rc == 111 {
  4.                         dis "Installing `pkg'"
  5.                         ssc install `pkg', replace
  6.                         }
  7.                 which `pkg' 
  8.                 }
/Users/mac/Library/Application Support/Stata/ado/plus/r/reghdfe.ado
*! version 6.13.1 10Jan2026
/Users/mac/Library/Application Support/Stata/ado/plus/b/binscatter.ado
*! version 7.02  24nov2013  Michael Stepner, stepner@mit.edu
/Users/mac/Library/Application Support/Stata/ado/plus/r/regife.ado
/Users/mac/Library/Application Support/Stata/ado/plus/o/outreg2.ado
*! outreg2 2.3.2  17aug2014 by roywada@hotmail.com
*! based on outreg 3.0.6/4.0.0 by john_gallup@alum.swarthmore.edu
/Users/mac/Library/Application Support/Stata/ado/plus/f/ftools.ado
*! version 2.50.0 09jan2026
/Users/mac/Library/Application Support/Stata/ado/plus/c/coefplot.ado
*! version 1.8.6  22feb2023  Ben Jann
/Users/mac/Library/Application Support/Stata/ado/plus/t/tuples.ado
*! version 4.3.0  25sep2025
/Users/mac/Library/Application Support/Stata/ado/plus/h/hdfe.ado
*! reghdfe 3.2.9 21feb2016
*! Sergio Correia (sergio.correia@duke.edu)
/Users/mac/Library/Application Support/Stata/ado/plus/m/mat2txt.ado
*! 1.1.2 Ben Jann 24 Nov 2004
*! 1.1.1 M Blasnik 18 Feb 2004
/Users/mac/Library/Application Support/Stata/ado/plus/i/ivreg2.ado
*! ivreg2 4.1.12  14aug2024
*! authors cfb & mes
*! see end of file for version comments
/Users/mac/Library/Application Support/Stata/ado/plus/r/ranktest.ado
*! ranktest 2.0.04  21sept2020
*! authors mes & fw; KP stat based on code by fk
*! see end of file for version comments
. }

. 
end of do-file

. global DATA "${rawdata}"

. 
. * ---- state abbreviation -> FIPS crosswalk (AK/HI kept here, dropped below) 
> ----
. clear

. input str2 abb fipsstate

           abb  fipsstate
  1. "AL" 1
  2. "AK" 2
  3. "AZ" 4
  4. "AR" 5
  5. "CA" 6
  6. "CO" 8
  7. "CT" 9
  8. "DE" 10
  9. "DC" 11
 10. "FL" 12
 11. "GA" 13
 12. "HI" 15
 13. "ID" 16
 14. "IL" 17
 15. "IN" 18
 16. "IA" 19
 17. "KS" 20
 18. "KY" 21
 19. "LA" 22
 20. "ME" 23
 21. "MD" 24
 22. "MA" 25
 23. "MI" 26
 24. "MN" 27
 25. "MS" 28
 26. "MO" 29
 27. "MT" 30
 28. "NE" 31
 29. "NV" 32
 30. "NH" 33
 31. "NJ" 34
 32. "NM" 35
 33. "NY" 36
 34. "NC" 37
 35. "ND" 38
 36. "OH" 39
 37. "OK" 40
 38. "OR" 41
 39. "PA" 42
 40. "RI" 44
 41. "SC" 45
 42. "SD" 46
 43. "TN" 47
 44. "TX" 48
 45. "UT" 49
 46. "VT" 50
 47. "VA" 51
 48. "WA" 53
 49. "WV" 54
 50. "WI" 55
 51. "WY" 56
 52. end

. tempfile xwalk

. save `xwalk'
file /var/folders/yv/gy9l8r0n7q96t36797h3fbd00000gn/T//St07894.000001 saved
    as .dta format

. 
. * ---- long-form Census tax revenue -> wide tax columns ----
. use "${DATA}/IouriiStateTax.dta", clear

. keep if cat_desc=="Table 3 - Latest State Tax Collections by State and Type o
> f Tax"
(3,400 observations deleted)

. keep if inlist(dt_desc,"T01 Property Taxes","T09 General Sales and Gross Rece
> ipts Taxes","T40 Individual Income Taxes","T41 Corporation Net Income Taxes",
> "Total Taxes")
(82,899 observations deleted)

. gen quarter = real(substr(per_name,2,1))

. gen year    = real(substr(per_name,3,4))

. gen str12 tag = ""
(19,729 missing values generated)

. replace tag="property"      if dt_desc=="T01 Property Taxes"
(3,873 real changes made)

. replace tag="general_sales" if dt_desc=="T09 General Sales and Gross Receipts
>  Taxes"
variable tag was str12 now str13
(3,954 real changes made)

. replace tag="income"        if dt_desc=="T40 Individual Income Taxes"
(3,934 real changes made)

. replace tag="corp_income"   if dt_desc=="T41 Corporation Net Income Taxes"
(3,964 real changes made)

. replace tag="total"         if dt_desc=="Total Taxes"
(4,004 real changes made)

. rename geo_code abb

. merge m:1 abb using `xwalk', keep(match) nogen     // drops "US" (national) e
> tc.

    Result                      Number of obs
    -----------------------------------------
    Not matched                             0
    Matched                            19,344  
    -----------------------------------------

. keep fipsstate year quarter tag val

. reshape wide val, i(fipsstate year quarter) j(tag) string
(j = corp_income general_sales income property total)

Data                               Long   ->   Wide
-----------------------------------------------------------------------------
Number of observations           19,344   ->   3,927       
Number of variables                   5   ->   8           
j variable (5 values)               tag   ->   (dropped)
xij variables:
                                    val   ->   valcorp_income valgeneral_sales 
> ... valtotal
-----------------------------------------------------------------------------

. rename val* *

. 
. * ---- coverage / edge handling ----
. drop if inlist(fipsstate,2,15)                     // no Alaska/Hawaii border
>  pairs
(154 observations deleted)

. foreach v of varlist property general_sales income corp_income total {
  2.     replace `v'=. if fipsstate==11                 // DC excluded from the
> se controls
  3. }
(77 real changes made, 77 to missing)
(77 real changes made, 77 to missing)
(77 real changes made, 77 to missing)
(77 real changes made, 77 to missing)
(77 real changes made, 77 to missing)

. keep if year<=2012                                 // the shipped panel ends 
> 2012Q4
(49 observations deleted)

. 
. order fipsstate year quarter property general_sales income corp_income total

. sort fipsstate year quarter

. save "${DATA}/StatePolicies_taxes", replace
(file
    /Users/mac/JPE-replications/JPE-Mitman-2016256/replication-package/replic
    > ation-package/data/raw/StatePolicies_taxes.dta not found)
file
    /Users/mac/JPE-replications/JPE-Mitman-2016256/replication-package/replic
    > ation-package/data/raw/StatePolicies_taxes.dta saved

. 
end of do-file
/Users/mac/JPE-replications/JPE-Mitman-2016256/replication-package/replication-
> package/code

. * ---------------------------------------------------------------------------
. * Make_IndustryShares.do  ->  bea_industry_shares.dta
. * County sample-average industry employment shares, used to build the cross-c
> ounty
. * industry-composition distance (tab:Benefits_on_unemp Col 6, the "similar in
> dustrial
. * composition" subsample).
. *
. * SOURCE (provided raw): BEA Regional Economic Information System, table CA25
> N
. *   "Total full-time and part-time employment by NAICS industry," county leve
> l.
. *   Archive lapi1113-8/ (one CSV per state, CA25N_<ST>.csv; layout in CA25N_d
> ef.xml).
. *   Each CSV is county x industry-line-code x year (2001-2012).
. *
. * CONSTRUCTION (paper sec. Col 6): for each county, the employment share of e
> ach of
. * the 19 private-nonfarm NAICS industries (BEA line codes 100..1900) in PRIVA
> TE NONFARM
. * employment (line 90), averaged over the 2005-2012 sample. The build then fo
> rms the
. * l2-distance between the two counties of each border pair from these average
>  shares.
. *
. * OUTPUT: bea_industry_shares.dta, keyed fipsnumeric, with sh100..sh1900.
. * ---------------------------------------------------------------------------
. set more off

. do "config.do"

. * ===========================================================================
. * config.do  --  single path configuration for the replication archive.
. *
. * HOW TO RUN: from a Stata session whose working directory is `code/`, first
. *     do "config.do"
. * then run any pipeline script (also from `code/`), e.g. `do build/UIMacro_Bu
> ildData.do`.
. * Each pipeline script re-runs this file itself, so you can also run them dir
> ectly
. * from `code/`. EDIT THE ONE LINE below to this archive's location on your ma
> chine.
. * ===========================================================================
. 
. global root "/Users/mac/JPE-replications/JPE-Mitman-2016256/replication-packa
> ge/replication-package"          //  <-- EDIT: path to this archive

. 
. * --- derived locations (do not edit) ---
. global code          "${root}/code"

. global rawdata       "${root}/data/raw"

. global processed     "${root}/data/processed"

. global output        "${root}/output"

. global tables        "${output}/tables"

. global figures       "${output}/figures"

. global factor_csv    "${output}/factor_results"      // analysis/Matlab resul
> t CSVs (make_tables reads)

. global factor_inputs "${output}/factor_inputs"       // per-pair QBLS handoff
>  (regenerated by exporters)

. global synthetic     "${root}/synthetic-data"

. 
. * --- analysis convenience: cd "${maindirectory}"; use "${CurrentData}" / "${
> DataControls}.dta" ---
. global maindirectory "${processed}/"

. global CurrentData   "UIMacro_RevisionData.dta"

. global DataControls  "UIMacro_DataControls"

. global Wages         "ProcessedWages.dta"

. global outdirectory  "${factor_inputs}/"             // exporters write QBLS 
> here

. global latexdir      "${factor_csv}/"                // analysis/Matlab resul
> t CSVs (make_tables reads)

. 
. * --- vacancy data switch ---------------------------------------------------
. * vacfile/statefile are the two PROVIDED synthetic stand-ins for the propriet
> ary HWOL
. * inputs (synthetic-data/; the confidential HWOL data are NOT in this archive
> ). To reproduce the PUBLISHED (HWOL)
. * vacancy numbers, the Data Editor replaces these two files with the licensed
>  Conference
. * Board HWOL data and re-runs. See code/build/SYNTHETIC_VACANCY_PATH.md.
. global vacfile      "${synthetic}/new_vac_synthetic.dta"

. global statefile    "${synthetic}/StateMonthlyBorderData_synthetic.dta"

. * ImputedDataBorder is a BUILT intermediate, NOT shipped: the replicator gene
> rates it by
. * running the imputation (analysis/Impute_Input.do -> matlab/Run_Impute_Borde
> r.m ->
. * analysis/Impute_to_Stata.do) on ${vacfile}; it lands in data/processed/ (sy
> nthetic by
. * default, the real version if the Data Editor swaps in HWOL).
. global ImputedFile  "${processed}/ImputedDataBorder.dta"

. 
. * --- figure styling: the published figures were drawn under the classic
. * s2color scheme; Stata 18+ defaults to stcolor, which changes gridlines,
. * markers, and legend styling. Pin the scheme so regenerated figures match.
. cap set scheme s2color

. 
. * ensure the built-output folders exist (the archive ships them empty / absen
> t)
. cap mkdir "${processed}"

. cap mkdir "${output}"

. cap mkdir "${tables}"

. cap mkdir "${figures}"

. cap mkdir "${factor_csv}"

. cap mkdir "${factor_inputs}"

. 
. local ssc_packages "reghdfe binscatter regife outreg2 ftools coefplot tuples 
> hdfe mat2txt ivreg2 ranktest"

. if !missing("`ssc_packages'") { 
.         foreach pkg in `ssc_packages' {
  2.                 capture which `pkg' 
  3.                 if _rc == 111 {
  4.                         dis "Installing `pkg'"
  5.                         ssc install `pkg', replace
  6.                         }
  7.                 which `pkg' 
  8.                 }
/Users/mac/Library/Application Support/Stata/ado/plus/r/reghdfe.ado
*! version 6.13.1 10Jan2026
/Users/mac/Library/Application Support/Stata/ado/plus/b/binscatter.ado
*! version 7.02  24nov2013  Michael Stepner, stepner@mit.edu
/Users/mac/Library/Application Support/Stata/ado/plus/r/regife.ado
/Users/mac/Library/Application Support/Stata/ado/plus/o/outreg2.ado
*! outreg2 2.3.2  17aug2014 by roywada@hotmail.com
*! based on outreg 3.0.6/4.0.0 by john_gallup@alum.swarthmore.edu
/Users/mac/Library/Application Support/Stata/ado/plus/f/ftools.ado
*! version 2.50.0 09jan2026
/Users/mac/Library/Application Support/Stata/ado/plus/c/coefplot.ado
*! version 1.8.6  22feb2023  Ben Jann
/Users/mac/Library/Application Support/Stata/ado/plus/t/tuples.ado
*! version 4.3.0  25sep2025
/Users/mac/Library/Application Support/Stata/ado/plus/h/hdfe.ado
*! reghdfe 3.2.9 21feb2016
*! Sergio Correia (sergio.correia@duke.edu)
/Users/mac/Library/Application Support/Stata/ado/plus/m/mat2txt.ado
*! 1.1.2 Ben Jann 24 Nov 2004
*! 1.1.1 M Blasnik 18 Feb 2004
/Users/mac/Library/Application Support/Stata/ado/plus/i/ivreg2.ado
*! ivreg2 4.1.12  14aug2024
*! authors cfb & mes
*! see end of file for version comments
/Users/mac/Library/Application Support/Stata/ado/plus/r/ranktest.ado
*! ranktest 2.0.04  21sept2020
*! authors mes & fw; KP stat based on code by fk
*! see end of file for version comments
. }

. 
end of do-file

. 
. local inds 100 200 300 400 500 600 700 800 900 1000 1100 1200 1300 1400 1500 
> 1600 1700 1800 1900

. local dir "${rawdata}/lapi1113-8"

. local files : dir "`dir'" files "CA25N_*.csv"

. tempfile all

. clear

. save `all', emptyok replace
(dataset contains 0 observations)
(file /var/folders/yv/gy9l8r0n7q96t36797h3fbd00000gn/T//St07894.000001 not
    found)
file /var/folders/yv/gy9l8r0n7q96t36797h3fbd00000gn/T//St07894.000001 saved
    as .dta format

. local kc1 90,100,200,300,400,500,600

. local kc2 700,800,900,1000,1100,1200,1300

. local kc3 1400,1500,1600,1700,1800,1900

. foreach f of local files {
  2.     if regexm("`f'","_US|_MSA|_MDIV|_PORT") continue          // skip non-
> county aggregates
  3.     qui import delimited "`dir'/`f'", clear varnames(1) stringcols(_all)
  4.     cap confirm variable v19
  5.     if _rc continue
  6.     qui keep geofips linecode v8-v19                          // v8..v19 =
>  years 2001..2012
  7.     qui destring geofips, gen(gf) force
  8.     qui destring linecode, replace force
  9.     qui drop if missing(gf) | mod(gf,1000)==0 | gf>=60000 | gf<1000   // c
> ounties only (drop SS000/US/regions/footer)
 10.     qui keep if inlist(linecode,`kc1') | inlist(linecode,`kc2') | inlist(l
> inecode,`kc3')
 11.     qui append using `all'
 12.     qui save `all', replace
 13. }

. use `all', clear

. rename (v8 v9 v10 v11 v12 v13 v14 v15 v16 v17 v18 v19) (y2001 y2002 y2003 y20
> 04 y2005 y2006 y2007 y2008 y2009 y2010 y2011 y2012)

. foreach y of varlist y2001-y2012 {
  2.     destring `y', replace force                               // "(D)" sup
> pressed -> missing
  3. }
y2001: contains nonnumeric characters; replaced as long
(20022 missing values generated)
y2002: contains nonnumeric characters; replaced as long
(20148 missing values generated)
y2003: contains nonnumeric characters; replaced as long
(19701 missing values generated)
y2004: contains nonnumeric characters; replaced as long
(19685 missing values generated)
y2005: contains nonnumeric characters; replaced as long
(19351 missing values generated)
y2006: contains nonnumeric characters; replaced as long
(19220 missing values generated)
y2007: contains nonnumeric characters; replaced as long
(19157 missing values generated)
y2008: contains nonnumeric characters; replaced as long
(18607 missing values generated)
y2009: contains nonnumeric characters; replaced as long
(18725 missing values generated)
y2010: contains nonnumeric characters; replaced as long
(18594 missing values generated)
y2011: contains nonnumeric characters; replaced as long
(18720 missing values generated)
y2012: contains nonnumeric characters; replaced as long
(18716 missing values generated)

. drop geofips

. reshape long y, i(gf linecode) j(year)
(j = 2001 2002 2003 2004 2005 2006 2007 2008 2009 2010 2011 2012)

Data                               Wide   ->   Long
-----------------------------------------------------------------------------
Number of observations           73,420   ->   881,040     
Number of variables                  14   ->   4           
j variable (12 values)                    ->   year
xij variables:
                  y2001 y2002 ... y2012   ->   y
-----------------------------------------------------------------------------

. rename (y gf) (emp fipsnumeric)

. reshape wide emp, i(fipsnumeric year) j(linecode)
(j = 90 100 200 300 400 500 600 700 800 900 1000 1100 1200 1300 1400 1500 1600 
> 1700 1800 1900)

Data                               Long   ->   Wide
-----------------------------------------------------------------------------
Number of observations          881,040   ->   44,052      
Number of variables                   4   ->   22          
j variable (20 values)         linecode   ->   (dropped)
xij variables:
                                    emp   ->   emp90 emp100 ... emp1900
-----------------------------------------------------------------------------

. 
. * industry shares of private nonfarm employment (line 90)
. foreach y of local inds {
  2.     gen sh`y' = emp`y'/emp90
  3. }
(26,731 missing values generated)
(22,581 missing values generated)
(24,885 missing values generated)
(4,660 missing values generated)
(4,367 missing values generated)
(9,765 missing values generated)
(1,187 missing values generated)
(15,843 missing values generated)
(7,808 missing values generated)
(5,677 missing values generated)
(5,658 missing values generated)
(12,964 missing values generated)
(17,197 missing values generated)
(13,038 missing values generated)
(18,620 missing values generated)
(16,680 missing values generated)
(9,825 missing values generated)
(9,156 missing values generated)
(3,688 missing values generated)

. * sample-average shares over the 2005-2012 analysis window
. keep if year>=2005 & year<=2012
(14,684 observations deleted)

. collapse (mean) sh100-sh1900, by(fipsnumeric)

. label data "BEA CA25N county sample-avg private-nonfarm industry shares (2005
> -2012)"

. save "${rawdata}/bea_industry_shares.dta", replace
(file
    /Users/mac/JPE-replications/JPE-Mitman-2016256/replication-package/replic
    > ation-package/data/raw/bea_industry_shares.dta not found)
file
    /Users/mac/JPE-replications/JPE-Mitman-2016256/replication-package/replic
    > ation-package/data/raw/bea_industry_shares.dta saved

. di "bea_industry_shares: N counties=" _N
bea_industry_shares: N counties=3671

. 
end of do-file
/Users/mac/JPE-replications/JPE-Mitman-2016256/replication-package/replication-
> package/code

. * ---------------------------------------------------------------------------
. * Make_BEA_GDP_State_Q.do  ->  BEA_GDP_State_Q.dta
. * Quarterly real GDP by state (all industries + private industries), 2005Q1-2
> 016Q1,
. * for the state productivity controls (prod_all / prod_priv / prod_all_qcew a
> nd the
. * diff_logstate_gdp_all growth adjustment) in the main build.
. *
. * SOURCE (provided raw): BEA prototype quarterly real GDP-by-state,
. *   BEA_GDP/qgsp_all_R.csv (July-2016 download of the "Real GDP by state"
. *   component; GeoFIPS x industry wide, columns 2005Q1 - 2016Q1; the last row
> s
. *   of the CSV are footnotes, dropped by the count>=1441 line).
. *   industryid 1 = "All industry total", 2 = "Private industries".
. * OUTPUT: BEA_GDP_State_Q.dta -- fipsstate x quarter panel (50 states + DC +
. *   the 8 BEA regions) with state_gdp_all and state_gdp_priv.
. * ---------------------------------------------------------------------------
. clear all

. set more off

. do "config.do"

. * ===========================================================================
. * config.do  --  single path configuration for the replication archive.
. *
. * HOW TO RUN: from a Stata session whose working directory is `code/`, first
. *     do "config.do"
. * then run any pipeline script (also from `code/`), e.g. `do build/UIMacro_Bu
> ildData.do`.
. * Each pipeline script re-runs this file itself, so you can also run them dir
> ectly
. * from `code/`. EDIT THE ONE LINE below to this archive's location on your ma
> chine.
. * ===========================================================================
. 
. global root "/Users/mac/JPE-replications/JPE-Mitman-2016256/replication-packa
> ge/replication-package"          //  <-- EDIT: path to this archive

. 
. * --- derived locations (do not edit) ---
. global code          "${root}/code"

. global rawdata       "${root}/data/raw"

. global processed     "${root}/data/processed"

. global output        "${root}/output"

. global tables        "${output}/tables"

. global figures       "${output}/figures"

. global factor_csv    "${output}/factor_results"      // analysis/Matlab resul
> t CSVs (make_tables reads)

. global factor_inputs "${output}/factor_inputs"       // per-pair QBLS handoff
>  (regenerated by exporters)

. global synthetic     "${root}/synthetic-data"

. 
. * --- analysis convenience: cd "${maindirectory}"; use "${CurrentData}" / "${
> DataControls}.dta" ---
. global maindirectory "${processed}/"

. global CurrentData   "UIMacro_RevisionData.dta"

. global DataControls  "UIMacro_DataControls"

. global Wages         "ProcessedWages.dta"

. global outdirectory  "${factor_inputs}/"             // exporters write QBLS 
> here

. global latexdir      "${factor_csv}/"                // analysis/Matlab resul
> t CSVs (make_tables reads)

. 
. * --- vacancy data switch ---------------------------------------------------
. * vacfile/statefile are the two PROVIDED synthetic stand-ins for the propriet
> ary HWOL
. * inputs (synthetic-data/; the confidential HWOL data are NOT in this archive
> ). To reproduce the PUBLISHED (HWOL)
. * vacancy numbers, the Data Editor replaces these two files with the licensed
>  Conference
. * Board HWOL data and re-runs. See code/build/SYNTHETIC_VACANCY_PATH.md.
. global vacfile      "${synthetic}/new_vac_synthetic.dta"

. global statefile    "${synthetic}/StateMonthlyBorderData_synthetic.dta"

. * ImputedDataBorder is a BUILT intermediate, NOT shipped: the replicator gene
> rates it by
. * running the imputation (analysis/Impute_Input.do -> matlab/Run_Impute_Borde
> r.m ->
. * analysis/Impute_to_Stata.do) on ${vacfile}; it lands in data/processed/ (sy
> nthetic by
. * default, the real version if the Data Editor swaps in HWOL).
. global ImputedFile  "${processed}/ImputedDataBorder.dta"

. 
. * --- figure styling: the published figures were drawn under the classic
. * s2color scheme; Stata 18+ defaults to stcolor, which changes gridlines,
. * markers, and legend styling. Pin the scheme so regenerated figures match.
. cap set scheme s2color

. 
. * ensure the built-output folders exist (the archive ships them empty / absen
> t)
. cap mkdir "${processed}"

. cap mkdir "${output}"

. cap mkdir "${tables}"

. cap mkdir "${figures}"

. cap mkdir "${factor_csv}"

. cap mkdir "${factor_inputs}"

. 
. local ssc_packages "reghdfe binscatter regife outreg2 ftools coefplot tuples 
> hdfe mat2txt ivreg2 ranktest"

. if !missing("`ssc_packages'") { 
.         foreach pkg in `ssc_packages' {
  2.                 capture which `pkg' 
  3.                 if _rc == 111 {
  4.                         dis "Installing `pkg'"
  5.                         ssc install `pkg', replace
  6.                         }
  7.                 which `pkg' 
  8.                 }
/Users/mac/Library/Application Support/Stata/ado/plus/r/reghdfe.ado
*! version 6.13.1 10Jan2026
/Users/mac/Library/Application Support/Stata/ado/plus/b/binscatter.ado
*! version 7.02  24nov2013  Michael Stepner, stepner@mit.edu
/Users/mac/Library/Application Support/Stata/ado/plus/r/regife.ado
/Users/mac/Library/Application Support/Stata/ado/plus/o/outreg2.ado
*! outreg2 2.3.2  17aug2014 by roywada@hotmail.com
*! based on outreg 3.0.6/4.0.0 by john_gallup@alum.swarthmore.edu
/Users/mac/Library/Application Support/Stata/ado/plus/f/ftools.ado
*! version 2.50.0 09jan2026
/Users/mac/Library/Application Support/Stata/ado/plus/c/coefplot.ado
*! version 1.8.6  22feb2023  Ben Jann
/Users/mac/Library/Application Support/Stata/ado/plus/t/tuples.ado
*! version 4.3.0  25sep2025
/Users/mac/Library/Application Support/Stata/ado/plus/h/hdfe.ado
*! reghdfe 3.2.9 21feb2016
*! Sergio Correia (sergio.correia@duke.edu)
/Users/mac/Library/Application Support/Stata/ado/plus/m/mat2txt.ado
*! 1.1.2 Ben Jann 24 Nov 2004
*! 1.1.1 M Blasnik 18 Feb 2004
/Users/mac/Library/Application Support/Stata/ado/plus/i/ivreg2.ado
*! ivreg2 4.1.12  14aug2024
*! authors cfb & mes
*! see end of file for version comments
/Users/mac/Library/Application Support/Stata/ado/plus/r/ranktest.ado
*! ranktest 2.0.04  21sept2020
*! authors mes & fw; KP stat based on code by fk
*! see end of file for version comments
. }

. 
end of do-file

. 
. insheet using "${rawdata}/BEA_GDP/qgsp_all_R.csv", comma
(53 vars, 1,443 obs)

. 
. destring geofips, replace
geofips: contains nonnumeric characters; no replace

. gen count=_n

. drop if count>=1441
(3 observations deleted)

. destring geofips, replace
geofips: all characters numeric; replaced as long

. 
. drop if geofips==0
(24 observations deleted)

. rename geofips fipsstate

. replace fipsstate=floor(fipsstate/1000)
(1,416 real changes made)

. 
. keep if inlist(industryid,1,2)
(1,298 observations deleted)

. 
. gen gdptype=0

. replace gdptype=1 if industryid==2
(59 real changes made)

. 
. rename q1 v9

. rename q2 v10

. rename q3 v11

. rename q4 v12

. 
. local i="1"

. foreach num of numlist 9/53 {
  2.         rename v`num' y`i'
  3.         destring y`i', replace
  4.           local i=`i'+1
  5.         }
y1: all characters numeric; replaced as long
y2: all characters numeric; replaced as long
y3: all characters numeric; replaced as long
y4: all characters numeric; replaced as long
y5 already numeric; no replace
y6 already numeric; no replace
y7 already numeric; no replace
y8 already numeric; no replace
y9 already numeric; no replace
y10 already numeric; no replace
y11 already numeric; no replace
y12 already numeric; no replace
y13: all characters numeric; replaced as long
y14: all characters numeric; replaced as long
y15: all characters numeric; replaced as long
y16: all characters numeric; replaced as long
y17: all characters numeric; replaced as long
y18: all characters numeric; replaced as long
y19: all characters numeric; replaced as long
y20: all characters numeric; replaced as long
y21: all characters numeric; replaced as long
y22: all characters numeric; replaced as long
y23: all characters numeric; replaced as long
y24: all characters numeric; replaced as long
y25: all characters numeric; replaced as long
y26: all characters numeric; replaced as long
y27: all characters numeric; replaced as long
y28: all characters numeric; replaced as long
y29: all characters numeric; replaced as long
y30: all characters numeric; replaced as long
y31: all characters numeric; replaced as long
y32: all characters numeric; replaced as long
y33: all characters numeric; replaced as long
y34: all characters numeric; replaced as long
y35: all characters numeric; replaced as long
y36: all characters numeric; replaced as long
y37: all characters numeric; replaced as long
y38: all characters numeric; replaced as long
y39: all characters numeric; replaced as long
y40: all characters numeric; replaced as long
y41: all characters numeric; replaced as long
y42: all characters numeric; replaced as long
y43: all characters numeric; replaced as long
y44: all characters numeric; replaced as long
y45: all characters numeric; replaced as long

. 
. keep y* fipsstate gdptype

. reshape long y, i(fipsstate gdptype) j(time)
(j = 1 2 3 4 5 6 7 8 9 10 11 12 13 14 15 16 17 18 19 20 21 22 23 24 25 26 27 28
>  29 30 31 32 33 34 35 36 37 38 39 40 41 42 43 44 45)

Data                               Wide   ->   Long
-----------------------------------------------------------------------------
Number of observations              118   ->   5,310       
Number of variables                  47   ->   4           
j variable (45 values)                    ->   time
xij variables:
                          y1 y2 ... y45   ->   y
-----------------------------------------------------------------------------

. 
. gen year=2005+floor((time-1)/4)

. gen quarter=mod((time-1),4)+1

. 
. reshape wide y, i(fipsstate time) j(gdptype)
(j = 0 1)

Data                               Long   ->   Wide
-----------------------------------------------------------------------------
Number of observations            5,310   ->   2,655       
Number of variables                   6   ->   6           
j variable (2 values)           gdptype   ->   (dropped)
xij variables:
                                      y   ->   y0 y1
-----------------------------------------------------------------------------

. rename y0 state_gdp_all

. rename y1 state_gdp_priv

. 
. save "${rawdata}/BEA_GDP_State_Q.dta", replace
(file
    /Users/mac/JPE-replications/JPE-Mitman-2016256/replication-package/replic
    > ation-package/data/raw/BEA_GDP_State_Q.dta not found)
file
    /Users/mac/JPE-replications/JPE-Mitman-2016256/replication-package/replic
    > ation-package/data/raw/BEA_GDP_State_Q.dta saved

. 
end of do-file
/Users/mac/JPE-replications/JPE-Mitman-2016256/replication-package/replication-
> package/code

. * ---------------------------------------------------------------------------
. * Make_SpendingData.do  ->  spending_data.dta
. * County x quarter federal ARRA (Recovery Act) award spending, FY2009-FY2012,
. * for the awardamount / diff_logawardamount stimulus-spending control in the
. * main build.
. *
. * SOURCE (provided raw, SpendingData/):
. *   cumulativenationalsummary_feb17_2009_dec31_2012.csv -- Recovery.gov
. *     cumulative national summary of ARRA awards (Feb 17 2009 - Dec 31 2012):
. *     one row per award, with local_amount and the place-of-performance ZIP
. *     (pop_postal_cd) and fiscal year/quarter.
. *   ZiptoCounty.csv -- Missouri Census Data Center geocorr ZCTA->county
. *     crosswalk with population allocation factors (afact).
. * OUTPUT: spending_data.dta -- awardamount by fipsnumeric year quarter
. *   (award dollars allocated from ZIP to county in proportion to afact;
. *   fiscal quarters mapped to calendar quarters via the mid-quarter month).
. * The ZIP-to-county allocation uses a deterministic numbering of the expanded
. * crosswalk: `county` is included in the sort/by groups so each (zcta5,county
> )
. * row is unique and every county receives all 4 years x 4 quarters. (Numberin
> g
. * by `by zcta5 afact: gen fiscal_year=_n` instead would be nondeterministic
. * when two counties in a zip share the same afact -- 8,650 such groups -- as
. * Stata's unstable sort breaks the tie differently each run and silently drop
> s
. * allocations.) Stable pre-collapse sorts pin the float summation order. The
. * expanded crosswalk intermediate is written to SpendingData/Output/.
. * ---------------------------------------------------------------------------
. clear all

. set more off

. do "config.do"

. * ===========================================================================
. * config.do  --  single path configuration for the replication archive.
. *
. * HOW TO RUN: from a Stata session whose working directory is `code/`, first
. *     do "config.do"
. * then run any pipeline script (also from `code/`), e.g. `do build/UIMacro_Bu
> ildData.do`.
. * Each pipeline script re-runs this file itself, so you can also run them dir
> ectly
. * from `code/`. EDIT THE ONE LINE below to this archive's location on your ma
> chine.
. * ===========================================================================
. 
. global root "/Users/mac/JPE-replications/JPE-Mitman-2016256/replication-packa
> ge/replication-package"          //  <-- EDIT: path to this archive

. 
. * --- derived locations (do not edit) ---
. global code          "${root}/code"

. global rawdata       "${root}/data/raw"

. global processed     "${root}/data/processed"

. global output        "${root}/output"

. global tables        "${output}/tables"

. global figures       "${output}/figures"

. global factor_csv    "${output}/factor_results"      // analysis/Matlab resul
> t CSVs (make_tables reads)

. global factor_inputs "${output}/factor_inputs"       // per-pair QBLS handoff
>  (regenerated by exporters)

. global synthetic     "${root}/synthetic-data"

. 
. * --- analysis convenience: cd "${maindirectory}"; use "${CurrentData}" / "${
> DataControls}.dta" ---
. global maindirectory "${processed}/"

. global CurrentData   "UIMacro_RevisionData.dta"

. global DataControls  "UIMacro_DataControls"

. global Wages         "ProcessedWages.dta"

. global outdirectory  "${factor_inputs}/"             // exporters write QBLS 
> here

. global latexdir      "${factor_csv}/"                // analysis/Matlab resul
> t CSVs (make_tables reads)

. 
. * --- vacancy data switch ---------------------------------------------------
. * vacfile/statefile are the two PROVIDED synthetic stand-ins for the propriet
> ary HWOL
. * inputs (synthetic-data/; the confidential HWOL data are NOT in this archive
> ). To reproduce the PUBLISHED (HWOL)
. * vacancy numbers, the Data Editor replaces these two files with the licensed
>  Conference
. * Board HWOL data and re-runs. See code/build/SYNTHETIC_VACANCY_PATH.md.
. global vacfile      "${synthetic}/new_vac_synthetic.dta"

. global statefile    "${synthetic}/StateMonthlyBorderData_synthetic.dta"

. * ImputedDataBorder is a BUILT intermediate, NOT shipped: the replicator gene
> rates it by
. * running the imputation (analysis/Impute_Input.do -> matlab/Run_Impute_Borde
> r.m ->
. * analysis/Impute_to_Stata.do) on ${vacfile}; it lands in data/processed/ (sy
> nthetic by
. * default, the real version if the Data Editor swaps in HWOL).
. global ImputedFile  "${processed}/ImputedDataBorder.dta"

. 
. * --- figure styling: the published figures were drawn under the classic
. * s2color scheme; Stata 18+ defaults to stcolor, which changes gridlines,
. * markers, and legend styling. Pin the scheme so regenerated figures match.
. cap set scheme s2color

. 
. * ensure the built-output folders exist (the archive ships them empty / absen
> t)
. cap mkdir "${processed}"

. cap mkdir "${output}"

. cap mkdir "${tables}"

. cap mkdir "${figures}"

. cap mkdir "${factor_csv}"

. cap mkdir "${factor_inputs}"

. 
. local ssc_packages "reghdfe binscatter regife outreg2 ftools coefplot tuples 
> hdfe mat2txt ivreg2 ranktest"

. if !missing("`ssc_packages'") { 
.         foreach pkg in `ssc_packages' {
  2.                 capture which `pkg' 
  3.                 if _rc == 111 {
  4.                         dis "Installing `pkg'"
  5.                         ssc install `pkg', replace
  6.                         }
  7.                 which `pkg' 
  8.                 }
/Users/mac/Library/Application Support/Stata/ado/plus/r/reghdfe.ado
*! version 6.13.1 10Jan2026
/Users/mac/Library/Application Support/Stata/ado/plus/b/binscatter.ado
*! version 7.02  24nov2013  Michael Stepner, stepner@mit.edu
/Users/mac/Library/Application Support/Stata/ado/plus/r/regife.ado
/Users/mac/Library/Application Support/Stata/ado/plus/o/outreg2.ado
*! outreg2 2.3.2  17aug2014 by roywada@hotmail.com
*! based on outreg 3.0.6/4.0.0 by john_gallup@alum.swarthmore.edu
/Users/mac/Library/Application Support/Stata/ado/plus/f/ftools.ado
*! version 2.50.0 09jan2026
/Users/mac/Library/Application Support/Stata/ado/plus/c/coefplot.ado
*! version 1.8.6  22feb2023  Ben Jann
/Users/mac/Library/Application Support/Stata/ado/plus/t/tuples.ado
*! version 4.3.0  25sep2025
/Users/mac/Library/Application Support/Stata/ado/plus/h/hdfe.ado
*! reghdfe 3.2.9 21feb2016
*! Sergio Correia (sergio.correia@duke.edu)
/Users/mac/Library/Application Support/Stata/ado/plus/m/mat2txt.ado
*! 1.1.2 Ben Jann 24 Nov 2004
*! 1.1.1 M Blasnik 18 Feb 2004
/Users/mac/Library/Application Support/Stata/ado/plus/i/ivreg2.ado
*! ivreg2 4.1.12  14aug2024
*! authors cfb & mes
*! see end of file for version comments
/Users/mac/Library/Application Support/Stata/ado/plus/r/ranktest.ado
*! ranktest 2.0.04  21sept2020
*! authors mes & fw; KP stat based on code by fk
*! see end of file for version comments
. }

. 
end of do-file

. cap mkdir "${rawdata}/SpendingData/Output"

. 
. insheet using "${rawdata}/SpendingData/cumulativenationalsummary_feb17_2009_d
> ec31_2012.csv", clear
(37 vars, 599,656 obs)

. keep award_key fiscal_year fiscal_qtr local_amount pop_postal_cd

. destring  award_key fiscal_year fiscal_qtr, replace
award_key already numeric; no replace
fiscal_year already numeric; no replace
fiscal_qtr already numeric; no replace

. 
. rename pop_postal_cd recipient_zip_code

. replace recipient_zip_code=subinstr(recipient_zip_code,"-","",.)
(1 real change made)

. replace recipient_zip_code=subinstr(recipient_zip_code," ","",.)
(0 real changes made)

. *destring recipient_zip_code, force gen(zip_code_t1)
. gen strlen=strlen(recipient_zip_code)

. replace recipient_zip_code="" if strlen<=3 & strlen>1
(1 real change made)

. replace recipient_zip_code="" if strlen==6|strlen==7
(1,411 real changes made)

. replace recipient_zip_code="" if strlen>9
(0 real changes made)

. 
. replace recipient_zip_code="0" + recipient_zip_code if strlen==8|strlen==4
(24,410 real changes made)

. 
. gen zipcode=substr(recipient_zip_code,1,5)
(322,735 missing values generated)

. 
. drop if local_amount=="General Services"
(1 observation deleted)

. destring local_amount, replace
local_amount: all characters numeric; replaced as double
(8972 missing values generated)

. keep local_amount zipcode fiscal_year fiscal_qtr

. sort fiscal_year fiscal_qtr zipcode, stable

. collapse (sum) local_amount, by(fiscal_year fiscal_qtr zipcode)

. drop if zipcode==""
(14 observations deleted)

. d

Contains data
 Observations:        94,951                  
    Variables:             4                  
-------------------------------------------------------------------------------
Variable      Storage   Display    Value
    name         type    format    label      Variable label
-------------------------------------------------------------------------------
fiscal_year     int     %8.0g                 
fiscal_qtr      byte    %8.0g                 
zipcode         str5    %9s                   
local_amount    double  %10.0g                (sum) local_amount
-------------------------------------------------------------------------------
Sorted by: fiscal_year  fiscal_qtr  zipcode
     Note: Dataset has changed since last saved.

. preserve

. insheet using "${rawdata}/SpendingData/ZiptoCounty.csv", clear names
(6 vars, 43,227 obs)

. drop if county=="county"
(1 observation deleted)

. expand 4
(129,678 observations created)

. sort zcta5 county afact

. by zcta5 county afact: gen fiscal_year=_n

. replace fiscal_year=2009 if fiscal_year==1
(43,226 real changes made)

. replace fiscal_year=2010 if fiscal_year==2
(43,226 real changes made)

. replace fiscal_year=2011 if fiscal_year==3
(43,226 real changes made)

. replace fiscal_year=2012 if fiscal_year==4
(43,226 real changes made)

. expand 4
(518,712 observations created)

. sort zcta5 county afact fiscal_year

. by zcta5 county afact fiscal_year : gen fiscal_qtr=_n

. 
. sort zcta5 fiscal_year fiscal_qtr, stable

. save "${rawdata}/SpendingData/Output/ZiptoCounty", replace
(file
    /Users/mac/JPE-replications/JPE-Mitman-2016256/replication-package/replic
    > ation-package/data/raw/SpendingData/Output/ZiptoCounty.dta not found)
file
    /Users/mac/JPE-replications/JPE-Mitman-2016256/replication-package/replic
    > ation-package/data/raw/SpendingData/Output/ZiptoCounty.dta saved

. restore

. 
. rename zipcode zcta5

. sort zcta5 fiscal_year fiscal_qtr, stable

. merge 1:m zcta5 fiscal_year fiscal_qtr using "${rawdata}/SpendingData/Output/
> ZiptoCounty"
(variable zcta5 was str5, now str26 to accommodate using data's values)
(variable fiscal_year was int, now float to accommodate using data's values)
(variable fiscal_qtr was byte, now float to accommodate using data's values)

    Result                      Number of obs
    -----------------------------------------
    Not matched                       585,199
        from master                     8,483  (_merge==1)
        from using                    576,716  (_merge==2)

    Matched                           114,900  (_merge==3)
    -----------------------------------------

. count if _merge==3
  114,900

. drop if _merge==2
(576,716 observations deleted)

. 
. drop if _merge==1
(8,483 observations deleted)

. destring afact, replace
afact: all characters numeric; replaced as double

. gen awardamount=local_amount*afact

. keep awardamount fiscal_year fiscal_qtr county zcta5

. sort fiscal_year fiscal_qtr county zcta5, stable

. collapse (sum) awardamount, by(fiscal_year fiscal_qtr county)

. 
. 
. 
. gen month=2 if fiscal_qtr==1
(24,787 missing values generated)

. replace month=5 if fiscal_qtr==2
(6,196 real changes made)

. replace month=8 if fiscal_qtr==3
(8,416 real changes made)

. replace month=11 if fiscal_qtr==4
(10,175 real changes made)

. gen day=15

. tostring day month fiscal_year, replace
day was float now str2
month was float now str2
fiscal_year was float now str4

. gen date=month+"/"+day+"/"+fiscal_year

. gen time=date(date,"MDY",2020)

. replace time=qofd(time)
(31,337 real changes made)

. format %tq time

. drop month day date

. move time fiscal_qtr

. destring fiscal_year, replace
fiscal_year: all characters numeric; replaced as int

. 
. ren fiscal_year year

. ren fiscal_qtr quarter

. destring county, gen(fipsnumeric)
county: all characters numeric; fipsnumeric generated as long

. drop time county

. 
. save "${rawdata}/spending_data.dta", replace
(file
    /Users/mac/JPE-replications/JPE-Mitman-2016256/replication-package/replic
    > ation-package/data/raw/spending_data.dta not found)
file
    /Users/mac/JPE-replications/JPE-Mitman-2016256/replication-package/replic
    > ation-package/data/raw/spending_data.dta saved

. 
end of do-file
/Users/mac/JPE-replications/JPE-Mitman-2016256/replication-package/replication-
> package/code

. * ---------------------------------------------------------------------------
. * Make_StateEmp.do  ->  state_emp_quarterly.dta
. * State quarterly employment (seasonally adjusted + unadjusted), for emp_shar
> e
. * (tab:Benefits_on_unemp Col 5) and prod_all_old (Table1_OLS).
. *
. * SOURCE (provided raw): BLS Local Area Unemployment Statistics state series,
. *   la.data.2.AllStatesU (unadjusted) + la.data.3.AllStatesS (seasonally adju
> sted),
. *   BLS_State/ (2013-06-22 vintage). series_id chars 6-7 = state FIPS, char 1
> 3 =
. *   measure (5 = employment); period M01-M12.
. * OUTPUT: state_emp_quarterly.dta, keyed fipsstate year quarter, with emp_sta
> te_sa, emp_state_u.
. * ---------------------------------------------------------------------------
. clear all

. set more off

. do "config.do"

. * ===========================================================================
. * config.do  --  single path configuration for the replication archive.
. *
. * HOW TO RUN: from a Stata session whose working directory is `code/`, first
. *     do "config.do"
. * then run any pipeline script (also from `code/`), e.g. `do build/UIMacro_Bu
> ildData.do`.
. * Each pipeline script re-runs this file itself, so you can also run them dir
> ectly
. * from `code/`. EDIT THE ONE LINE below to this archive's location on your ma
> chine.
. * ===========================================================================
. 
. global root "/Users/mac/JPE-replications/JPE-Mitman-2016256/replication-packa
> ge/replication-package"          //  <-- EDIT: path to this archive

. 
. * --- derived locations (do not edit) ---
. global code          "${root}/code"

. global rawdata       "${root}/data/raw"

. global processed     "${root}/data/processed"

. global output        "${root}/output"

. global tables        "${output}/tables"

. global figures       "${output}/figures"

. global factor_csv    "${output}/factor_results"      // analysis/Matlab resul
> t CSVs (make_tables reads)

. global factor_inputs "${output}/factor_inputs"       // per-pair QBLS handoff
>  (regenerated by exporters)

. global synthetic     "${root}/synthetic-data"

. 
. * --- analysis convenience: cd "${maindirectory}"; use "${CurrentData}" / "${
> DataControls}.dta" ---
. global maindirectory "${processed}/"

. global CurrentData   "UIMacro_RevisionData.dta"

. global DataControls  "UIMacro_DataControls"

. global Wages         "ProcessedWages.dta"

. global outdirectory  "${factor_inputs}/"             // exporters write QBLS 
> here

. global latexdir      "${factor_csv}/"                // analysis/Matlab resul
> t CSVs (make_tables reads)

. 
. * --- vacancy data switch ---------------------------------------------------
. * vacfile/statefile are the two PROVIDED synthetic stand-ins for the propriet
> ary HWOL
. * inputs (synthetic-data/; the confidential HWOL data are NOT in this archive
> ). To reproduce the PUBLISHED (HWOL)
. * vacancy numbers, the Data Editor replaces these two files with the licensed
>  Conference
. * Board HWOL data and re-runs. See code/build/SYNTHETIC_VACANCY_PATH.md.
. global vacfile      "${synthetic}/new_vac_synthetic.dta"

. global statefile    "${synthetic}/StateMonthlyBorderData_synthetic.dta"

. * ImputedDataBorder is a BUILT intermediate, NOT shipped: the replicator gene
> rates it by
. * running the imputation (analysis/Impute_Input.do -> matlab/Run_Impute_Borde
> r.m ->
. * analysis/Impute_to_Stata.do) on ${vacfile}; it lands in data/processed/ (sy
> nthetic by
. * default, the real version if the Data Editor swaps in HWOL).
. global ImputedFile  "${processed}/ImputedDataBorder.dta"

. 
. * --- figure styling: the published figures were drawn under the classic
. * s2color scheme; Stata 18+ defaults to stcolor, which changes gridlines,
. * markers, and legend styling. Pin the scheme so regenerated figures match.
. cap set scheme s2color

. 
. * ensure the built-output folders exist (the archive ships them empty / absen
> t)
. cap mkdir "${processed}"

. cap mkdir "${output}"

. cap mkdir "${tables}"

. cap mkdir "${figures}"

. cap mkdir "${factor_csv}"

. cap mkdir "${factor_inputs}"

. 
. local ssc_packages "reghdfe binscatter regife outreg2 ftools coefplot tuples 
> hdfe mat2txt ivreg2 ranktest"

. if !missing("`ssc_packages'") { 
.         foreach pkg in `ssc_packages' {
  2.                 capture which `pkg' 
  3.                 if _rc == 111 {
  4.                         dis "Installing `pkg'"
  5.                         ssc install `pkg', replace
  6.                         }
  7.                 which `pkg' 
  8.                 }
/Users/mac/Library/Application Support/Stata/ado/plus/r/reghdfe.ado
*! version 6.13.1 10Jan2026
/Users/mac/Library/Application Support/Stata/ado/plus/b/binscatter.ado
*! version 7.02  24nov2013  Michael Stepner, stepner@mit.edu
/Users/mac/Library/Application Support/Stata/ado/plus/r/regife.ado
/Users/mac/Library/Application Support/Stata/ado/plus/o/outreg2.ado
*! outreg2 2.3.2  17aug2014 by roywada@hotmail.com
*! based on outreg 3.0.6/4.0.0 by john_gallup@alum.swarthmore.edu
/Users/mac/Library/Application Support/Stata/ado/plus/f/ftools.ado
*! version 2.50.0 09jan2026
/Users/mac/Library/Application Support/Stata/ado/plus/c/coefplot.ado
*! version 1.8.6  22feb2023  Ben Jann
/Users/mac/Library/Application Support/Stata/ado/plus/t/tuples.ado
*! version 4.3.0  25sep2025
/Users/mac/Library/Application Support/Stata/ado/plus/h/hdfe.ado
*! reghdfe 3.2.9 21feb2016
*! Sergio Correia (sergio.correia@duke.edu)
/Users/mac/Library/Application Support/Stata/ado/plus/m/mat2txt.ado
*! 1.1.2 Ben Jann 24 Nov 2004
*! 1.1.1 M Blasnik 18 Feb 2004
/Users/mac/Library/Application Support/Stata/ado/plus/i/ivreg2.ado
*! ivreg2 4.1.12  14aug2024
*! authors cfb & mes
*! see end of file for version comments
/Users/mac/Library/Application Support/Stata/ado/plus/r/ranktest.ado
*! ranktest 2.0.04  21sept2020
*! authors mes & fw; KP stat based on code by fk
*! see end of file for version comments
. }

. 
end of do-file

. local BLS "${rawdata}/BLS_State"

. 
. * --- unadjusted state employment (measure 5) ---
. insheet using "`BLS'/la.data.2.AllStatesU", clear
(5 vars, 101,088 obs)

. keep if substr(series_id,13,1)=="5"
(75,816 observations deleted)

. gen fipsstate = substr(series_id,6,2)

. replace fipsstate = "72" if fipsstate=="43"          // BLS code 43 = Puerto 
> Rico -> FIPS 72
(486 real changes made)

. gen month = real(substr(period,2,2))

. drop if month==13 | missing(month)                   // M13 = annual avg
(1,924 observations deleted)

. destring value, replace force
value already numeric; no replace

. rename value emp_state_u

. keep fipsstate year month emp_state_u

. tempfile u

. save `u'
file /var/folders/yv/gy9l8r0n7q96t36797h3fbd00000gn/T//St07894.000001 saved
    as .dta format

. 
. * --- seasonally adjusted state employment (measure 5) ---
. insheet using "`BLS'/la.data.3.AllStatesS", clear
(5 vars, 93,392 obs)

. keep if substr(series_id,13,1)=="5"
(70,044 observations deleted)

. gen fipsstate = substr(series_id,6,2)

. replace fipsstate = "72" if fipsstate=="43"
(449 real changes made)

. gen month = real(substr(period,2,2))

. drop if month==13 | missing(month)
(0 observations deleted)

. destring value, replace force
value already numeric; no replace

. rename value emp_state_sa

. keep fipsstate year month emp_state_sa

. merge 1:1 fipsstate year month using `u', nogen

    Result                      Number of obs
    -----------------------------------------
    Not matched                             0
    Matched                            23,348  
    -----------------------------------------

. 
. * --- collapse to quarterly mean (matches the original construction) ---
. gen quarter = floor((month-1)/3)+1

. destring fipsstate, replace
fipsstate: all characters numeric; replaced as byte

. collapse (mean) emp_state_sa emp_state_u, by(fipsstate year quarter)

. label data "BLS LAUS state quarterly employment (SA + unadjusted), 2013-06-22
>  vintage"

. save "${rawdata}/state_emp_quarterly.dta", replace
(file
    /Users/mac/JPE-replications/JPE-Mitman-2016256/replication-package/replic
    > ation-package/data/raw/state_emp_quarterly.dta not found)
file
    /Users/mac/JPE-replications/JPE-Mitman-2016256/replication-package/replic
    > ation-package/data/raw/state_emp_quarterly.dta saved

. di "state_emp_quarterly: N=" _N
state_emp_quarterly: N=7800

. 
end of do-file
/Users/mac/JPE-replications/JPE-Mitman-2016256/replication-package/replication-
> package/code

. drop _all

. * Raw: BLS LAUS additivity ratios (additivity_ratios_2005-13.csv ships in ../
> Raw).
. cd ${code}/build/RawDataScripts/LAUS_Additivity/Raw
/Users/mac/JPE-replications/JPE-Mitman-2016256/replication-package/replication-
> package/code/build/RawDataScripts/LAUS_Additivity/Raw

. 
. insheet using additivity_ratios_2005-13.csv, clear
(8 vars, 5,304 obs)

. 
. ren st_fips fipsstate

. keep fipsstate year month empratio unempratio

. 
. cap mkdir "${code}/build/RawDataScripts/LAUS_Additivity/Output"

. cd ${code}/build/RawDataScripts/LAUS_Additivity/Output
/Users/mac/JPE-replications/JPE-Mitman-2016256/replication-package/replication-
> package/code/build/RawDataScripts/LAUS_Additivity/Output

. sort fipsstate year month

. save additivity, replace
(file additivity.dta not found)
file additivity.dta saved

. 
end of do-file
. 
.     * core LAUS border-county-pair panel (steps 1-3) + state SA employment (s
> teps 4-5)
.     * + the state monthly rate panels for the placebo (steps 6-7, Dec-2015 re
> vised raws)
.     * + state quarterly unemployment for TableA2 (step 8); 4-8 are independen
> t
.     * sub-chains off the same download batches (see LAUS/SOURCE_NOTES.md)
.     foreach p in 1_construct_laus_2014 2_MakeNewLAUSDataSet                  
>    ///
>             3_MakeNewLAUSBorderDataSet24Nov16                                
>    ///
>             4_construct_laus_state_sa_pre 5_Make_StateEmp2014rev             
>    ///
>             6_construct_laus_state_sa 7_construct_laus_state_u               
>    ///
>             8_Make_StateQuarterlyU {
  2.         cd "${code}"
  3.         do "build/RawDataScripts/LAUS/`p'.do"
  4.     }
/Users/mac/JPE-replications/JPE-Mitman-2016256/replication-package/replication-
> package/code

. * ---------------------------------------------------------------------------
. * 1_construct_laus_2014.do  ->  LAUS/Output/laus_2014_final.dta
. * County monthly LAUS panel 1990-2014 (unemployment rate/count, employment,
. * labor force), the base layer of the core border-county panel.
. *
. * SOURCE (provided raw, LAUS/): BLS Local Area Unemployment Statistics county
. *   series, post-2014-redesign vintage -- five flat extracts
. *   ladata0CurrentU{90-94,95-99,00-04,05-09,10-14}.txt (series_id chars 6-10 
> =
. *   county FIPS, chars 4-5 = area type "CN", char 20 = measure: 3 unemp rate,
. *   4 unemp count, 5 employment, 6 labor force; period M01-M12, M13 = annual
. *   average, dropped). Download: https://www.bls.gov/lau/.
. * OUTPUT: laus_2014_final.dta, keyed fipsnumeric year month (N=965,460).
. * Intermediate temp files go to LAUS/Output/.
. * ---------------------------------------------------------------------------
. clear all

. set more off

. do "config.do"

. * ===========================================================================
. * config.do  --  single path configuration for the replication archive.
. *
. * HOW TO RUN: from a Stata session whose working directory is `code/`, first
. *     do "config.do"
. * then run any pipeline script (also from `code/`), e.g. `do build/UIMacro_Bu
> ildData.do`.
. * Each pipeline script re-runs this file itself, so you can also run them dir
> ectly
. * from `code/`. EDIT THE ONE LINE below to this archive's location on your ma
> chine.
. * ===========================================================================
. 
. global root "/Users/mac/JPE-replications/JPE-Mitman-2016256/replication-packa
> ge/replication-package"          //  <-- EDIT: path to this archive

. 
. * --- derived locations (do not edit) ---
. global code          "${root}/code"

. global rawdata       "${root}/data/raw"

. global processed     "${root}/data/processed"

. global output        "${root}/output"

. global tables        "${output}/tables"

. global figures       "${output}/figures"

. global factor_csv    "${output}/factor_results"      // analysis/Matlab resul
> t CSVs (make_tables reads)

. global factor_inputs "${output}/factor_inputs"       // per-pair QBLS handoff
>  (regenerated by exporters)

. global synthetic     "${root}/synthetic-data"

. 
. * --- analysis convenience: cd "${maindirectory}"; use "${CurrentData}" / "${
> DataControls}.dta" ---
. global maindirectory "${processed}/"

. global CurrentData   "UIMacro_RevisionData.dta"

. global DataControls  "UIMacro_DataControls"

. global Wages         "ProcessedWages.dta"

. global outdirectory  "${factor_inputs}/"             // exporters write QBLS 
> here

. global latexdir      "${factor_csv}/"                // analysis/Matlab resul
> t CSVs (make_tables reads)

. 
. * --- vacancy data switch ---------------------------------------------------
. * vacfile/statefile are the two PROVIDED synthetic stand-ins for the propriet
> ary HWOL
. * inputs (synthetic-data/; the confidential HWOL data are NOT in this archive
> ). To reproduce the PUBLISHED (HWOL)
. * vacancy numbers, the Data Editor replaces these two files with the licensed
>  Conference
. * Board HWOL data and re-runs. See code/build/SYNTHETIC_VACANCY_PATH.md.
. global vacfile      "${synthetic}/new_vac_synthetic.dta"

. global statefile    "${synthetic}/StateMonthlyBorderData_synthetic.dta"

. * ImputedDataBorder is a BUILT intermediate, NOT shipped: the replicator gene
> rates it by
. * running the imputation (analysis/Impute_Input.do -> matlab/Run_Impute_Borde
> r.m ->
. * analysis/Impute_to_Stata.do) on ${vacfile}; it lands in data/processed/ (sy
> nthetic by
. * default, the real version if the Data Editor swaps in HWOL).
. global ImputedFile  "${processed}/ImputedDataBorder.dta"

. 
. * --- figure styling: the published figures were drawn under the classic
. * s2color scheme; Stata 18+ defaults to stcolor, which changes gridlines,
. * markers, and legend styling. Pin the scheme so regenerated figures match.
. cap set scheme s2color

. 
. * ensure the built-output folders exist (the archive ships them empty / absen
> t)
. cap mkdir "${processed}"

. cap mkdir "${output}"

. cap mkdir "${tables}"

. cap mkdir "${figures}"

. cap mkdir "${factor_csv}"

. cap mkdir "${factor_inputs}"

. 
. local ssc_packages "reghdfe binscatter regife outreg2 ftools coefplot tuples 
> hdfe mat2txt ivreg2 ranktest"

. if !missing("`ssc_packages'") { 
.         foreach pkg in `ssc_packages' {
  2.                 capture which `pkg' 
  3.                 if _rc == 111 {
  4.                         dis "Installing `pkg'"
  5.                         ssc install `pkg', replace
  6.                         }
  7.                 which `pkg' 
  8.                 }
/Users/mac/Library/Application Support/Stata/ado/plus/r/reghdfe.ado
*! version 6.13.1 10Jan2026
/Users/mac/Library/Application Support/Stata/ado/plus/b/binscatter.ado
*! version 7.02  24nov2013  Michael Stepner, stepner@mit.edu
/Users/mac/Library/Application Support/Stata/ado/plus/r/regife.ado
/Users/mac/Library/Application Support/Stata/ado/plus/o/outreg2.ado
*! outreg2 2.3.2  17aug2014 by roywada@hotmail.com
*! based on outreg 3.0.6/4.0.0 by john_gallup@alum.swarthmore.edu
/Users/mac/Library/Application Support/Stata/ado/plus/f/ftools.ado
*! version 2.50.0 09jan2026
/Users/mac/Library/Application Support/Stata/ado/plus/c/coefplot.ado
*! version 1.8.6  22feb2023  Ben Jann
/Users/mac/Library/Application Support/Stata/ado/plus/t/tuples.ado
*! version 4.3.0  25sep2025
/Users/mac/Library/Application Support/Stata/ado/plus/h/hdfe.ado
*! reghdfe 3.2.9 21feb2016
*! Sergio Correia (sergio.correia@duke.edu)
/Users/mac/Library/Application Support/Stata/ado/plus/m/mat2txt.ado
*! 1.1.2 Ben Jann 24 Nov 2004
*! 1.1.1 M Blasnik 18 Feb 2004
/Users/mac/Library/Application Support/Stata/ado/plus/i/ivreg2.ado
*! ivreg2 4.1.12  14aug2024
*! authors cfb & mes
*! see end of file for version comments
/Users/mac/Library/Application Support/Stata/ado/plus/r/ranktest.ado
*! ranktest 2.0.04  21sept2020
*! authors mes & fw; KP stat based on code by fk
*! see end of file for version comments
. }

. 
end of do-file

. cap mkdir "${rawdata}/LAUS/Output"

. cd "${rawdata}/LAUS/Output"
/Users/mac/JPE-replications/JPE-Mitman-2016256/replication-package/replication-
> package/data/raw/LAUS/Output

. 
. ** First append the various input (raw) files
. insheet using "${rawdata}/LAUS/ladata0CurrentU90-94.txt", clear
(5 vars, 1,996,020 obs)

. drop footnote*

. save ladata0CurrentU_P1, replace
(file ladata0CurrentU_P1.dta not found)
file ladata0CurrentU_P1.dta saved

. insheet using "${rawdata}/LAUS/ladata0CurrentU95-99.txt", clear
(5 vars, 2,016,040 obs)

. drop footnote*

. save ladata0CurrentU_P2, replace
(file ladata0CurrentU_P2.dta not found)
file ladata0CurrentU_P2.dta saved

. insheet using "${rawdata}/LAUS/ladata0CurrentU00-04.txt", clear
(5 vars, 2,099,240 obs)

. drop footnote*

. save ladata0CurrentU_P3, replace
(file ladata0CurrentU_P3.dta not found)
file ladata0CurrentU_P3.dta saved

. insheet using "${rawdata}/LAUS/ladata0CurrentU05-09.txt", clear
(5 vars, 2,099,344 obs)

. destring value, replace force
value: contains nonnumeric characters; replaced as double
(480 missing values generated)

. drop footnote*

. save ladata0CurrentU_P4, replace
(file ladata0CurrentU_P4.dta not found)
file ladata0CurrentU_P4.dta saved

. insheet using "${rawdata}/LAUS/ladata0CurrentU10-14.txt", clear
(5 vars, 2,080,744 obs)

. drop footnote*

. save ladata0CurrentU_P5, replace
(file ladata0CurrentU_P5.dta not found)
file ladata0CurrentU_P5.dta saved

. 
. use ladata0CurrentU_P1, clear

. erase ladata0CurrentU_P1.dta

. forvalues i=2/5{
  2.         disp(`i')
  3.         append using ladata0CurrentU_P`i'.dta
  4.         erase ladata0CurrentU_P`i'.dta
  5. }
2
3
4
(variable value was float, now double to accommodate using data's values)
5

. gen month = substr(period,2,2)

. destring month, replace
month: all characters numeric; replaced as byte

. drop if month==13               // annual average
(761,948 observations deleted)

. drop period

. 
. gen fipsnumeric = substr(series_id,6,5)

. destring fipsnumeric, replace
fipsnumeric: all characters numeric; replaced as long

. 
. ** Keep only counties
. gen area_type = substr(series_id,4,2)

. keep if area_type=="CN"
(5,667,600 observations deleted)

. drop area_type

. 
. ** Define variable type (unemp. rate, unemp, emp, labor)
. gen var_type = substr(series_id,20,1)

. destring var_type, replace
var_type: all characters numeric; replaced as byte

. 
. drop series_id

. reshape wide value, i(fipsnumeric year month) j(var_type)
(j = 3 4 5 6)

Data                               Long   ->   Wide
-----------------------------------------------------------------------------
Number of observations        3,861,840   ->   965,460     
Number of variables                   5   ->   7           
j variable (4 values)          var_type   ->   (dropped)
xij variables:
                                  value   ->   value3 value4 ... value6
-----------------------------------------------------------------------------

. ren value3 unemp_rate_laus

. ren value4 unemp_count_laus

. ren value5 emp_laus

. ren value6 labor_laus

. 
. la var unemp_rate_laus "Unemp. rate in LAUS"

. la var unemp_count_laus "Unemp. count in LAUS"

. la var emp_laus "Employment in LAUS"

. la var labor_laus "Labor in LAUS"

. 
. save laus_2014_final, replace
(file laus_2014_final.dta not found)
file laus_2014_final.dta saved

. 
end of do-file
/Users/mac/JPE-replications/JPE-Mitman-2016256/replication-package/replication-
> package/code

. * ---------------------------------------------------------------------------
. * 2_MakeNewLAUSDataSet.do  ->  LAUS/Output/NewLAUSData2014_final.dta
. * Adds state aggregates (state_unemp, state_labor, leave-out xstate_unemp) to
. * the county LAUS panel and merges the benefit-weeks series (meanwks), with
. * the 2014 state-level statutory patches applied inline.
. *
. * INPUTS: LAUS/Output/laus_2014_final.dta (step 1);
. *   Fullbenefits_MeanWks_Update.dta (PROVIDED benefit-weeks intermediate --
. *   state x month mean weeks of UI eligibility).
. * OUTPUT: NewLAUSData2014_final.dta (county x month with meanwks).
. * (The commented-out additivity/claims merges are preserved from the
. * original construction.)
. * ---------------------------------------------------------------------------
. clear all

. set more off

. do "config.do"

. * ===========================================================================
. * config.do  --  single path configuration for the replication archive.
. *
. * HOW TO RUN: from a Stata session whose working directory is `code/`, first
. *     do "config.do"
. * then run any pipeline script (also from `code/`), e.g. `do build/UIMacro_Bu
> ildData.do`.
. * Each pipeline script re-runs this file itself, so you can also run them dir
> ectly
. * from `code/`. EDIT THE ONE LINE below to this archive's location on your ma
> chine.
. * ===========================================================================
. 
. global root "/Users/mac/JPE-replications/JPE-Mitman-2016256/replication-packa
> ge/replication-package"          //  <-- EDIT: path to this archive

. 
. * --- derived locations (do not edit) ---
. global code          "${root}/code"

. global rawdata       "${root}/data/raw"

. global processed     "${root}/data/processed"

. global output        "${root}/output"

. global tables        "${output}/tables"

. global figures       "${output}/figures"

. global factor_csv    "${output}/factor_results"      // analysis/Matlab resul
> t CSVs (make_tables reads)

. global factor_inputs "${output}/factor_inputs"       // per-pair QBLS handoff
>  (regenerated by exporters)

. global synthetic     "${root}/synthetic-data"

. 
. * --- analysis convenience: cd "${maindirectory}"; use "${CurrentData}" / "${
> DataControls}.dta" ---
. global maindirectory "${processed}/"

. global CurrentData   "UIMacro_RevisionData.dta"

. global DataControls  "UIMacro_DataControls"

. global Wages         "ProcessedWages.dta"

. global outdirectory  "${factor_inputs}/"             // exporters write QBLS 
> here

. global latexdir      "${factor_csv}/"                // analysis/Matlab resul
> t CSVs (make_tables reads)

. 
. * --- vacancy data switch ---------------------------------------------------
. * vacfile/statefile are the two PROVIDED synthetic stand-ins for the propriet
> ary HWOL
. * inputs (synthetic-data/; the confidential HWOL data are NOT in this archive
> ). To reproduce the PUBLISHED (HWOL)
. * vacancy numbers, the Data Editor replaces these two files with the licensed
>  Conference
. * Board HWOL data and re-runs. See code/build/SYNTHETIC_VACANCY_PATH.md.
. global vacfile      "${synthetic}/new_vac_synthetic.dta"

. global statefile    "${synthetic}/StateMonthlyBorderData_synthetic.dta"

. * ImputedDataBorder is a BUILT intermediate, NOT shipped: the replicator gene
> rates it by
. * running the imputation (analysis/Impute_Input.do -> matlab/Run_Impute_Borde
> r.m ->
. * analysis/Impute_to_Stata.do) on ${vacfile}; it lands in data/processed/ (sy
> nthetic by
. * default, the real version if the Data Editor swaps in HWOL).
. global ImputedFile  "${processed}/ImputedDataBorder.dta"

. 
. * --- figure styling: the published figures were drawn under the classic
. * s2color scheme; Stata 18+ defaults to stcolor, which changes gridlines,
. * markers, and legend styling. Pin the scheme so regenerated figures match.
. cap set scheme s2color

. 
. * ensure the built-output folders exist (the archive ships them empty / absen
> t)
. cap mkdir "${processed}"

. cap mkdir "${output}"

. cap mkdir "${tables}"

. cap mkdir "${figures}"

. cap mkdir "${factor_csv}"

. cap mkdir "${factor_inputs}"

. 
. local ssc_packages "reghdfe binscatter regife outreg2 ftools coefplot tuples 
> hdfe mat2txt ivreg2 ranktest"

. if !missing("`ssc_packages'") { 
.         foreach pkg in `ssc_packages' {
  2.                 capture which `pkg' 
  3.                 if _rc == 111 {
  4.                         dis "Installing `pkg'"
  5.                         ssc install `pkg', replace
  6.                         }
  7.                 which `pkg' 
  8.                 }
/Users/mac/Library/Application Support/Stata/ado/plus/r/reghdfe.ado
*! version 6.13.1 10Jan2026
/Users/mac/Library/Application Support/Stata/ado/plus/b/binscatter.ado
*! version 7.02  24nov2013  Michael Stepner, stepner@mit.edu
/Users/mac/Library/Application Support/Stata/ado/plus/r/regife.ado
/Users/mac/Library/Application Support/Stata/ado/plus/o/outreg2.ado
*! outreg2 2.3.2  17aug2014 by roywada@hotmail.com
*! based on outreg 3.0.6/4.0.0 by john_gallup@alum.swarthmore.edu
/Users/mac/Library/Application Support/Stata/ado/plus/f/ftools.ado
*! version 2.50.0 09jan2026
/Users/mac/Library/Application Support/Stata/ado/plus/c/coefplot.ado
*! version 1.8.6  22feb2023  Ben Jann
/Users/mac/Library/Application Support/Stata/ado/plus/t/tuples.ado
*! version 4.3.0  25sep2025
/Users/mac/Library/Application Support/Stata/ado/plus/h/hdfe.ado
*! reghdfe 3.2.9 21feb2016
*! Sergio Correia (sergio.correia@duke.edu)
/Users/mac/Library/Application Support/Stata/ado/plus/m/mat2txt.ado
*! 1.1.2 Ben Jann 24 Nov 2004
*! 1.1.1 M Blasnik 18 Feb 2004
/Users/mac/Library/Application Support/Stata/ado/plus/i/ivreg2.ado
*! ivreg2 4.1.12  14aug2024
*! authors cfb & mes
*! see end of file for version comments
/Users/mac/Library/Application Support/Stata/ado/plus/r/ranktest.ado
*! ranktest 2.0.04  21sept2020
*! authors mes & fw; KP stat based on code by fk
*! see end of file for version comments
. }

. 
end of do-file

. 
. use "${rawdata}/LAUS/Output/laus_2014_final.dta"

. 
. gen fipsstate=floor(fipsnumeric/1000)

. 
. bys fipsstate year month: egen state_unemp=sum(unemp_count_laus)

. bys fipsstate year month: egen state_labor=sum(labor_laus)

. bys fipsnumeric year month: gen xstate_unemp=(state_unemp-unemp_count_laus)/(
> state_labor-labor_laus)
(370 missing values generated)

. 
. /*
> ** Merge in the additivity factor from the BLS
> sort fipsstate year month
> merge m:1 fipsstate year month using additivity.dta
> drop _merge
> 
> ** Merge in continuing claims data
> sort fipsnumeric year month
> merge 1:1 fipsnumeric year month using claims.dta
> drop _merge
> */
. 
. 
. ** Merge in weeks
. sort fipsstate year month

. merge m:1 fipsstate year month using "${rawdata}/Fullbenefits_MeanWks_Update.
> dta"
(variable year was int, now float to accommodate using data's values)
(variable month was byte, now double to accommodate using data's values)

    Result                      Number of obs
    -----------------------------------------
    Not matched                       513,504
        from master                   513,504  (_merge==1)
        from using                          0  (_merge==2)

    Matched                           451,956  (_merge==3)
    -----------------------------------------

. drop _merge

. 
. *keep if inlist(fipsstate,13,37,45,47,51)
. replace meanwks=26 if year==2014
(38,640 real changes made)

. replace meanwks=19 if fipsstate==37 & (year==2014 | (year==2013 & month>5))
(1,900 real changes made)

. replace meanwks=20 if inlist(fipsstate,20,26,29,45) & (year==2014)
(4,188 real changes made)

. replace meanwks=25 if fipsstate==5 & (year==2014)
(900 real changes made)

. replace meanwks=16 if fipsstate==12 & (year==2014)
(804 real changes made)

. replace meanwks=18 if fipsstate==13 & (year==2014)
(1,908 real changes made)

. replace meanwks=30 if fipsstate==25 & (year==2014)
(168 real changes made)

. replace meanwks=28 if fipsstate==30 & (year==2014)
(672 real changes made)

. 
. save "${rawdata}/LAUS/Output/NewLAUSData2014_final", replace
(file
    /Users/mac/JPE-replications/JPE-Mitman-2016256/replication-package/replic
    > ation-package/data/raw/LAUS/Output/NewLAUSData2014_final.dta not found)
file
    /Users/mac/JPE-replications/JPE-Mitman-2016256/replication-package/replic
    > ation-package/data/raw/LAUS/Output/NewLAUSData2014_final.dta saved

. 
end of do-file
/Users/mac/JPE-replications/JPE-Mitman-2016256/replication-package/replication-
> package/code

. * ---------------------------------------------------------------------------
. * 3_MakeNewLAUSBorderDataSet24Nov16.do  ->  NewLAUSBorderData2014_final24Nov1
> 6.dta
. * THE CORE INPUT of the main build: the balanced border-county-pair monthly
. * panel 1990-2014 (county pairs straddling a state border), carrying the LAUS
. * unemployment block and meanwks. UIMacro_BuildData.do merges everything else
. * onto this file; meanwks -> logmeanwks -> diff_logmeanwks is the treatment.
. *
. * INPUTS: county-pair-list.txt (border county-pair list, comma-separated;
. *   county 30113 appears in the list but has no BLS LAUS data and is dropped)
> ;
. *   LAUS/Output/NewLAUSData2014_final.dta (step 2).
. * OUTPUT: NewLAUSBorderData2014_final24Nov16.dta (N=703,200; one-county pairs
. *   dropped; pair_id_numeric + county_index identifiers added).
. * ---------------------------------------------------------------------------
. clear all

. set more off

. do "config.do"

. * ===========================================================================
. * config.do  --  single path configuration for the replication archive.
. *
. * HOW TO RUN: from a Stata session whose working directory is `code/`, first
. *     do "config.do"
. * then run any pipeline script (also from `code/`), e.g. `do build/UIMacro_Bu
> ildData.do`.
. * Each pipeline script re-runs this file itself, so you can also run them dir
> ectly
. * from `code/`. EDIT THE ONE LINE below to this archive's location on your ma
> chine.
. * ===========================================================================
. 
. global root "/Users/mac/JPE-replications/JPE-Mitman-2016256/replication-packa
> ge/replication-package"          //  <-- EDIT: path to this archive

. 
. * --- derived locations (do not edit) ---
. global code          "${root}/code"

. global rawdata       "${root}/data/raw"

. global processed     "${root}/data/processed"

. global output        "${root}/output"

. global tables        "${output}/tables"

. global figures       "${output}/figures"

. global factor_csv    "${output}/factor_results"      // analysis/Matlab resul
> t CSVs (make_tables reads)

. global factor_inputs "${output}/factor_inputs"       // per-pair QBLS handoff
>  (regenerated by exporters)

. global synthetic     "${root}/synthetic-data"

. 
. * --- analysis convenience: cd "${maindirectory}"; use "${CurrentData}" / "${
> DataControls}.dta" ---
. global maindirectory "${processed}/"

. global CurrentData   "UIMacro_RevisionData.dta"

. global DataControls  "UIMacro_DataControls"

. global Wages         "ProcessedWages.dta"

. global outdirectory  "${factor_inputs}/"             // exporters write QBLS 
> here

. global latexdir      "${factor_csv}/"                // analysis/Matlab resul
> t CSVs (make_tables reads)

. 
. * --- vacancy data switch ---------------------------------------------------
. * vacfile/statefile are the two PROVIDED synthetic stand-ins for the propriet
> ary HWOL
. * inputs (synthetic-data/; the confidential HWOL data are NOT in this archive
> ). To reproduce the PUBLISHED (HWOL)
. * vacancy numbers, the Data Editor replaces these two files with the licensed
>  Conference
. * Board HWOL data and re-runs. See code/build/SYNTHETIC_VACANCY_PATH.md.
. global vacfile      "${synthetic}/new_vac_synthetic.dta"

. global statefile    "${synthetic}/StateMonthlyBorderData_synthetic.dta"

. * ImputedDataBorder is a BUILT intermediate, NOT shipped: the replicator gene
> rates it by
. * running the imputation (analysis/Impute_Input.do -> matlab/Run_Impute_Borde
> r.m ->
. * analysis/Impute_to_Stata.do) on ${vacfile}; it lands in data/processed/ (sy
> nthetic by
. * default, the real version if the Data Editor swaps in HWOL).
. global ImputedFile  "${processed}/ImputedDataBorder.dta"

. 
. * --- figure styling: the published figures were drawn under the classic
. * s2color scheme; Stata 18+ defaults to stcolor, which changes gridlines,
. * markers, and legend styling. Pin the scheme so regenerated figures match.
. cap set scheme s2color

. 
. * ensure the built-output folders exist (the archive ships them empty / absen
> t)
. cap mkdir "${processed}"

. cap mkdir "${output}"

. cap mkdir "${tables}"

. cap mkdir "${figures}"

. cap mkdir "${factor_csv}"

. cap mkdir "${factor_inputs}"

. 
. local ssc_packages "reghdfe binscatter regife outreg2 ftools coefplot tuples 
> hdfe mat2txt ivreg2 ranktest"

. if !missing("`ssc_packages'") { 
.         foreach pkg in `ssc_packages' {
  2.                 capture which `pkg' 
  3.                 if _rc == 111 {
  4.                         dis "Installing `pkg'"
  5.                         ssc install `pkg', replace
  6.                         }
  7.                 which `pkg' 
  8.                 }
/Users/mac/Library/Application Support/Stata/ado/plus/r/reghdfe.ado
*! version 6.13.1 10Jan2026
/Users/mac/Library/Application Support/Stata/ado/plus/b/binscatter.ado
*! version 7.02  24nov2013  Michael Stepner, stepner@mit.edu
/Users/mac/Library/Application Support/Stata/ado/plus/r/regife.ado
/Users/mac/Library/Application Support/Stata/ado/plus/o/outreg2.ado
*! outreg2 2.3.2  17aug2014 by roywada@hotmail.com
*! based on outreg 3.0.6/4.0.0 by john_gallup@alum.swarthmore.edu
/Users/mac/Library/Application Support/Stata/ado/plus/f/ftools.ado
*! version 2.50.0 09jan2026
/Users/mac/Library/Application Support/Stata/ado/plus/c/coefplot.ado
*! version 1.8.6  22feb2023  Ben Jann
/Users/mac/Library/Application Support/Stata/ado/plus/t/tuples.ado
*! version 4.3.0  25sep2025
/Users/mac/Library/Application Support/Stata/ado/plus/h/hdfe.ado
*! reghdfe 3.2.9 21feb2016
*! Sergio Correia (sergio.correia@duke.edu)
/Users/mac/Library/Application Support/Stata/ado/plus/m/mat2txt.ado
*! 1.1.2 Ben Jann 24 Nov 2004
*! 1.1.1 M Blasnik 18 Feb 2004
/Users/mac/Library/Application Support/Stata/ado/plus/i/ivreg2.ado
*! ivreg2 4.1.12  14aug2024
*! authors cfb & mes
*! see end of file for version comments
/Users/mac/Library/Application Support/Stata/ado/plus/r/ranktest.ado
*! ranktest 2.0.04  21sept2020
*! authors mes & fw; KP stat based on code by fk
*! see end of file for version comments
. }

. 
end of do-file

. 
. insheet using "${rawdata}/county-pair-list.txt", comma
(5 vars, 2,362 obs)

. rename county fipsnumeric

. rename countypair_id pair_id

. 
. gen fipsstate = floor(fipsnumeric/1000)

. bys pair_id: egen st_min = min(fipsstate)

. bys pair_id: egen st_max = max(fipsstate)

. drop if st_max ==st_min
(12 observations deleted)

. drop st_min st_max fipsstate

. 
. 
. expand 300
(702,650 observations created)

. egen pair_id_county = group(pair_id fipsnumeric)

. sort pair_id_county

. generate firstob=1 if pair_id_county!= pair_id_county[_n-1]
(702,650 missing values generated)

. gen time=1 if firstob

. replace time=time[_n-1]+1 if firstob!=1
(702,650 real changes made)

. 
. gen year    = 1990 + floor((time-1)/12)

. gen month   = mod(time-1,12)+1

. gen quarter = floor((month-1)/3)+1

. drop time

. 
. sort year month fipsnumeric

. merge m:1 year month fipsnumeric using "${rawdata}/LAUS/Output/NewLAUSData201
> 4_final.dta"
(variable month was float, now double to accommodate using data's values)

    Result                      Number of obs
    -----------------------------------------
    Not matched                       626,160
        from master                       900  (_merge==1)
        from using                    625,260  (_merge==2)

    Matched                           704,100  (_merge==3)
    -----------------------------------------

. *For some reason there is county with code 30113 in county-pair-list.txt that
>  does
. * not have a matching fips code in BLS data. It has _merge==1.
. drop if _merge==1
(900 observations deleted)

. drop if _merge==2
(625,260 observations deleted)

. drop _merge

. 
. // Generate a numeric identifier for pairs
. sort pair_id fipsnumeric year month

. by pair_id: gen temp=_n==1

. gen temp2=sum(temp)

. ren temp2 pair_id_numeric

. la var pair_id_numeric "Numeric ID for Pairs"

. drop temp

. tab pair_id_numeric

 Numeric ID |
  for Pairs |      Freq.     Percent        Cum.
------------+-----------------------------------
          1 |        600        0.09        0.09
          2 |        600        0.09        0.17
          3 |        600        0.09        0.26
          4 |        600        0.09        0.34
          5 |        600        0.09        0.43
          6 |        600        0.09        0.51
          7 |        600        0.09        0.60
          8 |        600        0.09        0.68
          9 |        600        0.09        0.77
         10 |        600        0.09        0.85
         11 |        600        0.09        0.94
         12 |        600        0.09        1.02
         13 |        600        0.09        1.11
         14 |        600        0.09        1.19
         15 |        600        0.09        1.28
         16 |        600        0.09        1.36
         17 |        600        0.09        1.45
         18 |        600        0.09        1.53
         19 |        600        0.09        1.62
         20 |        600        0.09        1.70
         21 |        600        0.09        1.79
         22 |        600        0.09        1.87
         23 |        600        0.09        1.96
         24 |        600        0.09        2.05
         25 |        600        0.09        2.13
         26 |        600        0.09        2.22
         27 |        600        0.09        2.30
         28 |        600        0.09        2.39
         29 |        600        0.09        2.47
         30 |        600        0.09        2.56
         31 |        600        0.09        2.64
         32 |        600        0.09        2.73
         33 |        600        0.09        2.81
         34 |        600        0.09        2.90
         35 |        600        0.09        2.98
         36 |        600        0.09        3.07
         37 |        600        0.09        3.15
         38 |        600        0.09        3.24
         39 |        600        0.09        3.32
         40 |        600        0.09        3.41
         41 |        600        0.09        3.49
         42 |        600        0.09        3.58
         43 |        600        0.09        3.66
         44 |        600        0.09        3.75
         45 |        600        0.09        3.83
         46 |        600        0.09        3.92
         47 |        600        0.09        4.01
         48 |        600        0.09        4.09
         49 |        600        0.09        4.18
         50 |        600        0.09        4.26
         51 |        600        0.09        4.35
         52 |        600        0.09        4.43
         53 |        600        0.09        4.52
         54 |        600        0.09        4.60
         55 |        600        0.09        4.69
         56 |        600        0.09        4.77
         57 |        600        0.09        4.86
         58 |        600        0.09        4.94
         59 |        600        0.09        5.03
         60 |        600        0.09        5.11
         61 |        600        0.09        5.20
         62 |        600        0.09        5.28
         63 |        600        0.09        5.37
         64 |        600        0.09        5.45
         65 |        600        0.09        5.54
         66 |        600        0.09        5.62
         67 |        600        0.09        5.71
         68 |        600        0.09        5.79
         69 |        600        0.09        5.88
         70 |        600        0.09        5.97
         71 |        600        0.09        6.05
         72 |        600        0.09        6.14
         73 |        600        0.09        6.22
         74 |        600        0.09        6.31
         75 |        600        0.09        6.39
         76 |        600        0.09        6.48
         77 |        600        0.09        6.56
         78 |        600        0.09        6.65
         79 |        600        0.09        6.73
         80 |        600        0.09        6.82
         81 |        600        0.09        6.90
         82 |        600        0.09        6.99
         83 |        600        0.09        7.07
         84 |        600        0.09        7.16
         85 |        600        0.09        7.24
         86 |        600        0.09        7.33
         87 |        600        0.09        7.41
         88 |        600        0.09        7.50
         89 |        600        0.09        7.58
         90 |        600        0.09        7.67
         91 |        600        0.09        7.75
         92 |        600        0.09        7.84
         93 |        600        0.09        7.93
         94 |        600        0.09        8.01
         95 |        600        0.09        8.10
         96 |        600        0.09        8.18
         97 |        600        0.09        8.27
         98 |        600        0.09        8.35
         99 |        600        0.09        8.44
        100 |        600        0.09        8.52
        101 |        600        0.09        8.61
        102 |        600        0.09        8.69
        103 |        600        0.09        8.78
        104 |        600        0.09        8.86
        105 |        600        0.09        8.95
        106 |        600        0.09        9.03
        107 |        600        0.09        9.12
        108 |        600        0.09        9.20
        109 |        600        0.09        9.29
        110 |        600        0.09        9.37
        111 |        600        0.09        9.46
        112 |        600        0.09        9.54
        113 |        600        0.09        9.63
        114 |        600        0.09        9.71
        115 |        600        0.09        9.80
        116 |        600        0.09        9.88
        117 |        600        0.09        9.97
        118 |        600        0.09       10.06
        119 |        600        0.09       10.14
        120 |        600        0.09       10.23
        121 |        600        0.09       10.31
        122 |        600        0.09       10.40
        123 |        600        0.09       10.48
        124 |        600        0.09       10.57
        125 |        600        0.09       10.65
        126 |        600        0.09       10.74
        127 |        600        0.09       10.82
        128 |        600        0.09       10.91
        129 |        600        0.09       10.99
        130 |        600        0.09       11.08
        131 |        600        0.09       11.16
        132 |        600        0.09       11.25
        133 |        600        0.09       11.33
        134 |        600        0.09       11.42
        135 |        600        0.09       11.50
        136 |        600        0.09       11.59
        137 |        600        0.09       11.67
        138 |        600        0.09       11.76
        139 |        600        0.09       11.84
        140 |        600        0.09       11.93
        141 |        600        0.09       12.02
        142 |        600        0.09       12.10
        143 |        600        0.09       12.19
        144 |        600        0.09       12.27
        145 |        600        0.09       12.36
        146 |        600        0.09       12.44
        147 |        600        0.09       12.53
        148 |        600        0.09       12.61
        149 |        600        0.09       12.70
        150 |        600        0.09       12.78
        151 |        600        0.09       12.87
        152 |        600        0.09       12.95
        153 |        600        0.09       13.04
        154 |        600        0.09       13.12
        155 |        600        0.09       13.21
        156 |        600        0.09       13.29
        157 |        600        0.09       13.38
        158 |        600        0.09       13.46
        159 |        600        0.09       13.55
        160 |        600        0.09       13.63
        161 |        600        0.09       13.72
        162 |        600        0.09       13.80
        163 |        600        0.09       13.89
        164 |        600        0.09       13.98
        165 |        600        0.09       14.06
        166 |        600        0.09       14.15
        167 |        600        0.09       14.23
        168 |        600        0.09       14.32
        169 |        600        0.09       14.40
        170 |        600        0.09       14.49
        171 |        600        0.09       14.57
        172 |        600        0.09       14.66
        173 |        600        0.09       14.74
        174 |        600        0.09       14.83
        175 |        600        0.09       14.91
        176 |        600        0.09       15.00
        177 |        600        0.09       15.08
        178 |        600        0.09       15.17
        179 |        600        0.09       15.25
        180 |        600        0.09       15.34
        181 |        600        0.09       15.42
        182 |        600        0.09       15.51
        183 |        600        0.09       15.59
        184 |        600        0.09       15.68
        185 |        600        0.09       15.76
        186 |        600        0.09       15.85
        187 |        600        0.09       15.94
        188 |        600        0.09       16.02
        189 |        600        0.09       16.11
        190 |        600        0.09       16.19
        191 |        600        0.09       16.28
        192 |        600        0.09       16.36
        193 |        600        0.09       16.45
        194 |        600        0.09       16.53
        195 |        600        0.09       16.62
        196 |        600        0.09       16.70
        197 |        600        0.09       16.79
        198 |        600        0.09       16.87
        199 |        600        0.09       16.96
        200 |        600        0.09       17.04
        201 |        600        0.09       17.13
        202 |        600        0.09       17.21
        203 |        600        0.09       17.30
        204 |        600        0.09       17.38
        205 |        600        0.09       17.47
        206 |        600        0.09       17.55
        207 |        600        0.09       17.64
        208 |        600        0.09       17.72
        209 |        600        0.09       17.81
        210 |        600        0.09       17.90
        211 |        600        0.09       17.98
        212 |        600        0.09       18.07
        213 |        600        0.09       18.15
        214 |        600        0.09       18.24
        215 |        600        0.09       18.32
        216 |        600        0.09       18.41
        217 |        600        0.09       18.49
        218 |        600        0.09       18.58
        219 |        600        0.09       18.66
        220 |        600        0.09       18.75
        221 |        600        0.09       18.83
        222 |        600        0.09       18.92
        223 |        600        0.09       19.00
        224 |        600        0.09       19.09
        225 |        600        0.09       19.17
        226 |        600        0.09       19.26
        227 |        600        0.09       19.34
        228 |        600        0.09       19.43
        229 |        600        0.09       19.51
        230 |        600        0.09       19.60
        231 |        600        0.09       19.68
        232 |        600        0.09       19.77
        233 |        600        0.09       19.86
        234 |        600        0.09       19.94
        235 |        600        0.09       20.03
        236 |        600        0.09       20.11
        237 |        600        0.09       20.20
        238 |        600        0.09       20.28
        239 |        600        0.09       20.37
        240 |        600        0.09       20.45
        241 |        600        0.09       20.54
        242 |        600        0.09       20.62
        243 |        600        0.09       20.71
        244 |        600        0.09       20.79
        245 |        600        0.09       20.88
        246 |        600        0.09       20.96
        247 |        600        0.09       21.05
        248 |        600        0.09       21.13
        249 |        600        0.09       21.22
        250 |        600        0.09       21.30
        251 |        600        0.09       21.39
        252 |        600        0.09       21.47
        253 |        600        0.09       21.56
        254 |        600        0.09       21.64
        255 |        600        0.09       21.73
        256 |        600        0.09       21.82
        257 |        600        0.09       21.90
        258 |        600        0.09       21.99
        259 |        600        0.09       22.07
        260 |        600        0.09       22.16
        261 |        600        0.09       22.24
        262 |        600        0.09       22.33
        263 |        600        0.09       22.41
        264 |        600        0.09       22.50
        265 |        600        0.09       22.58
        266 |        600        0.09       22.67
        267 |        600        0.09       22.75
        268 |        600        0.09       22.84
        269 |        600        0.09       22.92
        270 |        600        0.09       23.01
        271 |        600        0.09       23.09
        272 |        600        0.09       23.18
        273 |        600        0.09       23.26
        274 |        600        0.09       23.35
        275 |        600        0.09       23.43
        276 |        600        0.09       23.52
        277 |        600        0.09       23.60
        278 |        600        0.09       23.69
        279 |        600        0.09       23.78
        280 |        600        0.09       23.86
        281 |        600        0.09       23.95
        282 |        600        0.09       24.03
        283 |        600        0.09       24.12
        284 |        600        0.09       24.20
        285 |        600        0.09       24.29
        286 |        600        0.09       24.37
        287 |        600        0.09       24.46
        288 |        600        0.09       24.54
        289 |        600        0.09       24.63
        290 |        600        0.09       24.71
        291 |        600        0.09       24.80
        292 |        600        0.09       24.88
        293 |        600        0.09       24.97
        294 |        600        0.09       25.05
        295 |        600        0.09       25.14
        296 |        600        0.09       25.22
        297 |        600        0.09       25.31
        298 |        600        0.09       25.39
        299 |        600        0.09       25.48
        300 |        600        0.09       25.56
        301 |        600        0.09       25.65
        302 |        600        0.09       25.73
        303 |        600        0.09       25.82
        304 |        600        0.09       25.91
        305 |        600        0.09       25.99
        306 |        600        0.09       26.08
        307 |        600        0.09       26.16
        308 |        600        0.09       26.25
        309 |        600        0.09       26.33
        310 |        600        0.09       26.42
        311 |        600        0.09       26.50
        312 |        600        0.09       26.59
        313 |        600        0.09       26.67
        314 |        600        0.09       26.76
        315 |        600        0.09       26.84
        316 |        600        0.09       26.93
        317 |        600        0.09       27.01
        318 |        600        0.09       27.10
        319 |        600        0.09       27.18
        320 |        600        0.09       27.27
        321 |        600        0.09       27.35
        322 |        600        0.09       27.44
        323 |        600        0.09       27.52
        324 |        600        0.09       27.61
        325 |        600        0.09       27.69
        326 |        600        0.09       27.78
        327 |        600        0.09       27.87
        328 |        600        0.09       27.95
        329 |        600        0.09       28.04
        330 |        600        0.09       28.12
        331 |        600        0.09       28.21
        332 |        600        0.09       28.29
        333 |        600        0.09       28.38
        334 |        600        0.09       28.46
        335 |        600        0.09       28.55
        336 |        600        0.09       28.63
        337 |        600        0.09       28.72
        338 |        600        0.09       28.80
        339 |        600        0.09       28.89
        340 |        600        0.09       28.97
        341 |        600        0.09       29.06
        342 |        600        0.09       29.14
        343 |        600        0.09       29.23
        344 |        600        0.09       29.31
        345 |        600        0.09       29.40
        346 |        600        0.09       29.48
        347 |        600        0.09       29.57
        348 |        600        0.09       29.65
        349 |        600        0.09       29.74
        350 |        600        0.09       29.83
        351 |        600        0.09       29.91
        352 |        600        0.09       30.00
        353 |        600        0.09       30.08
        354 |        600        0.09       30.17
        355 |        600        0.09       30.25
        356 |        600        0.09       30.34
        357 |        600        0.09       30.42
        358 |        600        0.09       30.51
        359 |        600        0.09       30.59
        360 |        600        0.09       30.68
        361 |        600        0.09       30.76
        362 |        600        0.09       30.85
        363 |        600        0.09       30.93
        364 |        600        0.09       31.02
        365 |        600        0.09       31.10
        366 |        600        0.09       31.19
        367 |        600        0.09       31.27
        368 |        600        0.09       31.36
        369 |        600        0.09       31.44
        370 |        600        0.09       31.53
        371 |        600        0.09       31.61
        372 |        600        0.09       31.70
        373 |        600        0.09       31.79
        374 |        600        0.09       31.87
        375 |        600        0.09       31.96
        376 |        600        0.09       32.04
        377 |        600        0.09       32.13
        378 |        600        0.09       32.21
        379 |        600        0.09       32.30
        380 |        600        0.09       32.38
        381 |        600        0.09       32.47
        382 |        600        0.09       32.55
        383 |        600        0.09       32.64
        384 |        600        0.09       32.72
        385 |        600        0.09       32.81
        386 |        600        0.09       32.89
        387 |        600        0.09       32.98
        388 |        600        0.09       33.06
        389 |        600        0.09       33.15
        390 |        600        0.09       33.23
        391 |        600        0.09       33.32
        392 |        600        0.09       33.40
        393 |        600        0.09       33.49
        394 |        600        0.09       33.57
        395 |        600        0.09       33.66
        396 |        600        0.09       33.75
        397 |        600        0.09       33.83
        398 |        600        0.09       33.92
        399 |        600        0.09       34.00
        400 |        600        0.09       34.09
        401 |        600        0.09       34.17
        402 |        600        0.09       34.26
        403 |        600        0.09       34.34
        404 |        600        0.09       34.43
        405 |        600        0.09       34.51
        406 |        600        0.09       34.60
        407 |        600        0.09       34.68
        408 |        600        0.09       34.77
        409 |        600        0.09       34.85
        410 |        600        0.09       34.94
        411 |        600        0.09       35.02
        412 |        600        0.09       35.11
        413 |        600        0.09       35.19
        414 |        600        0.09       35.28
        415 |        600        0.09       35.36
        416 |        600        0.09       35.45
        417 |        600        0.09       35.53
        418 |        600        0.09       35.62
        419 |        600        0.09       35.71
        420 |        600        0.09       35.79
        421 |        600        0.09       35.88
        422 |        600        0.09       35.96
        423 |        600        0.09       36.05
        424 |        600        0.09       36.13
        425 |        600        0.09       36.22
        426 |        600        0.09       36.30
        427 |        600        0.09       36.39
        428 |        600        0.09       36.47
        429 |        600        0.09       36.56
        430 |        600        0.09       36.64
        431 |        600        0.09       36.73
        432 |        600        0.09       36.81
        433 |        600        0.09       36.90
        434 |        600        0.09       36.98
        435 |        600        0.09       37.07
        436 |        600        0.09       37.15
        437 |        600        0.09       37.24
        438 |        600        0.09       37.32
        439 |        600        0.09       37.41
        440 |        600        0.09       37.49
        441 |        600        0.09       37.58
        442 |        600        0.09       37.67
        443 |        600        0.09       37.75
        444 |        600        0.09       37.84
        445 |        600        0.09       37.92
        446 |        600        0.09       38.01
        447 |        600        0.09       38.09
        448 |        600        0.09       38.18
        449 |        600        0.09       38.26
        450 |        600        0.09       38.35
        451 |        600        0.09       38.43
        452 |        600        0.09       38.52
        453 |        600        0.09       38.60
        454 |        600        0.09       38.69
        455 |        600        0.09       38.77
        456 |        600        0.09       38.86
        457 |        600        0.09       38.94
        458 |        600        0.09       39.03
        459 |        600        0.09       39.11
        460 |        600        0.09       39.20
        461 |        600        0.09       39.28
        462 |        600        0.09       39.37
        463 |        600        0.09       39.45
        464 |        600        0.09       39.54
        465 |        600        0.09       39.63
        466 |        600        0.09       39.71
        467 |        600        0.09       39.80
        468 |        600        0.09       39.88
        469 |        600        0.09       39.97
        470 |        600        0.09       40.05
        471 |        600        0.09       40.14
        472 |        600        0.09       40.22
        473 |        600        0.09       40.31
        474 |        600        0.09       40.39
        475 |        600        0.09       40.48
        476 |        600        0.09       40.56
        477 |        600        0.09       40.65
        478 |        600        0.09       40.73
        479 |        600        0.09       40.82
        480 |        600        0.09       40.90
        481 |        600        0.09       40.99
        482 |        600        0.09       41.07
        483 |        600        0.09       41.16
        484 |        600        0.09       41.24
        485 |        600        0.09       41.33
        486 |        600        0.09       41.41
        487 |        600        0.09       41.50
        488 |        600        0.09       41.59
        489 |        600        0.09       41.67
        490 |        600        0.09       41.76
        491 |        600        0.09       41.84
        492 |        600        0.09       41.93
        493 |        600        0.09       42.01
        494 |        600        0.09       42.10
        495 |        600        0.09       42.18
        496 |        600        0.09       42.27
        497 |        600        0.09       42.35
        498 |        600        0.09       42.44
        499 |        600        0.09       42.52
        500 |        600        0.09       42.61
        501 |        600        0.09       42.69
        502 |        600        0.09       42.78
        503 |        600        0.09       42.86
        504 |        600        0.09       42.95
        505 |        600        0.09       43.03
        506 |        600        0.09       43.12
        507 |        600        0.09       43.20
        508 |        600        0.09       43.29
        509 |        600        0.09       43.37
        510 |        600        0.09       43.46
        511 |        600        0.09       43.54
        512 |        600        0.09       43.63
        513 |        600        0.09       43.72
        514 |        600        0.09       43.80
        515 |        600        0.09       43.89
        516 |        600        0.09       43.97
        517 |        600        0.09       44.06
        518 |        600        0.09       44.14
        519 |        600        0.09       44.23
        520 |        600        0.09       44.31
        521 |        600        0.09       44.40
        522 |        600        0.09       44.48
        523 |        600        0.09       44.57
        524 |        600        0.09       44.65
        525 |        600        0.09       44.74
        526 |        600        0.09       44.82
        527 |        600        0.09       44.91
        528 |        600        0.09       44.99
        529 |        600        0.09       45.08
        530 |        600        0.09       45.16
        531 |        600        0.09       45.25
        532 |        600        0.09       45.33
        533 |        600        0.09       45.42
        534 |        600        0.09       45.50
        535 |        600        0.09       45.59
        536 |        600        0.09       45.68
        537 |        600        0.09       45.76
        538 |        600        0.09       45.85
        539 |        600        0.09       45.93
        540 |        600        0.09       46.02
        541 |        600        0.09       46.10
        542 |        600        0.09       46.19
        543 |        600        0.09       46.27
        544 |        600        0.09       46.36
        545 |        600        0.09       46.44
        546 |        600        0.09       46.53
        547 |        600        0.09       46.61
        548 |        600        0.09       46.70
        549 |        600        0.09       46.78
        550 |        600        0.09       46.87
        551 |        600        0.09       46.95
        552 |        600        0.09       47.04
        553 |        600        0.09       47.12
        554 |        600        0.09       47.21
        555 |        600        0.09       47.29
        556 |        600        0.09       47.38
        557 |        600        0.09       47.46
        558 |        600        0.09       47.55
        559 |        600        0.09       47.64
        560 |        600        0.09       47.72
        561 |        600        0.09       47.81
        562 |        600        0.09       47.89
        563 |        600        0.09       47.98
        564 |        600        0.09       48.06
        565 |        600        0.09       48.15
        566 |        600        0.09       48.23
        567 |        600        0.09       48.32
        568 |        600        0.09       48.40
        569 |        600        0.09       48.49
        570 |        600        0.09       48.57
        571 |        300        0.04       48.62
        572 |        300        0.04       48.66
        573 |        300        0.04       48.70
        574 |        600        0.09       48.79
        575 |        600        0.09       48.87
        576 |        600        0.09       48.96
        577 |        600        0.09       49.04
        578 |        600        0.09       49.13
        579 |        600        0.09       49.21
        580 |        600        0.09       49.30
        581 |        600        0.09       49.38
        582 |        600        0.09       49.47
        583 |        600        0.09       49.55
        584 |        600        0.09       49.64
        585 |        600        0.09       49.72
        586 |        600        0.09       49.81
        587 |        600        0.09       49.89
        588 |        600        0.09       49.98
        589 |        600        0.09       50.06
        590 |        600        0.09       50.15
        591 |        600        0.09       50.23
        592 |        600        0.09       50.32
        593 |        600        0.09       50.40
        594 |        600        0.09       50.49
        595 |        600        0.09       50.58
        596 |        600        0.09       50.66
        597 |        600        0.09       50.75
        598 |        600        0.09       50.83
        599 |        600        0.09       50.92
        600 |        600        0.09       51.00
        601 |        600        0.09       51.09
        602 |        600        0.09       51.17
        603 |        600        0.09       51.26
        604 |        600        0.09       51.34
        605 |        600        0.09       51.43
        606 |        600        0.09       51.51
        607 |        600        0.09       51.60
        608 |        600        0.09       51.68
        609 |        600        0.09       51.77
        610 |        600        0.09       51.85
        611 |        600        0.09       51.94
        612 |        600        0.09       52.02
        613 |        600        0.09       52.11
        614 |        600        0.09       52.19
        615 |        600        0.09       52.28
        616 |        600        0.09       52.36
        617 |        600        0.09       52.45
        618 |        600        0.09       52.54
        619 |        600        0.09       52.62
        620 |        600        0.09       52.71
        621 |        600        0.09       52.79
        622 |        600        0.09       52.88
        623 |        600        0.09       52.96
        624 |        600        0.09       53.05
        625 |        600        0.09       53.13
        626 |        600        0.09       53.22
        627 |        600        0.09       53.30
        628 |        600        0.09       53.39
        629 |        600        0.09       53.47
        630 |        600        0.09       53.56
        631 |        600        0.09       53.64
        632 |        600        0.09       53.73
        633 |        600        0.09       53.81
        634 |        600        0.09       53.90
        635 |        600        0.09       53.98
        636 |        600        0.09       54.07
        637 |        600        0.09       54.15
        638 |        600        0.09       54.24
        639 |        600        0.09       54.32
        640 |        600        0.09       54.41
        641 |        600        0.09       54.50
        642 |        600        0.09       54.58
        643 |        600        0.09       54.67
        644 |        600        0.09       54.75
        645 |        600        0.09       54.84
        646 |        600        0.09       54.92
        647 |        600        0.09       55.01
        648 |        600        0.09       55.09
        649 |        600        0.09       55.18
        650 |        600        0.09       55.26
        651 |        600        0.09       55.35
        652 |        600        0.09       55.43
        653 |        600        0.09       55.52
        654 |        600        0.09       55.60
        655 |        600        0.09       55.69
        656 |        600        0.09       55.77
        657 |        600        0.09       55.86
        658 |        600        0.09       55.94
        659 |        600        0.09       56.03
        660 |        600        0.09       56.11
        661 |        600        0.09       56.20
        662 |        600        0.09       56.28
        663 |        600        0.09       56.37
        664 |        600        0.09       56.46
        665 |        600        0.09       56.54
        666 |        600        0.09       56.63
        667 |        600        0.09       56.71
        668 |        600        0.09       56.80
        669 |        600        0.09       56.88
        670 |        600        0.09       56.97
        671 |        600        0.09       57.05
        672 |        600        0.09       57.14
        673 |        600        0.09       57.22
        674 |        600        0.09       57.31
        675 |        600        0.09       57.39
        676 |        600        0.09       57.48
        677 |        600        0.09       57.56
        678 |        600        0.09       57.65
        679 |        600        0.09       57.73
        680 |        600        0.09       57.82
        681 |        600        0.09       57.90
        682 |        600        0.09       57.99
        683 |        600        0.09       58.07
        684 |        600        0.09       58.16
        685 |        600        0.09       58.24
        686 |        600        0.09       58.33
        687 |        600        0.09       58.41
        688 |        600        0.09       58.50
        689 |        600        0.09       58.59
        690 |        600        0.09       58.67
        691 |        600        0.09       58.76
        692 |        600        0.09       58.84
        693 |        600        0.09       58.93
        694 |        600        0.09       59.01
        695 |        600        0.09       59.10
        696 |        600        0.09       59.18
        697 |        600        0.09       59.27
        698 |        600        0.09       59.35
        699 |        600        0.09       59.44
        700 |        600        0.09       59.52
        701 |        600        0.09       59.61
        702 |        600        0.09       59.69
        703 |        600        0.09       59.78
        704 |        600        0.09       59.86
        705 |        600        0.09       59.95
        706 |        600        0.09       60.03
        707 |        600        0.09       60.12
        708 |        600        0.09       60.20
        709 |        600        0.09       60.29
        710 |        600        0.09       60.37
        711 |        600        0.09       60.46
        712 |        600        0.09       60.55
        713 |        600        0.09       60.63
        714 |        600        0.09       60.72
        715 |        600        0.09       60.80
        716 |        600        0.09       60.89
        717 |        600        0.09       60.97
        718 |        600        0.09       61.06
        719 |        600        0.09       61.14
        720 |        600        0.09       61.23
        721 |        600        0.09       61.31
        722 |        600        0.09       61.40
        723 |        600        0.09       61.48
        724 |        600        0.09       61.57
        725 |        600        0.09       61.65
        726 |        600        0.09       61.74
        727 |        600        0.09       61.82
        728 |        600        0.09       61.91
        729 |        600        0.09       61.99
        730 |        600        0.09       62.08
        731 |        600        0.09       62.16
        732 |        600        0.09       62.25
        733 |        600        0.09       62.33
        734 |        600        0.09       62.42
        735 |        600        0.09       62.51
        736 |        600        0.09       62.59
        737 |        600        0.09       62.68
        738 |        600        0.09       62.76
        739 |        600        0.09       62.85
        740 |        600        0.09       62.93
        741 |        600        0.09       63.02
        742 |        600        0.09       63.10
        743 |        600        0.09       63.19
        744 |        600        0.09       63.27
        745 |        600        0.09       63.36
        746 |        600        0.09       63.44
        747 |        600        0.09       63.53
        748 |        600        0.09       63.61
        749 |        600        0.09       63.70
        750 |        600        0.09       63.78
        751 |        600        0.09       63.87
        752 |        600        0.09       63.95
        753 |        600        0.09       64.04
        754 |        600        0.09       64.12
        755 |        600        0.09       64.21
        756 |        600        0.09       64.29
        757 |        600        0.09       64.38
        758 |        600        0.09       64.47
        759 |        600        0.09       64.55
        760 |        600        0.09       64.64
        761 |        600        0.09       64.72
        762 |        600        0.09       64.81
        763 |        600        0.09       64.89
        764 |        600        0.09       64.98
        765 |        600        0.09       65.06
        766 |        600        0.09       65.15
        767 |        600        0.09       65.23
        768 |        600        0.09       65.32
        769 |        600        0.09       65.40
        770 |        600        0.09       65.49
        771 |        600        0.09       65.57
        772 |        600        0.09       65.66
        773 |        600        0.09       65.74
        774 |        600        0.09       65.83
        775 |        600        0.09       65.91
        776 |        600        0.09       66.00
        777 |        600        0.09       66.08
        778 |        600        0.09       66.17
        779 |        600        0.09       66.25
        780 |        600        0.09       66.34
        781 |        600        0.09       66.43
        782 |        600        0.09       66.51
        783 |        600        0.09       66.60
        784 |        600        0.09       66.68
        785 |        600        0.09       66.77
        786 |        600        0.09       66.85
        787 |        600        0.09       66.94
        788 |        600        0.09       67.02
        789 |        600        0.09       67.11
        790 |        600        0.09       67.19
        791 |        600        0.09       67.28
        792 |        600        0.09       67.36
        793 |        600        0.09       67.45
        794 |        600        0.09       67.53
        795 |        600        0.09       67.62
        796 |        600        0.09       67.70
        797 |        600        0.09       67.79
        798 |        600        0.09       67.87
        799 |        600        0.09       67.96
        800 |        600        0.09       68.04
        801 |        600        0.09       68.13
        802 |        600        0.09       68.21
        803 |        600        0.09       68.30
        804 |        600        0.09       68.39
        805 |        600        0.09       68.47
        806 |        600        0.09       68.56
        807 |        600        0.09       68.64
        808 |        600        0.09       68.73
        809 |        600        0.09       68.81
        810 |        600        0.09       68.90
        811 |        600        0.09       68.98
        812 |        600        0.09       69.07
        813 |        600        0.09       69.15
        814 |        600        0.09       69.24
        815 |        600        0.09       69.32
        816 |        600        0.09       69.41
        817 |        600        0.09       69.49
        818 |        600        0.09       69.58
        819 |        600        0.09       69.66
        820 |        600        0.09       69.75
        821 |        600        0.09       69.83
        822 |        600        0.09       69.92
        823 |        600        0.09       70.00
        824 |        600        0.09       70.09
        825 |        600        0.09       70.17
        826 |        600        0.09       70.26
        827 |        600        0.09       70.35
        828 |        600        0.09       70.43
        829 |        600        0.09       70.52
        830 |        600        0.09       70.60
        831 |        600        0.09       70.69
        832 |        600        0.09       70.77
        833 |        600        0.09       70.86
        834 |        600        0.09       70.94
        835 |        600        0.09       71.03
        836 |        600        0.09       71.11
        837 |        600        0.09       71.20
        838 |        600        0.09       71.28
        839 |        600        0.09       71.37
        840 |        600        0.09       71.45
        841 |        600        0.09       71.54
        842 |        600        0.09       71.62
        843 |        600        0.09       71.71
        844 |        600        0.09       71.79
        845 |        600        0.09       71.88
        846 |        600        0.09       71.96
        847 |        600        0.09       72.05
        848 |        600        0.09       72.13
        849 |        600        0.09       72.22
        850 |        600        0.09       72.31
        851 |        600        0.09       72.39
        852 |        600        0.09       72.48
        853 |        600        0.09       72.56
        854 |        600        0.09       72.65
        855 |        600        0.09       72.73
        856 |        600        0.09       72.82
        857 |        600        0.09       72.90
        858 |        600        0.09       72.99
        859 |        600        0.09       73.07
        860 |        600        0.09       73.16
        861 |        600        0.09       73.24
        862 |        600        0.09       73.33
        863 |        600        0.09       73.41
        864 |        600        0.09       73.50
        865 |        600        0.09       73.58
        866 |        600        0.09       73.67
        867 |        600        0.09       73.75
        868 |        600        0.09       73.84
        869 |        600        0.09       73.92
        870 |        600        0.09       74.01
        871 |        600        0.09       74.09
        872 |        600        0.09       74.18
        873 |        600        0.09       74.27
        874 |        600        0.09       74.35
        875 |        600        0.09       74.44
        876 |        600        0.09       74.52
        877 |        600        0.09       74.61
        878 |        600        0.09       74.69
        879 |        600        0.09       74.78
        880 |        600        0.09       74.86
        881 |        600        0.09       74.95
        882 |        600        0.09       75.03
        883 |        600        0.09       75.12
        884 |        600        0.09       75.20
        885 |        600        0.09       75.29
        886 |        600        0.09       75.37
        887 |        600        0.09       75.46
        888 |        600        0.09       75.54
        889 |        600        0.09       75.63
        890 |        600        0.09       75.71
        891 |        600        0.09       75.80
        892 |        600        0.09       75.88
        893 |        600        0.09       75.97
        894 |        600        0.09       76.05
        895 |        600        0.09       76.14
        896 |        600        0.09       76.22
        897 |        600        0.09       76.31
        898 |        600        0.09       76.40
        899 |        600        0.09       76.48
        900 |        600        0.09       76.57
        901 |        600        0.09       76.65
        902 |        600        0.09       76.74
        903 |        600        0.09       76.82
        904 |        600        0.09       76.91
        905 |        600        0.09       76.99
        906 |        600        0.09       77.08
        907 |        600        0.09       77.16
        908 |        600        0.09       77.25
        909 |        600        0.09       77.33
        910 |        600        0.09       77.42
        911 |        600        0.09       77.50
        912 |        600        0.09       77.59
        913 |        600        0.09       77.67
        914 |        600        0.09       77.76
        915 |        600        0.09       77.84
        916 |        600        0.09       77.93
        917 |        600        0.09       78.01
        918 |        600        0.09       78.10
        919 |        600        0.09       78.18
        920 |        600        0.09       78.27
        921 |        600        0.09       78.36
        922 |        600        0.09       78.44
        923 |        600        0.09       78.53
        924 |        600        0.09       78.61
        925 |        600        0.09       78.70
        926 |        600        0.09       78.78
        927 |        600        0.09       78.87
        928 |        600        0.09       78.95
        929 |        600        0.09       79.04
        930 |        600        0.09       79.12
        931 |        600        0.09       79.21
        932 |        600        0.09       79.29
        933 |        600        0.09       79.38
        934 |        600        0.09       79.46
        935 |        600        0.09       79.55
        936 |        600        0.09       79.63
        937 |        600        0.09       79.72
        938 |        600        0.09       79.80
        939 |        600        0.09       79.89
        940 |        600        0.09       79.97
        941 |        600        0.09       80.06
        942 |        600        0.09       80.14
        943 |        600        0.09       80.23
        944 |        600        0.09       80.32
        945 |        600        0.09       80.40
        946 |        600        0.09       80.49
        947 |        600        0.09       80.57
        948 |        600        0.09       80.66
        949 |        600        0.09       80.74
        950 |        600        0.09       80.83
        951 |        600        0.09       80.91
        952 |        600        0.09       81.00
        953 |        600        0.09       81.08
        954 |        600        0.09       81.17
        955 |        600        0.09       81.25
        956 |        600        0.09       81.34
        957 |        600        0.09       81.42
        958 |        600        0.09       81.51
        959 |        600        0.09       81.59
        960 |        600        0.09       81.68
        961 |        600        0.09       81.76
        962 |        600        0.09       81.85
        963 |        600        0.09       81.93
        964 |        600        0.09       82.02
        965 |        600        0.09       82.10
        966 |        600        0.09       82.19
        967 |        600        0.09       82.28
        968 |        600        0.09       82.36
        969 |        600        0.09       82.45
        970 |        600        0.09       82.53
        971 |        600        0.09       82.62
        972 |        600        0.09       82.70
        973 |        600        0.09       82.79
        974 |        600        0.09       82.87
        975 |        600        0.09       82.96
        976 |        600        0.09       83.04
        977 |        600        0.09       83.13
        978 |        600        0.09       83.21
        979 |        600        0.09       83.30
        980 |        600        0.09       83.38
        981 |        600        0.09       83.47
        982 |        600        0.09       83.55
        983 |        600        0.09       83.64
        984 |        600        0.09       83.72
        985 |        600        0.09       83.81
        986 |        600        0.09       83.89
        987 |        600        0.09       83.98
        988 |        600        0.09       84.06
        989 |        600        0.09       84.15
        990 |        600        0.09       84.24
        991 |        600        0.09       84.32
        992 |        600        0.09       84.41
        993 |        600        0.09       84.49
        994 |        600        0.09       84.58
        995 |        600        0.09       84.66
        996 |        600        0.09       84.75
        997 |        600        0.09       84.83
        998 |        600        0.09       84.92
        999 |        600        0.09       85.00
       1000 |        600        0.09       85.09
       1001 |        600        0.09       85.17
       1002 |        600        0.09       85.26
       1003 |        600        0.09       85.34
       1004 |        600        0.09       85.43
       1005 |        600        0.09       85.51
       1006 |        600        0.09       85.60
       1007 |        600        0.09       85.68
       1008 |        600        0.09       85.77
       1009 |        600        0.09       85.85
       1010 |        600        0.09       85.94
       1011 |        600        0.09       86.02
       1012 |        600        0.09       86.11
       1013 |        600        0.09       86.20
       1014 |        600        0.09       86.28
       1015 |        600        0.09       86.37
       1016 |        600        0.09       86.45
       1017 |        600        0.09       86.54
       1018 |        600        0.09       86.62
       1019 |        600        0.09       86.71
       1020 |        600        0.09       86.79
       1021 |        600        0.09       86.88
       1022 |        600        0.09       86.96
       1023 |        600        0.09       87.05
       1024 |        600        0.09       87.13
       1025 |        600        0.09       87.22
       1026 |        600        0.09       87.30
       1027 |        600        0.09       87.39
       1028 |        600        0.09       87.47
       1029 |        600        0.09       87.56
       1030 |        600        0.09       87.64
       1031 |        600        0.09       87.73
       1032 |        600        0.09       87.81
       1033 |        600        0.09       87.90
       1034 |        600        0.09       87.98
       1035 |        600        0.09       88.07
       1036 |        600        0.09       88.16
       1037 |        600        0.09       88.24
       1038 |        600        0.09       88.33
       1039 |        600        0.09       88.41
       1040 |        600        0.09       88.50
       1041 |        600        0.09       88.58
       1042 |        600        0.09       88.67
       1043 |        600        0.09       88.75
       1044 |        600        0.09       88.84
       1045 |        600        0.09       88.92
       1046 |        600        0.09       89.01
       1047 |        600        0.09       89.09
       1048 |        600        0.09       89.18
       1049 |        600        0.09       89.26
       1050 |        600        0.09       89.35
       1051 |        600        0.09       89.43
       1052 |        600        0.09       89.52
       1053 |        600        0.09       89.60
       1054 |        600        0.09       89.69
       1055 |        600        0.09       89.77
       1056 |        600        0.09       89.86
       1057 |        600        0.09       89.94
       1058 |        600        0.09       90.03
       1059 |        600        0.09       90.12
       1060 |        600        0.09       90.20
       1061 |        600        0.09       90.29
       1062 |        600        0.09       90.37
       1063 |        600        0.09       90.46
       1064 |        600        0.09       90.54
       1065 |        600        0.09       90.63
       1066 |        600        0.09       90.71
       1067 |        600        0.09       90.80
       1068 |        600        0.09       90.88
       1069 |        600        0.09       90.97
       1070 |        600        0.09       91.05
       1071 |        600        0.09       91.14
       1072 |        600        0.09       91.22
       1073 |        600        0.09       91.31
       1074 |        600        0.09       91.39
       1075 |        600        0.09       91.48
       1076 |        600        0.09       91.56
       1077 |        600        0.09       91.65
       1078 |        600        0.09       91.73
       1079 |        600        0.09       91.82
       1080 |        600        0.09       91.90
       1081 |        600        0.09       91.99
       1082 |        600        0.09       92.07
       1083 |        600        0.09       92.16
       1084 |        600        0.09       92.25
       1085 |        600        0.09       92.33
       1086 |        600        0.09       92.42
       1087 |        600        0.09       92.50
       1088 |        600        0.09       92.59
       1089 |        600        0.09       92.67
       1090 |        600        0.09       92.76
       1091 |        600        0.09       92.84
       1092 |        600        0.09       92.93
       1093 |        600        0.09       93.01
       1094 |        600        0.09       93.10
       1095 |        600        0.09       93.18
       1096 |        600        0.09       93.27
       1097 |        600        0.09       93.35
       1098 |        600        0.09       93.44
       1099 |        600        0.09       93.52
       1100 |        600        0.09       93.61
       1101 |        600        0.09       93.69
       1102 |        600        0.09       93.78
       1103 |        600        0.09       93.86
       1104 |        600        0.09       93.95
       1105 |        600        0.09       94.03
       1106 |        600        0.09       94.12
       1107 |        600        0.09       94.21
       1108 |        600        0.09       94.29
       1109 |        600        0.09       94.38
       1110 |        600        0.09       94.46
       1111 |        600        0.09       94.55
       1112 |        600        0.09       94.63
       1113 |        600        0.09       94.72
       1114 |        600        0.09       94.80
       1115 |        600        0.09       94.89
       1116 |        600        0.09       94.97
       1117 |        600        0.09       95.06
       1118 |        600        0.09       95.14
       1119 |        600        0.09       95.23
       1120 |        600        0.09       95.31
       1121 |        600        0.09       95.40
       1122 |        600        0.09       95.48
       1123 |        600        0.09       95.57
       1124 |        600        0.09       95.65
       1125 |        600        0.09       95.74
       1126 |        600        0.09       95.82
       1127 |        600        0.09       95.91
       1128 |        600        0.09       95.99
       1129 |        600        0.09       96.08
       1130 |        600        0.09       96.17
       1131 |        600        0.09       96.25
       1132 |        600        0.09       96.34
       1133 |        600        0.09       96.42
       1134 |        600        0.09       96.51
       1135 |        600        0.09       96.59
       1136 |        600        0.09       96.68
       1137 |        600        0.09       96.76
       1138 |        600        0.09       96.85
       1139 |        600        0.09       96.93
       1140 |        600        0.09       97.02
       1141 |        600        0.09       97.10
       1142 |        600        0.09       97.19
       1143 |        600        0.09       97.27
       1144 |        600        0.09       97.36
       1145 |        600        0.09       97.44
       1146 |        600        0.09       97.53
       1147 |        600        0.09       97.61
       1148 |        600        0.09       97.70
       1149 |        600        0.09       97.78
       1150 |        600        0.09       97.87
       1151 |        600        0.09       97.95
       1152 |        600        0.09       98.04
       1153 |        600        0.09       98.13
       1154 |        600        0.09       98.21
       1155 |        600        0.09       98.30
       1156 |        600        0.09       98.38
       1157 |        600        0.09       98.47
       1158 |        600        0.09       98.55
       1159 |        600        0.09       98.64
       1160 |        600        0.09       98.72
       1161 |        600        0.09       98.81
       1162 |        600        0.09       98.89
       1163 |        600        0.09       98.98
       1164 |        600        0.09       99.06
       1165 |        600        0.09       99.15
       1166 |        600        0.09       99.23
       1167 |        600        0.09       99.32
       1168 |        600        0.09       99.40
       1169 |        600        0.09       99.49
       1170 |        600        0.09       99.57
       1171 |        600        0.09       99.66
       1172 |        600        0.09       99.74
       1173 |        600        0.09       99.83
       1174 |        600        0.09       99.91
       1175 |        600        0.09      100.00
------------+-----------------------------------
      Total |    704,100      100.00

. 
. sort pair_id_numeric year month fipsnumeric

. by pair_id_numeric year month: gen county_index=_n

. la var county_index "Index of the county in the border county pair. Takes on 
> 1 or 2"

. 
. ** We need one county to be in NC, which means we should throw out those with
>  only one obs.
. bys pair_id_numeric year month: gen county_count=_N

. drop if county_count==1
(900 observations deleted)

. 
. gen quarter_index=4*(year-2005)+quarter

. 
. drop cbsa* insamplemsa firstob county_count

. order pair_id pair_id_numeric fipsnumeric fipsstate year ///
>         quarter month quarter_index meanwks

. 
. save "${rawdata}/NewLAUSBorderData2014_final24Nov16", replace
(file
    /Users/mac/JPE-replications/JPE-Mitman-2016256/replication-package/replic
    > ation-package/data/raw/NewLAUSBorderData2014_final24Nov16.dta not
    found)
file
    /Users/mac/JPE-replications/JPE-Mitman-2016256/replication-package/replic
    > ation-package/data/raw/NewLAUSBorderData2014_final24Nov16.dta saved

. 
end of do-file
/Users/mac/JPE-replications/JPE-Mitman-2016256/replication-package/replication-
> package/code

. * ---------------------------------------------------------------------------
. * 4_construct_laus_state_sa_pre.do  ->  LAUS/Output/laus_state_sa_pre.dta
. * State monthly LAUS panel, seasonally adjusted, pre-redesign vintage
. * (1976-2014): unemployment rate/count, employment, labor force.
. * Independent of steps 1-3; feeds step 5 (StateEmp2014rev).
. *
. * SOURCE (provided raw, LAUS/): BLS LAUS state series ladata3AllStatesS.txt
. *   (post-redesign 20-char series_id format: chars 6-7 = state FIPS, char 20 
> =
. *   measure 3/4/5/6; period M01-M12, M13 dropped). NOTE this is a different
. *   extract/format from BLS_State/la.data.3.AllStatesS (13-char series_id,
. *   2013-06-22 vintage) used by BLS_State/Make_StateEmp.do.
. * OUTPUT: laus_state_sa_pre.dta, keyed fipsstate year month (N=24,336).
. * ---------------------------------------------------------------------------
. clear all

. set more off

. do "config.do"

. * ===========================================================================
. * config.do  --  single path configuration for the replication archive.
. *
. * HOW TO RUN: from a Stata session whose working directory is `code/`, first
. *     do "config.do"
. * then run any pipeline script (also from `code/`), e.g. `do build/UIMacro_Bu
> ildData.do`.
. * Each pipeline script re-runs this file itself, so you can also run them dir
> ectly
. * from `code/`. EDIT THE ONE LINE below to this archive's location on your ma
> chine.
. * ===========================================================================
. 
. global root "/Users/mac/JPE-replications/JPE-Mitman-2016256/replication-packa
> ge/replication-package"          //  <-- EDIT: path to this archive

. 
. * --- derived locations (do not edit) ---
. global code          "${root}/code"

. global rawdata       "${root}/data/raw"

. global processed     "${root}/data/processed"

. global output        "${root}/output"

. global tables        "${output}/tables"

. global figures       "${output}/figures"

. global factor_csv    "${output}/factor_results"      // analysis/Matlab resul
> t CSVs (make_tables reads)

. global factor_inputs "${output}/factor_inputs"       // per-pair QBLS handoff
>  (regenerated by exporters)

. global synthetic     "${root}/synthetic-data"

. 
. * --- analysis convenience: cd "${maindirectory}"; use "${CurrentData}" / "${
> DataControls}.dta" ---
. global maindirectory "${processed}/"

. global CurrentData   "UIMacro_RevisionData.dta"

. global DataControls  "UIMacro_DataControls"

. global Wages         "ProcessedWages.dta"

. global outdirectory  "${factor_inputs}/"             // exporters write QBLS 
> here

. global latexdir      "${factor_csv}/"                // analysis/Matlab resul
> t CSVs (make_tables reads)

. 
. * --- vacancy data switch ---------------------------------------------------
. * vacfile/statefile are the two PROVIDED synthetic stand-ins for the propriet
> ary HWOL
. * inputs (synthetic-data/; the confidential HWOL data are NOT in this archive
> ). To reproduce the PUBLISHED (HWOL)
. * vacancy numbers, the Data Editor replaces these two files with the licensed
>  Conference
. * Board HWOL data and re-runs. See code/build/SYNTHETIC_VACANCY_PATH.md.
. global vacfile      "${synthetic}/new_vac_synthetic.dta"

. global statefile    "${synthetic}/StateMonthlyBorderData_synthetic.dta"

. * ImputedDataBorder is a BUILT intermediate, NOT shipped: the replicator gene
> rates it by
. * running the imputation (analysis/Impute_Input.do -> matlab/Run_Impute_Borde
> r.m ->
. * analysis/Impute_to_Stata.do) on ${vacfile}; it lands in data/processed/ (sy
> nthetic by
. * default, the real version if the Data Editor swaps in HWOL).
. global ImputedFile  "${processed}/ImputedDataBorder.dta"

. 
. * --- figure styling: the published figures were drawn under the classic
. * s2color scheme; Stata 18+ defaults to stcolor, which changes gridlines,
. * markers, and legend styling. Pin the scheme so regenerated figures match.
. cap set scheme s2color

. 
. * ensure the built-output folders exist (the archive ships them empty / absen
> t)
. cap mkdir "${processed}"

. cap mkdir "${output}"

. cap mkdir "${tables}"

. cap mkdir "${figures}"

. cap mkdir "${factor_csv}"

. cap mkdir "${factor_inputs}"

. 
. local ssc_packages "reghdfe binscatter regife outreg2 ftools coefplot tuples 
> hdfe mat2txt ivreg2 ranktest"

. if !missing("`ssc_packages'") { 
.         foreach pkg in `ssc_packages' {
  2.                 capture which `pkg' 
  3.                 if _rc == 111 {
  4.                         dis "Installing `pkg'"
  5.                         ssc install `pkg', replace
  6.                         }
  7.                 which `pkg' 
  8.                 }
/Users/mac/Library/Application Support/Stata/ado/plus/r/reghdfe.ado
*! version 6.13.1 10Jan2026
/Users/mac/Library/Application Support/Stata/ado/plus/b/binscatter.ado
*! version 7.02  24nov2013  Michael Stepner, stepner@mit.edu
/Users/mac/Library/Application Support/Stata/ado/plus/r/regife.ado
/Users/mac/Library/Application Support/Stata/ado/plus/o/outreg2.ado
*! outreg2 2.3.2  17aug2014 by roywada@hotmail.com
*! based on outreg 3.0.6/4.0.0 by john_gallup@alum.swarthmore.edu
/Users/mac/Library/Application Support/Stata/ado/plus/f/ftools.ado
*! version 2.50.0 09jan2026
/Users/mac/Library/Application Support/Stata/ado/plus/c/coefplot.ado
*! version 1.8.6  22feb2023  Ben Jann
/Users/mac/Library/Application Support/Stata/ado/plus/t/tuples.ado
*! version 4.3.0  25sep2025
/Users/mac/Library/Application Support/Stata/ado/plus/h/hdfe.ado
*! reghdfe 3.2.9 21feb2016
*! Sergio Correia (sergio.correia@duke.edu)
/Users/mac/Library/Application Support/Stata/ado/plus/m/mat2txt.ado
*! 1.1.2 Ben Jann 24 Nov 2004
*! 1.1.1 M Blasnik 18 Feb 2004
/Users/mac/Library/Application Support/Stata/ado/plus/i/ivreg2.ado
*! ivreg2 4.1.12  14aug2024
*! authors cfb & mes
*! see end of file for version comments
/Users/mac/Library/Application Support/Stata/ado/plus/r/ranktest.ado
*! ranktest 2.0.04  21sept2020
*! authors mes & fw; KP stat based on code by fk
*! see end of file for version comments
. }

. 
end of do-file

. 
. ** First append the various input (raw) files
. insheet using "${rawdata}/LAUS/ladata3AllStatesS.txt", clear
(5 vars, 97,344 obs)

. drop footnote*

. 
. gen month = substr(period,2,2)

. destring month, replace
month: all characters numeric; replaced as byte

. drop if month==13               // annual average
(0 observations deleted)

. drop period

. 
. gen fipsstate = substr(series_id,6,2)

. destring fipsstate, replace
fipsstate: all characters numeric; replaced as byte

. 
. ** Define variable type (unemp. rate, unemp, emp, labor)
. gen var_type = substr(series_id,20,1)

. destring var_type, replace
var_type: all characters numeric; replaced as byte

. 
. drop series_id

. reshape wide value, i(fipsstate year month) j(var_type)
(j = 3 4 5 6)

Data                               Long   ->   Wide
-----------------------------------------------------------------------------
Number of observations           97,344   ->   24,336      
Number of variables                   5   ->   7           
j variable (4 values)          var_type   ->   (dropped)
xij variables:
                                  value   ->   value3 value4 ... value6
-----------------------------------------------------------------------------

. ren value3 state_ur_sa_pre

. ren value4 state_uc_sa_pre

. ren value5 state_e_sa_pre

. ren value6 state_l_sa_pre

. 
. save "${rawdata}/LAUS/Output/laus_state_sa_pre", replace
(file
    /Users/mac/JPE-replications/JPE-Mitman-2016256/replication-package/replic
    > ation-package/data/raw/LAUS/Output/laus_state_sa_pre.dta not found)
file
    /Users/mac/JPE-replications/JPE-Mitman-2016256/replication-package/replic
    > ation-package/data/raw/LAUS/Output/laus_state_sa_pre.dta saved

. 
end of do-file
/Users/mac/JPE-replications/JPE-Mitman-2016256/replication-package/replication-
> package/code

. * ---------------------------------------------------------------------------
. * 5_Make_StateEmp2014rev.do  ->  StateEmp2014rev.dta
. * State monthly seasonally-adjusted employment (state_e_sa_pre), merged onto
. * the border panel by UIMacro_BuildData.do (prod_all = state GDP per worker).
. *
. * INPUT: LAUS/Output/laus_state_sa_pre.dta (step 4).
. * OUTPUT: StateEmp2014rev.dta (fipsstate year month state_e_sa_pre).
. * This script reads state_e_sa_pre directly from step 4's output. The build
. * keeps only the 1990-2014 panel rows (it drops unmatched observations on
. * merge), so rows outside that window are not consumed.
. * ---------------------------------------------------------------------------
. clear all

. set more off

. do "config.do"

. * ===========================================================================
. * config.do  --  single path configuration for the replication archive.
. *
. * HOW TO RUN: from a Stata session whose working directory is `code/`, first
. *     do "config.do"
. * then run any pipeline script (also from `code/`), e.g. `do build/UIMacro_Bu
> ildData.do`.
. * Each pipeline script re-runs this file itself, so you can also run them dir
> ectly
. * from `code/`. EDIT THE ONE LINE below to this archive's location on your ma
> chine.
. * ===========================================================================
. 
. global root "/Users/mac/JPE-replications/JPE-Mitman-2016256/replication-packa
> ge/replication-package"          //  <-- EDIT: path to this archive

. 
. * --- derived locations (do not edit) ---
. global code          "${root}/code"

. global rawdata       "${root}/data/raw"

. global processed     "${root}/data/processed"

. global output        "${root}/output"

. global tables        "${output}/tables"

. global figures       "${output}/figures"

. global factor_csv    "${output}/factor_results"      // analysis/Matlab resul
> t CSVs (make_tables reads)

. global factor_inputs "${output}/factor_inputs"       // per-pair QBLS handoff
>  (regenerated by exporters)

. global synthetic     "${root}/synthetic-data"

. 
. * --- analysis convenience: cd "${maindirectory}"; use "${CurrentData}" / "${
> DataControls}.dta" ---
. global maindirectory "${processed}/"

. global CurrentData   "UIMacro_RevisionData.dta"

. global DataControls  "UIMacro_DataControls"

. global Wages         "ProcessedWages.dta"

. global outdirectory  "${factor_inputs}/"             // exporters write QBLS 
> here

. global latexdir      "${factor_csv}/"                // analysis/Matlab resul
> t CSVs (make_tables reads)

. 
. * --- vacancy data switch ---------------------------------------------------
. * vacfile/statefile are the two PROVIDED synthetic stand-ins for the propriet
> ary HWOL
. * inputs (synthetic-data/; the confidential HWOL data are NOT in this archive
> ). To reproduce the PUBLISHED (HWOL)
. * vacancy numbers, the Data Editor replaces these two files with the licensed
>  Conference
. * Board HWOL data and re-runs. See code/build/SYNTHETIC_VACANCY_PATH.md.
. global vacfile      "${synthetic}/new_vac_synthetic.dta"

. global statefile    "${synthetic}/StateMonthlyBorderData_synthetic.dta"

. * ImputedDataBorder is a BUILT intermediate, NOT shipped: the replicator gene
> rates it by
. * running the imputation (analysis/Impute_Input.do -> matlab/Run_Impute_Borde
> r.m ->
. * analysis/Impute_to_Stata.do) on ${vacfile}; it lands in data/processed/ (sy
> nthetic by
. * default, the real version if the Data Editor swaps in HWOL).
. global ImputedFile  "${processed}/ImputedDataBorder.dta"

. 
. * --- figure styling: the published figures were drawn under the classic
. * s2color scheme; Stata 18+ defaults to stcolor, which changes gridlines,
. * markers, and legend styling. Pin the scheme so regenerated figures match.
. cap set scheme s2color

. 
. * ensure the built-output folders exist (the archive ships them empty / absen
> t)
. cap mkdir "${processed}"

. cap mkdir "${output}"

. cap mkdir "${tables}"

. cap mkdir "${figures}"

. cap mkdir "${factor_csv}"

. cap mkdir "${factor_inputs}"

. 
. local ssc_packages "reghdfe binscatter regife outreg2 ftools coefplot tuples 
> hdfe mat2txt ivreg2 ranktest"

. if !missing("`ssc_packages'") { 
.         foreach pkg in `ssc_packages' {
  2.                 capture which `pkg' 
  3.                 if _rc == 111 {
  4.                         dis "Installing `pkg'"
  5.                         ssc install `pkg', replace
  6.                         }
  7.                 which `pkg' 
  8.                 }
/Users/mac/Library/Application Support/Stata/ado/plus/r/reghdfe.ado
*! version 6.13.1 10Jan2026
/Users/mac/Library/Application Support/Stata/ado/plus/b/binscatter.ado
*! version 7.02  24nov2013  Michael Stepner, stepner@mit.edu
/Users/mac/Library/Application Support/Stata/ado/plus/r/regife.ado
/Users/mac/Library/Application Support/Stata/ado/plus/o/outreg2.ado
*! outreg2 2.3.2  17aug2014 by roywada@hotmail.com
*! based on outreg 3.0.6/4.0.0 by john_gallup@alum.swarthmore.edu
/Users/mac/Library/Application Support/Stata/ado/plus/f/ftools.ado
*! version 2.50.0 09jan2026
/Users/mac/Library/Application Support/Stata/ado/plus/c/coefplot.ado
*! version 1.8.6  22feb2023  Ben Jann
/Users/mac/Library/Application Support/Stata/ado/plus/t/tuples.ado
*! version 4.3.0  25sep2025
/Users/mac/Library/Application Support/Stata/ado/plus/h/hdfe.ado
*! reghdfe 3.2.9 21feb2016
*! Sergio Correia (sergio.correia@duke.edu)
/Users/mac/Library/Application Support/Stata/ado/plus/m/mat2txt.ado
*! 1.1.2 Ben Jann 24 Nov 2004
*! 1.1.1 M Blasnik 18 Feb 2004
/Users/mac/Library/Application Support/Stata/ado/plus/i/ivreg2.ado
*! ivreg2 4.1.12  14aug2024
*! authors cfb & mes
*! see end of file for version comments
/Users/mac/Library/Application Support/Stata/ado/plus/r/ranktest.ado
*! ranktest 2.0.04  21sept2020
*! authors mes & fw; KP stat based on code by fk
*! see end of file for version comments
. }

. 
end of do-file

. 
. use "${rawdata}/LAUS/Output/laus_state_sa_pre.dta"

. keep year month fipsstate state_e_sa_pre

. save "${rawdata}/StateEmp2014rev", replace
(file
    /Users/mac/JPE-replications/JPE-Mitman-2016256/replication-package/replic
    > ation-package/data/raw/StateEmp2014rev.dta not found)
file
    /Users/mac/JPE-replications/JPE-Mitman-2016256/replication-package/replic
    > ation-package/data/raw/StateEmp2014rev.dta saved

. 
end of do-file
/Users/mac/JPE-replications/JPE-Mitman-2016256/replication-package/replication-
> package/code

. * ---------------------------------------------------------------------------
. * 6_construct_laus_state_sa.do  ->  laus_state_sa.dta
. * State monthly LAUS panel, seasonally adjusted (unemployment rate/count,
. * employment, labor force), 1976-2014. Feeds Make_PlaceboWeeksData.do (the
. * state_unemp_rate_sa extension trigger of the placebo benefit schedule).
. * Independent of the other LAUS chains (same raw download batch).
. *
. * SOURCE (provided raw, LAUS/RevisedData/): ladata3AllStatesS.txt, the
. *   DECEMBER-2015 revised download (1976-2015; the 2015 LAUS re-benchmark
. *   revised the whole SA history, so this is a DIFFERENT vintage from the
. *   Sept-2014 extract step 4 uses -- both ship). Chars 6-7 = state FIPS,
. *   char 20 = measure; M13 dropped.
. * OUTPUT: laus_state_sa.dta, keyed fipsstate year month.
. * ---------------------------------------------------------------------------
. clear all

. set more off

. do "config.do"

. * ===========================================================================
. * config.do  --  single path configuration for the replication archive.
. *
. * HOW TO RUN: from a Stata session whose working directory is `code/`, first
. *     do "config.do"
. * then run any pipeline script (also from `code/`), e.g. `do build/UIMacro_Bu
> ildData.do`.
. * Each pipeline script re-runs this file itself, so you can also run them dir
> ectly
. * from `code/`. EDIT THE ONE LINE below to this archive's location on your ma
> chine.
. * ===========================================================================
. 
. global root "/Users/mac/JPE-replications/JPE-Mitman-2016256/replication-packa
> ge/replication-package"          //  <-- EDIT: path to this archive

. 
. * --- derived locations (do not edit) ---
. global code          "${root}/code"

. global rawdata       "${root}/data/raw"

. global processed     "${root}/data/processed"

. global output        "${root}/output"

. global tables        "${output}/tables"

. global figures       "${output}/figures"

. global factor_csv    "${output}/factor_results"      // analysis/Matlab resul
> t CSVs (make_tables reads)

. global factor_inputs "${output}/factor_inputs"       // per-pair QBLS handoff
>  (regenerated by exporters)

. global synthetic     "${root}/synthetic-data"

. 
. * --- analysis convenience: cd "${maindirectory}"; use "${CurrentData}" / "${
> DataControls}.dta" ---
. global maindirectory "${processed}/"

. global CurrentData   "UIMacro_RevisionData.dta"

. global DataControls  "UIMacro_DataControls"

. global Wages         "ProcessedWages.dta"

. global outdirectory  "${factor_inputs}/"             // exporters write QBLS 
> here

. global latexdir      "${factor_csv}/"                // analysis/Matlab resul
> t CSVs (make_tables reads)

. 
. * --- vacancy data switch ---------------------------------------------------
. * vacfile/statefile are the two PROVIDED synthetic stand-ins for the propriet
> ary HWOL
. * inputs (synthetic-data/; the confidential HWOL data are NOT in this archive
> ). To reproduce the PUBLISHED (HWOL)
. * vacancy numbers, the Data Editor replaces these two files with the licensed
>  Conference
. * Board HWOL data and re-runs. See code/build/SYNTHETIC_VACANCY_PATH.md.
. global vacfile      "${synthetic}/new_vac_synthetic.dta"

. global statefile    "${synthetic}/StateMonthlyBorderData_synthetic.dta"

. * ImputedDataBorder is a BUILT intermediate, NOT shipped: the replicator gene
> rates it by
. * running the imputation (analysis/Impute_Input.do -> matlab/Run_Impute_Borde
> r.m ->
. * analysis/Impute_to_Stata.do) on ${vacfile}; it lands in data/processed/ (sy
> nthetic by
. * default, the real version if the Data Editor swaps in HWOL).
. global ImputedFile  "${processed}/ImputedDataBorder.dta"

. 
. * --- figure styling: the published figures were drawn under the classic
. * s2color scheme; Stata 18+ defaults to stcolor, which changes gridlines,
. * markers, and legend styling. Pin the scheme so regenerated figures match.
. cap set scheme s2color

. 
. * ensure the built-output folders exist (the archive ships them empty / absen
> t)
. cap mkdir "${processed}"

. cap mkdir "${output}"

. cap mkdir "${tables}"

. cap mkdir "${figures}"

. cap mkdir "${factor_csv}"

. cap mkdir "${factor_inputs}"

. 
. local ssc_packages "reghdfe binscatter regife outreg2 ftools coefplot tuples 
> hdfe mat2txt ivreg2 ranktest"

. if !missing("`ssc_packages'") { 
.         foreach pkg in `ssc_packages' {
  2.                 capture which `pkg' 
  3.                 if _rc == 111 {
  4.                         dis "Installing `pkg'"
  5.                         ssc install `pkg', replace
  6.                         }
  7.                 which `pkg' 
  8.                 }
/Users/mac/Library/Application Support/Stata/ado/plus/r/reghdfe.ado
*! version 6.13.1 10Jan2026
/Users/mac/Library/Application Support/Stata/ado/plus/b/binscatter.ado
*! version 7.02  24nov2013  Michael Stepner, stepner@mit.edu
/Users/mac/Library/Application Support/Stata/ado/plus/r/regife.ado
/Users/mac/Library/Application Support/Stata/ado/plus/o/outreg2.ado
*! outreg2 2.3.2  17aug2014 by roywada@hotmail.com
*! based on outreg 3.0.6/4.0.0 by john_gallup@alum.swarthmore.edu
/Users/mac/Library/Application Support/Stata/ado/plus/f/ftools.ado
*! version 2.50.0 09jan2026
/Users/mac/Library/Application Support/Stata/ado/plus/c/coefplot.ado
*! version 1.8.6  22feb2023  Ben Jann
/Users/mac/Library/Application Support/Stata/ado/plus/t/tuples.ado
*! version 4.3.0  25sep2025
/Users/mac/Library/Application Support/Stata/ado/plus/h/hdfe.ado
*! reghdfe 3.2.9 21feb2016
*! Sergio Correia (sergio.correia@duke.edu)
/Users/mac/Library/Application Support/Stata/ado/plus/m/mat2txt.ado
*! 1.1.2 Ben Jann 24 Nov 2004
*! 1.1.1 M Blasnik 18 Feb 2004
/Users/mac/Library/Application Support/Stata/ado/plus/i/ivreg2.ado
*! ivreg2 4.1.12  14aug2024
*! authors cfb & mes
*! see end of file for version comments
/Users/mac/Library/Application Support/Stata/ado/plus/r/ranktest.ado
*! ranktest 2.0.04  21sept2020
*! authors mes & fw; KP stat based on code by fk
*! see end of file for version comments
. }

. 
end of do-file

. 
. insheet using "${rawdata}/LAUS/RevisedData/ladata3AllStatesS.txt", clear
(5 vars, 99,424 obs)

. drop footnote*

. 
. gen month = substr(period,2,2)

. destring month, replace
month: all characters numeric; replaced as byte

. drop if month==13               // annual average
(0 observations deleted)

. drop period

. 
. gen fipsstate = substr(series_id,6,2)

. destring fipsstate, replace
fipsstate: all characters numeric; replaced as byte

. 
. gen var_type = substr(series_id,20,1)

. destring var_type, replace
var_type: all characters numeric; replaced as byte

. 
. drop series_id

. reshape wide value, i(fipsstate year month) j(var_type)
(j = 3 4 5 6)

Data                               Long   ->   Wide
-----------------------------------------------------------------------------
Number of observations           99,424   ->   24,856      
Number of variables                   5   ->   7           
j variable (4 values)          var_type   ->   (dropped)
xij variables:
                                  value   ->   value3 value4 ... value6
-----------------------------------------------------------------------------

. ren value3 state_unemp_rate_sa

. ren value4 state_unemp_count_sa

. ren value5 state_emp_sa

. ren value6 state_labor_sa

. 
. save "${rawdata}/laus_state_sa", replace
(file
    /Users/mac/JPE-replications/JPE-Mitman-2016256/replication-package/replic
    > ation-package/data/raw/laus_state_sa.dta not found)
file
    /Users/mac/JPE-replications/JPE-Mitman-2016256/replication-package/replic
    > ation-package/data/raw/laus_state_sa.dta saved

. 
end of do-file
/Users/mac/JPE-replications/JPE-Mitman-2016256/replication-package/replication-
> package/code

. * ---------------------------------------------------------------------------
. * 7_construct_laus_state_u.do  ->  laus_state_u.dta
. * State monthly LAUS panel, NOT seasonally adjusted (unemployment rate/count,
. * employment, labor force), 1976-2014. Feeds Make_PlaceboWeeksData.do (the
. * state_unemp_rate_u variant of the placebo extension trigger).
. *
. * SOURCE (provided raw, LAUS/RevisedData/): ladata2AllStatesU.txt, the
. *   DECEMBER-2015 revised download (state series, unadjusted, 1976-2015;
. *   same vintage as step 6's file, NOT the Sept-2014 batch).
. * OUTPUT: laus_state_u.dta, keyed fipsstate year month.
. * ---------------------------------------------------------------------------
. clear all

. set more off

. do "config.do"

. * ===========================================================================
. * config.do  --  single path configuration for the replication archive.
. *
. * HOW TO RUN: from a Stata session whose working directory is `code/`, first
. *     do "config.do"
. * then run any pipeline script (also from `code/`), e.g. `do build/UIMacro_Bu
> ildData.do`.
. * Each pipeline script re-runs this file itself, so you can also run them dir
> ectly
. * from `code/`. EDIT THE ONE LINE below to this archive's location on your ma
> chine.
. * ===========================================================================
. 
. global root "/Users/mac/JPE-replications/JPE-Mitman-2016256/replication-packa
> ge/replication-package"          //  <-- EDIT: path to this archive

. 
. * --- derived locations (do not edit) ---
. global code          "${root}/code"

. global rawdata       "${root}/data/raw"

. global processed     "${root}/data/processed"

. global output        "${root}/output"

. global tables        "${output}/tables"

. global figures       "${output}/figures"

. global factor_csv    "${output}/factor_results"      // analysis/Matlab resul
> t CSVs (make_tables reads)

. global factor_inputs "${output}/factor_inputs"       // per-pair QBLS handoff
>  (regenerated by exporters)

. global synthetic     "${root}/synthetic-data"

. 
. * --- analysis convenience: cd "${maindirectory}"; use "${CurrentData}" / "${
> DataControls}.dta" ---
. global maindirectory "${processed}/"

. global CurrentData   "UIMacro_RevisionData.dta"

. global DataControls  "UIMacro_DataControls"

. global Wages         "ProcessedWages.dta"

. global outdirectory  "${factor_inputs}/"             // exporters write QBLS 
> here

. global latexdir      "${factor_csv}/"                // analysis/Matlab resul
> t CSVs (make_tables reads)

. 
. * --- vacancy data switch ---------------------------------------------------
. * vacfile/statefile are the two PROVIDED synthetic stand-ins for the propriet
> ary HWOL
. * inputs (synthetic-data/; the confidential HWOL data are NOT in this archive
> ). To reproduce the PUBLISHED (HWOL)
. * vacancy numbers, the Data Editor replaces these two files with the licensed
>  Conference
. * Board HWOL data and re-runs. See code/build/SYNTHETIC_VACANCY_PATH.md.
. global vacfile      "${synthetic}/new_vac_synthetic.dta"

. global statefile    "${synthetic}/StateMonthlyBorderData_synthetic.dta"

. * ImputedDataBorder is a BUILT intermediate, NOT shipped: the replicator gene
> rates it by
. * running the imputation (analysis/Impute_Input.do -> matlab/Run_Impute_Borde
> r.m ->
. * analysis/Impute_to_Stata.do) on ${vacfile}; it lands in data/processed/ (sy
> nthetic by
. * default, the real version if the Data Editor swaps in HWOL).
. global ImputedFile  "${processed}/ImputedDataBorder.dta"

. 
. * --- figure styling: the published figures were drawn under the classic
. * s2color scheme; Stata 18+ defaults to stcolor, which changes gridlines,
. * markers, and legend styling. Pin the scheme so regenerated figures match.
. cap set scheme s2color

. 
. * ensure the built-output folders exist (the archive ships them empty / absen
> t)
. cap mkdir "${processed}"

. cap mkdir "${output}"

. cap mkdir "${tables}"

. cap mkdir "${figures}"

. cap mkdir "${factor_csv}"

. cap mkdir "${factor_inputs}"

. 
. local ssc_packages "reghdfe binscatter regife outreg2 ftools coefplot tuples 
> hdfe mat2txt ivreg2 ranktest"

. if !missing("`ssc_packages'") { 
.         foreach pkg in `ssc_packages' {
  2.                 capture which `pkg' 
  3.                 if _rc == 111 {
  4.                         dis "Installing `pkg'"
  5.                         ssc install `pkg', replace
  6.                         }
  7.                 which `pkg' 
  8.                 }
/Users/mac/Library/Application Support/Stata/ado/plus/r/reghdfe.ado
*! version 6.13.1 10Jan2026
/Users/mac/Library/Application Support/Stata/ado/plus/b/binscatter.ado
*! version 7.02  24nov2013  Michael Stepner, stepner@mit.edu
/Users/mac/Library/Application Support/Stata/ado/plus/r/regife.ado
/Users/mac/Library/Application Support/Stata/ado/plus/o/outreg2.ado
*! outreg2 2.3.2  17aug2014 by roywada@hotmail.com
*! based on outreg 3.0.6/4.0.0 by john_gallup@alum.swarthmore.edu
/Users/mac/Library/Application Support/Stata/ado/plus/f/ftools.ado
*! version 2.50.0 09jan2026
/Users/mac/Library/Application Support/Stata/ado/plus/c/coefplot.ado
*! version 1.8.6  22feb2023  Ben Jann
/Users/mac/Library/Application Support/Stata/ado/plus/t/tuples.ado
*! version 4.3.0  25sep2025
/Users/mac/Library/Application Support/Stata/ado/plus/h/hdfe.ado
*! reghdfe 3.2.9 21feb2016
*! Sergio Correia (sergio.correia@duke.edu)
/Users/mac/Library/Application Support/Stata/ado/plus/m/mat2txt.ado
*! 1.1.2 Ben Jann 24 Nov 2004
*! 1.1.1 M Blasnik 18 Feb 2004
/Users/mac/Library/Application Support/Stata/ado/plus/i/ivreg2.ado
*! ivreg2 4.1.12  14aug2024
*! authors cfb & mes
*! see end of file for version comments
/Users/mac/Library/Application Support/Stata/ado/plus/r/ranktest.ado
*! ranktest 2.0.04  21sept2020
*! authors mes & fw; KP stat based on code by fk
*! see end of file for version comments
. }

. 
end of do-file

. 
. insheet using "${rawdata}/LAUS/RevisedData/ladata2AllStatesU.txt", clear
(5 vars, 107,536 obs)

. drop footnote*

. 
. gen month = substr(period,2,2)

. destring month, replace
month: all characters numeric; replaced as byte

. drop if month==13               // annual average
(8,112 observations deleted)

. drop period

. 
. gen fipsstate = substr(series_id,6,2)

. destring fipsstate, replace
fipsstate: all characters numeric; replaced as byte

. 
. gen var_type = substr(series_id,20,1)

. destring var_type, replace
var_type: all characters numeric; replaced as byte

. 
. drop series_id

. reshape wide value, i(fipsstate year month) j(var_type)
(j = 3 4 5 6)

Data                               Long   ->   Wide
-----------------------------------------------------------------------------
Number of observations           99,424   ->   24,856      
Number of variables                   5   ->   7           
j variable (4 values)          var_type   ->   (dropped)
xij variables:
                                  value   ->   value3 value4 ... value6
-----------------------------------------------------------------------------

. ren value3 state_unemp_rate_u

. ren value4 state_unemp_count_u

. ren value5 state_emp_u

. ren value6 state_labor_u

. 
. save "${rawdata}/laus_state_u", replace
(file
    /Users/mac/JPE-replications/JPE-Mitman-2016256/replication-package/replic
    > ation-package/data/raw/laus_state_u.dta not found)
file
    /Users/mac/JPE-replications/JPE-Mitman-2016256/replication-package/replic
    > ation-package/data/raw/laus_state_u.dta saved

. 
end of do-file
/Users/mac/JPE-replications/JPE-Mitman-2016256/replication-package/replication-
> package/code

. * ---------------------------------------------------------------------------
. * 8_Make_StateQuarterlyU.do  ->  StateQuarterlyU.dta
. * State quarterly unemployment (rate state_ur_u_pre + count state_uc_u_pre,
. * pre-redesign vintage), consumed by analysis/TableA2.do (the Hall-style
. * alternative endogeneity test, app_tab:A-1, which uses the 2007 values).
. *
. * Two stages:
. *   (1) raw LAUS/ladata2AllStatesU.txt (state series, unadjusted, the
. *       PRE-redesign January-2015 extract -- NOT the RevisedData vintage
. *       steps 6-7 use) -> monthly panel laus_state_u_preredesign
. *       (LAUS/Output/).
. *   (2) quarterly collapse. The DAILY benefit-weeks file is merged (1:m on
. *       state-month) before collapsing, so wherever the daily file has
. *       coverage (2002+) the quarterly figure is a DAY-WEIGHTED mean of the
. *       monthly values, and a plain 3-month mean elsewhere.
. *
. * TableA2 uses only 2007 values and drops unmatched rows on merge.
. * ---------------------------------------------------------------------------
. clear all

. set more off

. do "config.do"

. * ===========================================================================
. * config.do  --  single path configuration for the replication archive.
. *
. * HOW TO RUN: from a Stata session whose working directory is `code/`, first
. *     do "config.do"
. * then run any pipeline script (also from `code/`), e.g. `do build/UIMacro_Bu
> ildData.do`.
. * Each pipeline script re-runs this file itself, so you can also run them dir
> ectly
. * from `code/`. EDIT THE ONE LINE below to this archive's location on your ma
> chine.
. * ===========================================================================
. 
. global root "/Users/mac/JPE-replications/JPE-Mitman-2016256/replication-packa
> ge/replication-package"          //  <-- EDIT: path to this archive

. 
. * --- derived locations (do not edit) ---
. global code          "${root}/code"

. global rawdata       "${root}/data/raw"

. global processed     "${root}/data/processed"

. global output        "${root}/output"

. global tables        "${output}/tables"

. global figures       "${output}/figures"

. global factor_csv    "${output}/factor_results"      // analysis/Matlab resul
> t CSVs (make_tables reads)

. global factor_inputs "${output}/factor_inputs"       // per-pair QBLS handoff
>  (regenerated by exporters)

. global synthetic     "${root}/synthetic-data"

. 
. * --- analysis convenience: cd "${maindirectory}"; use "${CurrentData}" / "${
> DataControls}.dta" ---
. global maindirectory "${processed}/"

. global CurrentData   "UIMacro_RevisionData.dta"

. global DataControls  "UIMacro_DataControls"

. global Wages         "ProcessedWages.dta"

. global outdirectory  "${factor_inputs}/"             // exporters write QBLS 
> here

. global latexdir      "${factor_csv}/"                // analysis/Matlab resul
> t CSVs (make_tables reads)

. 
. * --- vacancy data switch ---------------------------------------------------
. * vacfile/statefile are the two PROVIDED synthetic stand-ins for the propriet
> ary HWOL
. * inputs (synthetic-data/; the confidential HWOL data are NOT in this archive
> ). To reproduce the PUBLISHED (HWOL)
. * vacancy numbers, the Data Editor replaces these two files with the licensed
>  Conference
. * Board HWOL data and re-runs. See code/build/SYNTHETIC_VACANCY_PATH.md.
. global vacfile      "${synthetic}/new_vac_synthetic.dta"

. global statefile    "${synthetic}/StateMonthlyBorderData_synthetic.dta"

. * ImputedDataBorder is a BUILT intermediate, NOT shipped: the replicator gene
> rates it by
. * running the imputation (analysis/Impute_Input.do -> matlab/Run_Impute_Borde
> r.m ->
. * analysis/Impute_to_Stata.do) on ${vacfile}; it lands in data/processed/ (sy
> nthetic by
. * default, the real version if the Data Editor swaps in HWOL).
. global ImputedFile  "${processed}/ImputedDataBorder.dta"

. 
. * --- figure styling: the published figures were drawn under the classic
. * s2color scheme; Stata 18+ defaults to stcolor, which changes gridlines,
. * markers, and legend styling. Pin the scheme so regenerated figures match.
. cap set scheme s2color

. 
. * ensure the built-output folders exist (the archive ships them empty / absen
> t)
. cap mkdir "${processed}"

. cap mkdir "${output}"

. cap mkdir "${tables}"

. cap mkdir "${figures}"

. cap mkdir "${factor_csv}"

. cap mkdir "${factor_inputs}"

. 
. local ssc_packages "reghdfe binscatter regife outreg2 ftools coefplot tuples 
> hdfe mat2txt ivreg2 ranktest"

. if !missing("`ssc_packages'") { 
.         foreach pkg in `ssc_packages' {
  2.                 capture which `pkg' 
  3.                 if _rc == 111 {
  4.                         dis "Installing `pkg'"
  5.                         ssc install `pkg', replace
  6.                         }
  7.                 which `pkg' 
  8.                 }
/Users/mac/Library/Application Support/Stata/ado/plus/r/reghdfe.ado
*! version 6.13.1 10Jan2026
/Users/mac/Library/Application Support/Stata/ado/plus/b/binscatter.ado
*! version 7.02  24nov2013  Michael Stepner, stepner@mit.edu
/Users/mac/Library/Application Support/Stata/ado/plus/r/regife.ado
/Users/mac/Library/Application Support/Stata/ado/plus/o/outreg2.ado
*! outreg2 2.3.2  17aug2014 by roywada@hotmail.com
*! based on outreg 3.0.6/4.0.0 by john_gallup@alum.swarthmore.edu
/Users/mac/Library/Application Support/Stata/ado/plus/f/ftools.ado
*! version 2.50.0 09jan2026
/Users/mac/Library/Application Support/Stata/ado/plus/c/coefplot.ado
*! version 1.8.6  22feb2023  Ben Jann
/Users/mac/Library/Application Support/Stata/ado/plus/t/tuples.ado
*! version 4.3.0  25sep2025
/Users/mac/Library/Application Support/Stata/ado/plus/h/hdfe.ado
*! reghdfe 3.2.9 21feb2016
*! Sergio Correia (sergio.correia@duke.edu)
/Users/mac/Library/Application Support/Stata/ado/plus/m/mat2txt.ado
*! 1.1.2 Ben Jann 24 Nov 2004
*! 1.1.1 M Blasnik 18 Feb 2004
/Users/mac/Library/Application Support/Stata/ado/plus/i/ivreg2.ado
*! ivreg2 4.1.12  14aug2024
*! authors cfb & mes
*! see end of file for version comments
/Users/mac/Library/Application Support/Stata/ado/plus/r/ranktest.ado
*! ranktest 2.0.04  21sept2020
*! authors mes & fw; KP stat based on code by fk
*! see end of file for version comments
. }

. 
end of do-file

. cap mkdir "${rawdata}/LAUS/Output"

. 
. * --- (1) monthly pre-redesign state panel ---
. insheet using "${rawdata}/LAUS/ladata2AllStatesU.txt", clear
(5 vars, 105,248 obs)

. drop footnote*

. 
. gen month = substr(period,2,2)

. destring month, replace
month: all characters numeric; replaced as byte

. drop if month==13               // annual average
(7,904 observations deleted)

. drop period

. 
. gen fipsstate = substr(series_id,6,2)

. destring fipsstate, replace
fipsstate: all characters numeric; replaced as byte

. 
. gen var_type = substr(series_id,20,1)

. destring var_type, replace
var_type: all characters numeric; replaced as byte

. 
. drop series_id

. reshape wide value, i(fipsstate year month) j(var_type)
(j = 3 4 5 6)

Data                               Long   ->   Wide
-----------------------------------------------------------------------------
Number of observations           97,344   ->   24,336      
Number of variables                   5   ->   7           
j variable (4 values)          var_type   ->   (dropped)
xij variables:
                                  value   ->   value3 value4 ... value6
-----------------------------------------------------------------------------

. ren value3 state_ur_u_pre

. ren value4 state_uc_u_pre

. ren value5 state_e_u_pre

. ren value6 state_l_u_pre

. 
. save "${rawdata}/LAUS/Output/laus_state_u_preredesign", replace
(file
    /Users/mac/JPE-replications/JPE-Mitman-2016256/replication-package/replic
    > ation-package/data/raw/LAUS/Output/laus_state_u_preredesign.dta not
    found)
file
    /Users/mac/JPE-replications/JPE-Mitman-2016256/replication-package/replic
    > ation-package/data/raw/LAUS/Output/laus_state_u_preredesign.dta saved

. 
. * --- (2) day-weighted quarterly collapse (via the daily benefit-weeks file) 
> ---
. gen quarter = floor((month-1)/3)+1

. gen statefips=fipsstate

. merge 1:m statefips year month using "${rawdata}/FullFinal_AllYears-Daily.dta
> "
(variable year was int, now float to accommodate using data's values)
(variable month was byte, now float to accommodate using data's values)

    Result                      Number of obs
    -----------------------------------------
    Not matched                        16,839
        from master                    16,839  (_merge==1)
        from using                          0  (_merge==2)

    Matched                           227,562  (_merge==3)
    -----------------------------------------

. collapse state_ur_u_pre state_uc_u_pre, by(fipsstate year quarter)

. drop if fipsstate==.
(0 observations deleted)

. 
. save "${rawdata}/StateQuarterlyU", replace
(file
    /Users/mac/JPE-replications/JPE-Mitman-2016256/replication-package/replic
    > ation-package/data/raw/StateQuarterlyU.dta not found)
file
    /Users/mac/JPE-replications/JPE-Mitman-2016256/replication-package/replic
    > ation-package/data/raw/StateQuarterlyU.dta saved

. 
end of do-file
. 
.     * QCEW county employment (1990-2015 allhlcn + 1975-89 history + 2014 refr
> esh + merges + tax)
.     foreach p in 1_construct_qcew_2015 1b_QCEW_Historical_1975_1989 1c_QCEW_C
> ounty_2014 2_MergeFullQCEW 3_MergeFullQCEW_2014_Q4 4_MakeQCEWTaxRate {
  2.         cd "${code}"
  3.         do "build/RawDataScripts/QCEW/`p'.do"
  4.     }
/Users/mac/JPE-replications/JPE-Mitman-2016256/replication-package/replication-
> package/code

. pause off

. global direc "${rawdata}/QCEW/"

. *forvalues yr=2014/2014{
. forvalues yr=1990/2015{
  2.         if (`yr'<2000){
  3.                 local t = `yr' - 1900
  4.         }
  5.         else{
  6.                 local t = `yr' - 2000
  7.         }
  8. 
.         global filename = "allhlcn`t'"
  9.         if (`yr'>=2000 & `yr'<=2009){
 10.                 global filename = "allhlcn0`t'"
 11.         }
 12. 
.         forvalues qtr = 1/4{
 13.                 qui cd "${rawdata}/QCEW/`yr'_all_county_high_level"
 14.                 disp as text "Year=" as result `yr' as text "  Quarter=" a
> s result `qtr'
 15.                 ** Read in the data
.                 if( `yr'<2014){
 16.                         qui import excel using ${filename}`qtr'.xls, sheet
> (US_St_Cn_MSA) clear
 17.                 }
 18.                 else{
 19.                         qui import excel using ${filename}`qtr'.xlsx, shee
> t(US_St_Cn_MSA) clear
 20.                 }
 21. 
. 
.                 ** Rename variables
.                 if `yr'<2010{
 22.                         qui drop T-Z
 23.                         qui drop if _n==1
 24.                         qui ren A fips
 25.                         qui ren B sectorcode
 26.                         qui ren C naics
 27.                         qui ren D year
 28.                         qui ren E qtr
 29.                         qui ren F areatype
 30.                         qui ren G state
 31.                         qui ren H area
 32.                         qui ren I sector
 33.                         qui ren J industry
 34.                         qui ren K status
 35.                         qui la var L "Establishment count"
 36.                         qui ren L nest
 37.                         qui ren M empm1
 38.                         qui ren N empm2
 39.                         qui ren O empm3
 40.                         qui ren P total_wage
 41.                         qui ren Q wkly_wage
 42.                         qui ren R locquotm3
 43.                         qui ren S locquottotal
 44.                 }
 45.                 else{
 46.                         qui capture noisily drop V-Z
 47.                         qui drop if _n==1
 48.                         qui drop B C
 49.                         qui ren A fips
 50.                         qui ren D sectorcode
 51.                         qui ren E naics
 52.                         qui ren F year
 53.                         qui ren G qtr
 54.                         qui ren H areatype
 55.                         qui ren I state
 56.                         qui ren J area
 57.                         qui ren K sector
 58.                         qui ren L industry
 59.                         qui ren M status
 60.                         qui la var N "Establishment count"
 61.                         qui ren N nest
 62.                         qui ren O empm1
 63.                         qui ren P empm2
 64.                         qui ren Q empm3
 65.                         qui ren R total_wage
 66.                         qui ren S wkly_wage
 67.                         qui ren T locquotm3
 68.                         qui ren U locquottotal
 69.                 }
 70. 
.                 ** Only keep counties (drop MSAs and the like)
.                 qui gen check=substr(fips,1,1)
 71.                 qui gen check2=substr(fips,-3,3)
 72.                 qui drop if check=="U" | check=="C" | check2=="000"
 73.                 qui drop check*
 74.                 qui destring fips, replace
 75. 
.                 ** Only keep total covered and private AND only total
.                 qui destring sectorcode, replace
 76.                 qui drop if sectorcode~=0 & sectorcode~=5
 77.                 qui drop if sectorcode==5 & industry~="Total, all industri
> es"
 78. 
.                 ** Destring the relevant variables
.                 foreach var of varlist naics year qtr nest empm* total_wage w
> kly_wage locquot*{
 79.                         qui destring `var', replace
 80.                         }
 81.                 qui drop naics areatype state area industry sector status
 82.                 qui order fips year qtr sectorcode
 83.                 qui sort fips year qtr
 84. 
.                 ** Save data in separate files for total and total private
.                 cap mkdir "${rawdata}/QCEW/Output"
 85.                 qui cd "${rawdata}/QCEW/Output"
 86.                 preserve
 87.                         qui keep if sectorcode==0
 88.                         qui save ${filename}`qtr'_total, replace
 89.                 restore
 90.                 preserve
 91.                         qui keep if sectorcode==5
 92.                         qui save ${filename}`qtr'_priv, replace
 93.                 restore
 94. 
.         }
 95. 
. }
Year=1990  Quarter=1
Year=1990  Quarter=2
Year=1990  Quarter=3
Year=1990  Quarter=4
Year=1991  Quarter=1
Year=1991  Quarter=2
Year=1991  Quarter=3
Year=1991  Quarter=4
Year=1992  Quarter=1
Year=1992  Quarter=2
Year=1992  Quarter=3
Year=1992  Quarter=4
Year=1993  Quarter=1
Year=1993  Quarter=2
Year=1993  Quarter=3
Year=1993  Quarter=4
Year=1994  Quarter=1
Year=1994  Quarter=2
Year=1994  Quarter=3
Year=1994  Quarter=4
Year=1995  Quarter=1
Year=1995  Quarter=2
Year=1995  Quarter=3
Year=1995  Quarter=4
Year=1996  Quarter=1
Year=1996  Quarter=2
Year=1996  Quarter=3
Year=1996  Quarter=4
Year=1997  Quarter=1
Year=1997  Quarter=2
Year=1997  Quarter=3
Year=1997  Quarter=4
Year=1998  Quarter=1
Year=1998  Quarter=2
Year=1998  Quarter=3
Year=1998  Quarter=4
Year=1999  Quarter=1
Year=1999  Quarter=2
Year=1999  Quarter=3
Year=1999  Quarter=4
Year=2000  Quarter=1
Year=2000  Quarter=2
Year=2000  Quarter=3
Year=2000  Quarter=4
Year=2001  Quarter=1
Year=2001  Quarter=2
Year=2001  Quarter=3
Year=2001  Quarter=4
Year=2002  Quarter=1
Year=2002  Quarter=2
Year=2002  Quarter=3
Year=2002  Quarter=4
Year=2003  Quarter=1
Year=2003  Quarter=2
Year=2003  Quarter=3
Year=2003  Quarter=4
Year=2004  Quarter=1
Year=2004  Quarter=2
Year=2004  Quarter=3
Year=2004  Quarter=4
Year=2005  Quarter=1
Year=2005  Quarter=2
Year=2005  Quarter=3
Year=2005  Quarter=4
Year=2006  Quarter=1
Year=2006  Quarter=2
Year=2006  Quarter=3
Year=2006  Quarter=4
Year=2007  Quarter=1
Year=2007  Quarter=2
Year=2007  Quarter=3
Year=2007  Quarter=4
Year=2008  Quarter=1
Year=2008  Quarter=2
Year=2008  Quarter=3
Year=2008  Quarter=4
Year=2009  Quarter=1
Year=2009  Quarter=2
Year=2009  Quarter=3
Year=2009  Quarter=4
Year=2010  Quarter=1
variable V not found
Year=2010  Quarter=2
variable V not found
Year=2010  Quarter=3
variable V not found
Year=2010  Quarter=4
variable V not found
Year=2011  Quarter=1
variable V not found
Year=2011  Quarter=2
variable V not found
Year=2011  Quarter=3
variable V not found
Year=2011  Quarter=4
variable V not found
Year=2012  Quarter=1
variable V not found
Year=2012  Quarter=2
variable V not found
Year=2012  Quarter=3
variable V not found
Year=2012  Quarter=4
variable V not found
Year=2013  Quarter=1
variable V not found
Year=2013  Quarter=2
variable V not found
Year=2013  Quarter=3
variable V not found
Year=2013  Quarter=4
variable V not found
Year=2014  Quarter=1
variable V not found
Year=2014  Quarter=2
variable V not found
Year=2014  Quarter=3
variable V not found
Year=2014  Quarter=4
variable V not found
Year=2015  Quarter=1
variable V not found
Year=2015  Quarter=2
variable V not found
Year=2015  Quarter=3
variable V not found
Year=2015  Quarter=4
variable V not found

. 
. 
. ** Now append the files
. drop _all

. forvalues yr=1990/2015{
  2.         if (`yr'<2000){
  3.                 local t = `yr' - 1900
  4.         }
  5.         else{
  6.                 local t = `yr' - 2000
  7.         }
  8. 
.         global filename = "allhlcn`t'"
  9.         if (`yr'>=2000 & `yr'<=2009){
 10.                 global filename = "allhlcn0`t'"
 11.         }
 12. 
.         forvalues qtr = 1/4{
 13.                 disp as text "Year=" as result `yr' as text "  Quarter=" a
> s result `qtr'
 14.                 ** Read in the data
.                 append using ${filename}`qtr'_total
 15.                 erase ${filename}`qtr'_total.dta
 16.         }
 17. }
Year=1990  Quarter=1
Year=1990  Quarter=2
Year=1990  Quarter=3
Year=1990  Quarter=4
Year=1991  Quarter=1
Year=1991  Quarter=2
Year=1991  Quarter=3
Year=1991  Quarter=4
Year=1992  Quarter=1
Year=1992  Quarter=2
Year=1992  Quarter=3
Year=1992  Quarter=4
Year=1993  Quarter=1
Year=1993  Quarter=2
Year=1993  Quarter=3
Year=1993  Quarter=4
Year=1994  Quarter=1
Year=1994  Quarter=2
Year=1994  Quarter=3
Year=1994  Quarter=4
Year=1995  Quarter=1
Year=1995  Quarter=2
Year=1995  Quarter=3
Year=1995  Quarter=4
Year=1996  Quarter=1
Year=1996  Quarter=2
Year=1996  Quarter=3
Year=1996  Quarter=4
Year=1997  Quarter=1
Year=1997  Quarter=2
Year=1997  Quarter=3
Year=1997  Quarter=4
Year=1998  Quarter=1
Year=1998  Quarter=2
Year=1998  Quarter=3
Year=1998  Quarter=4
Year=1999  Quarter=1
Year=1999  Quarter=2
Year=1999  Quarter=3
Year=1999  Quarter=4
Year=2000  Quarter=1
Year=2000  Quarter=2
Year=2000  Quarter=3
Year=2000  Quarter=4
Year=2001  Quarter=1
Year=2001  Quarter=2
Year=2001  Quarter=3
Year=2001  Quarter=4
Year=2002  Quarter=1
Year=2002  Quarter=2
Year=2002  Quarter=3
Year=2002  Quarter=4
Year=2003  Quarter=1
Year=2003  Quarter=2
Year=2003  Quarter=3
Year=2003  Quarter=4
Year=2004  Quarter=1
Year=2004  Quarter=2
Year=2004  Quarter=3
Year=2004  Quarter=4
Year=2005  Quarter=1
Year=2005  Quarter=2
Year=2005  Quarter=3
Year=2005  Quarter=4
Year=2006  Quarter=1
Year=2006  Quarter=2
Year=2006  Quarter=3
Year=2006  Quarter=4
Year=2007  Quarter=1
Year=2007  Quarter=2
Year=2007  Quarter=3
Year=2007  Quarter=4
Year=2008  Quarter=1
Year=2008  Quarter=2
Year=2008  Quarter=3
Year=2008  Quarter=4
Year=2009  Quarter=1
Year=2009  Quarter=2
Year=2009  Quarter=3
Year=2009  Quarter=4
Year=2010  Quarter=1
Year=2010  Quarter=2
Year=2010  Quarter=3
Year=2010  Quarter=4
Year=2011  Quarter=1
Year=2011  Quarter=2
Year=2011  Quarter=3
Year=2011  Quarter=4
Year=2012  Quarter=1
Year=2012  Quarter=2
Year=2012  Quarter=3
Year=2012  Quarter=4
Year=2013  Quarter=1
Year=2013  Quarter=2
Year=2013  Quarter=3
Year=2013  Quarter=4
Year=2014  Quarter=1
Year=2014  Quarter=2
Year=2014  Quarter=3
Year=2014  Quarter=4
Year=2015  Quarter=1
Year=2015  Quarter=2
Year=2015  Quarter=3
Year=2015  Quarter=4

. drop sectorcode

. ren total_wage wage

. foreach var of varlist empm* wage wkly_wage nest{
  2.         ren `var' qcew_all_`var'
  3. }

. drop loc*

. save qcew_total, replace
(file qcew_total.dta not found)
file qcew_total.dta saved

. 
. 
. drop _all

. forvalues yr=1990/2015{
  2.         if (`yr'<2000){
  3.                 local t = `yr' - 1900
  4.         }
  5.         else{
  6.                 local t = `yr' - 2000
  7.         }
  8. 
.         global filename = "allhlcn`t'"
  9.         if (`yr'>=2000 & `yr'<=2009){
 10.                 global filename = "allhlcn0`t'"
 11.         }
 12. 
.         forvalues qtr = 1/4{
 13.                 disp as text "Year=" as result `yr' as text "  Quarter=" a
> s result `qtr'
 14.                 ** Read in the data
.                 append using ${filename}`qtr'_priv
 15.                 erase ${filename}`qtr'_priv.dta
 16.         }
 17. }
Year=1990  Quarter=1
Year=1990  Quarter=2
Year=1990  Quarter=3
Year=1990  Quarter=4
Year=1991  Quarter=1
Year=1991  Quarter=2
Year=1991  Quarter=3
Year=1991  Quarter=4
Year=1992  Quarter=1
Year=1992  Quarter=2
Year=1992  Quarter=3
Year=1992  Quarter=4
Year=1993  Quarter=1
Year=1993  Quarter=2
Year=1993  Quarter=3
Year=1993  Quarter=4
Year=1994  Quarter=1
Year=1994  Quarter=2
Year=1994  Quarter=3
Year=1994  Quarter=4
Year=1995  Quarter=1
Year=1995  Quarter=2
Year=1995  Quarter=3
Year=1995  Quarter=4
Year=1996  Quarter=1
Year=1996  Quarter=2
Year=1996  Quarter=3
Year=1996  Quarter=4
Year=1997  Quarter=1
Year=1997  Quarter=2
Year=1997  Quarter=3
Year=1997  Quarter=4
Year=1998  Quarter=1
Year=1998  Quarter=2
Year=1998  Quarter=3
Year=1998  Quarter=4
Year=1999  Quarter=1
Year=1999  Quarter=2
Year=1999  Quarter=3
Year=1999  Quarter=4
Year=2000  Quarter=1
Year=2000  Quarter=2
Year=2000  Quarter=3
Year=2000  Quarter=4
Year=2001  Quarter=1
Year=2001  Quarter=2
Year=2001  Quarter=3
Year=2001  Quarter=4
Year=2002  Quarter=1
Year=2002  Quarter=2
Year=2002  Quarter=3
Year=2002  Quarter=4
Year=2003  Quarter=1
Year=2003  Quarter=2
Year=2003  Quarter=3
Year=2003  Quarter=4
Year=2004  Quarter=1
Year=2004  Quarter=2
Year=2004  Quarter=3
Year=2004  Quarter=4
Year=2005  Quarter=1
Year=2005  Quarter=2
Year=2005  Quarter=3
Year=2005  Quarter=4
Year=2006  Quarter=1
Year=2006  Quarter=2
Year=2006  Quarter=3
Year=2006  Quarter=4
Year=2007  Quarter=1
Year=2007  Quarter=2
Year=2007  Quarter=3
Year=2007  Quarter=4
Year=2008  Quarter=1
Year=2008  Quarter=2
Year=2008  Quarter=3
Year=2008  Quarter=4
Year=2009  Quarter=1
Year=2009  Quarter=2
Year=2009  Quarter=3
Year=2009  Quarter=4
Year=2010  Quarter=1
Year=2010  Quarter=2
Year=2010  Quarter=3
Year=2010  Quarter=4
Year=2011  Quarter=1
Year=2011  Quarter=2
Year=2011  Quarter=3
Year=2011  Quarter=4
Year=2012  Quarter=1
Year=2012  Quarter=2
Year=2012  Quarter=3
Year=2012  Quarter=4
Year=2013  Quarter=1
Year=2013  Quarter=2
Year=2013  Quarter=3
Year=2013  Quarter=4
Year=2014  Quarter=1
Year=2014  Quarter=2
Year=2014  Quarter=3
Year=2014  Quarter=4
Year=2015  Quarter=1
Year=2015  Quarter=2
Year=2015  Quarter=3
Year=2015  Quarter=4

. drop sectorcode

. ren total_wage wage

. foreach var of varlist empm* wage wkly_wage nest{
  2.         ren `var' qcew_priv_`var'
  3. }

. drop loc*

. save qcew_priv, replace
(file qcew_priv.dta not found)
file qcew_priv.dta saved

. 
. merge 1:1 fips year qtr using qcew_total

    Result                      Number of obs
    -----------------------------------------
    Not matched                           177
        from master                         0  (_merge==1)
        from using                        177  (_merge==2)

    Matched                           329,281  (_merge==3)
    -----------------------------------------

. drop if _merge~=3
(177 observations deleted)

. drop _merge

. 
. save qcew, replace
(file qcew.dta not found)
file qcew.dta saved

. 
end of do-file
/Users/mac/JPE-replications/JPE-Mitman-2016256/replication-package/replication-
> package/code

. * ---------------------------------------------------------------------------
. * 1b_QCEW_Historical_1975_1989.do  ->  QCEW_Historical_County_{total,private}
> .dta
. * Pre-1990 county QCEW monthly employment + weekly wages, total (own_code 0) 
> and
. * private (own_code 5), built from the annual BLS QCEW county CSVs for 1975-1
> 989.
. * (The allhlcn high-level Excel files used by 1_construct_qcew_2015 only cove
> r
. * 1990 onward; this supplies the 1975-1989 history that 2_MergeFullQCEW appen
> ds.)
. *
. * SOURCE (provided raw, QCEW/): `{yyyy}.q1-q4 10 Total, all industries.csv`
. *   (BLS QCEW county files, layout https://www.bls.gov/cew/about-data/downloa
> dable-file-layouts.htm;
. *   each file carries all ownership codes -- own_code 0 = total, 5 = private)
> .
. * OUTPUT: QCEW_Historical_County_total.dta + QCEW_Historical_County_private.d
> ta,
. *   keyed fipsnumeric year month (county-months 1975m1-1989m12).
. * ---------------------------------------------------------------------------
. clear all

. set matsize 11000
set matsize ignored.
    Matrix sizes are no longer limited by c(matsize) in modern Statas.
    Matrix sizes are now limited by edition of Stata.  See limits for more
    details.

. set maxvar 30000


. set more off

. do "config.do"

. * ===========================================================================
. * config.do  --  single path configuration for the replication archive.
. *
. * HOW TO RUN: from a Stata session whose working directory is `code/`, first
. *     do "config.do"
. * then run any pipeline script (also from `code/`), e.g. `do build/UIMacro_Bu
> ildData.do`.
. * Each pipeline script re-runs this file itself, so you can also run them dir
> ectly
. * from `code/`. EDIT THE ONE LINE below to this archive's location on your ma
> chine.
. * ===========================================================================
. 
. global root "/Users/mac/JPE-replications/JPE-Mitman-2016256/replication-packa
> ge/replication-package"          //  <-- EDIT: path to this archive

. 
. * --- derived locations (do not edit) ---
. global code          "${root}/code"

. global rawdata       "${root}/data/raw"

. global processed     "${root}/data/processed"

. global output        "${root}/output"

. global tables        "${output}/tables"

. global figures       "${output}/figures"

. global factor_csv    "${output}/factor_results"      // analysis/Matlab resul
> t CSVs (make_tables reads)

. global factor_inputs "${output}/factor_inputs"       // per-pair QBLS handoff
>  (regenerated by exporters)

. global synthetic     "${root}/synthetic-data"

. 
. * --- analysis convenience: cd "${maindirectory}"; use "${CurrentData}" / "${
> DataControls}.dta" ---
. global maindirectory "${processed}/"

. global CurrentData   "UIMacro_RevisionData.dta"

. global DataControls  "UIMacro_DataControls"

. global Wages         "ProcessedWages.dta"

. global outdirectory  "${factor_inputs}/"             // exporters write QBLS 
> here

. global latexdir      "${factor_csv}/"                // analysis/Matlab resul
> t CSVs (make_tables reads)

. 
. * --- vacancy data switch ---------------------------------------------------
. * vacfile/statefile are the two PROVIDED synthetic stand-ins for the propriet
> ary HWOL
. * inputs (synthetic-data/; the confidential HWOL data are NOT in this archive
> ). To reproduce the PUBLISHED (HWOL)
. * vacancy numbers, the Data Editor replaces these two files with the licensed
>  Conference
. * Board HWOL data and re-runs. See code/build/SYNTHETIC_VACANCY_PATH.md.
. global vacfile      "${synthetic}/new_vac_synthetic.dta"

. global statefile    "${synthetic}/StateMonthlyBorderData_synthetic.dta"

. * ImputedDataBorder is a BUILT intermediate, NOT shipped: the replicator gene
> rates it by
. * running the imputation (analysis/Impute_Input.do -> matlab/Run_Impute_Borde
> r.m ->
. * analysis/Impute_to_Stata.do) on ${vacfile}; it lands in data/processed/ (sy
> nthetic by
. * default, the real version if the Data Editor swaps in HWOL).
. global ImputedFile  "${processed}/ImputedDataBorder.dta"

. 
. * --- figure styling: the published figures were drawn under the classic
. * s2color scheme; Stata 18+ defaults to stcolor, which changes gridlines,
. * markers, and legend styling. Pin the scheme so regenerated figures match.
. cap set scheme s2color

. 
. * ensure the built-output folders exist (the archive ships them empty / absen
> t)
. cap mkdir "${processed}"

. cap mkdir "${output}"

. cap mkdir "${tables}"

. cap mkdir "${figures}"

. cap mkdir "${factor_csv}"

. cap mkdir "${factor_inputs}"

. 
. local ssc_packages "reghdfe binscatter regife outreg2 ftools coefplot tuples 
> hdfe mat2txt ivreg2 ranktest"

. if !missing("`ssc_packages'") { 
.         foreach pkg in `ssc_packages' {
  2.                 capture which `pkg' 
  3.                 if _rc == 111 {
  4.                         dis "Installing `pkg'"
  5.                         ssc install `pkg', replace
  6.                         }
  7.                 which `pkg' 
  8.                 }
/Users/mac/Library/Application Support/Stata/ado/plus/r/reghdfe.ado
*! version 6.13.1 10Jan2026
/Users/mac/Library/Application Support/Stata/ado/plus/b/binscatter.ado
*! version 7.02  24nov2013  Michael Stepner, stepner@mit.edu
/Users/mac/Library/Application Support/Stata/ado/plus/r/regife.ado
/Users/mac/Library/Application Support/Stata/ado/plus/o/outreg2.ado
*! outreg2 2.3.2  17aug2014 by roywada@hotmail.com
*! based on outreg 3.0.6/4.0.0 by john_gallup@alum.swarthmore.edu
/Users/mac/Library/Application Support/Stata/ado/plus/f/ftools.ado
*! version 2.50.0 09jan2026
/Users/mac/Library/Application Support/Stata/ado/plus/c/coefplot.ado
*! version 1.8.6  22feb2023  Ben Jann
/Users/mac/Library/Application Support/Stata/ado/plus/t/tuples.ado
*! version 4.3.0  25sep2025
/Users/mac/Library/Application Support/Stata/ado/plus/h/hdfe.ado
*! reghdfe 3.2.9 21feb2016
*! Sergio Correia (sergio.correia@duke.edu)
/Users/mac/Library/Application Support/Stata/ado/plus/m/mat2txt.ado
*! 1.1.2 Ben Jann 24 Nov 2004
*! 1.1.1 M Blasnik 18 Feb 2004
/Users/mac/Library/Application Support/Stata/ado/plus/i/ivreg2.ado
*! ivreg2 4.1.12  14aug2024
*! authors cfb & mes
*! see end of file for version comments
/Users/mac/Library/Application Support/Stata/ado/plus/r/ranktest.ado
*! ranktest 2.0.04  21sept2020
*! authors mes & fw; KP stat based on code by fk
*! see end of file for version comments
. }

. 
end of do-file

. local RAW "${rawdata}/QCEW"

. cap mkdir "${rawdata}/QCEW/Output"

. 
. foreach s in total private {
  2.     if "`s'"=="private" local own = 5
  3.     else                local own = 0
  4. 
.     forvalues yr=1975/1989 {
  5.         disp as text "QCEW historical `s' year=" as result `yr'
  6.         clear
  7.         insheet using "`RAW'/`yr'.q1-q4 10 Total, all industries.csv", com
> ma
  8. 
.         keep if agglvl_code == 70 | agglvl_code==71      // county
  9.         keep if size_code==0
 10.         keep if own_code==`own'                          // 0 total / 5 pr
> ivate
 11. 
.         destring area_fips, replace
 12.         gen fipsnumeric=area_fips
 13.         drop if fipsnumeric > 56000
 14. 
.         forvalues x=1/3 {
 15.             gen emp`x'=month`x'_emplvl
 16.         }
 17.         rename qtr quarter
 18.         keep fipsnumeric year quarter emp* total_qtrly_wages avg_wkly_wage
 19.         reshape long emp, i(fipsnumeric quarter) j(month)
 20.         replace month=(quarter-1)*3+month
 21. 
.         save "${rawdata}/QCEW/Output/QCEW_County_`yr'_`s'", replace
 22.     }
 23. 
.     drop _all
 24.     forvalues yr=1975/1989 {
 25.         append using "${rawdata}/QCEW/Output/QCEW_County_`yr'_`s'"
 26.         erase "${rawdata}/QCEW/Output/QCEW_County_`yr'_`s'.dta"
 27.     }
 28.     save "${rawdata}/QCEW_Historical_County_`s'", replace
 29. }
QCEW historical total year=1975
(30 vars, 53,848 obs)
(5,189 observations deleted)
(0 observations deleted)
(35,911 observations deleted)
area_fips: all characters numeric; replaced as long
(96 observations deleted)
(j = 1 2 3)

Data                               Wide   ->   Long
-----------------------------------------------------------------------------
Number of observations           12,652   ->   37,956      
Number of variables                   8   ->   7           
j variable (3 values)                     ->   month
xij variables:
                         emp1 emp2 emp3   ->   emp
-----------------------------------------------------------------------------
(28,467 real changes made)
(file
    /Users/mac/JPE-replications/JPE-Mitman-2016256/replication-package/replic
    > ation-package/data/raw/QCEW/Output/QCEW_County_1975_total.dta not
    found)
file
    /Users/mac/JPE-replications/JPE-Mitman-2016256/replication-package/replic
    > ation-package/data/raw/QCEW/Output/QCEW_County_1975_total.dta saved
QCEW historical total year=1976
(30 vars, 55,910 obs)
(5,377 observations deleted)
(0 observations deleted)
(37,765 observations deleted)
area_fips: all characters numeric; replaced as long
(96 observations deleted)
(j = 1 2 3)

Data                               Wide   ->   Long
-----------------------------------------------------------------------------
Number of observations           12,672   ->   38,016      
Number of variables                   8   ->   7           
j variable (3 values)                     ->   month
xij variables:
                         emp1 emp2 emp3   ->   emp
-----------------------------------------------------------------------------
(28,512 real changes made)
(file
    /Users/mac/JPE-replications/JPE-Mitman-2016256/replication-package/replic
    > ation-package/data/raw/QCEW/Output/QCEW_County_1976_total.dta not
    found)
file
    /Users/mac/JPE-replications/JPE-Mitman-2016256/replication-package/replic
    > ation-package/data/raw/QCEW/Output/QCEW_County_1976_total.dta saved
QCEW historical total year=1977
(30 vars, 55,421 obs)
(5,249 observations deleted)
(0 observations deleted)
(37,400 observations deleted)
area_fips: all characters numeric; replaced as long
(96 observations deleted)
(j = 1 2 3)

Data                               Wide   ->   Long
-----------------------------------------------------------------------------
Number of observations           12,676   ->   38,028      
Number of variables                   8   ->   7           
j variable (3 values)                     ->   month
xij variables:
                         emp1 emp2 emp3   ->   emp
-----------------------------------------------------------------------------
(28,521 real changes made)
(file
    /Users/mac/JPE-replications/JPE-Mitman-2016256/replication-package/replic
    > ation-package/data/raw/QCEW/Output/QCEW_County_1977_total.dta not
    found)
file
    /Users/mac/JPE-replications/JPE-Mitman-2016256/replication-package/replic
    > ation-package/data/raw/QCEW/Output/QCEW_County_1977_total.dta saved
QCEW historical total year=1978
(30 vars, 67,319 obs)
(6,004 observations deleted)
(0 observations deleted)
(48,535 observations deleted)
area_fips: all characters numeric; replaced as long
(96 observations deleted)
(j = 1 2 3)

Data                               Wide   ->   Long
-----------------------------------------------------------------------------
Number of observations           12,684   ->   38,052      
Number of variables                   8   ->   7           
j variable (3 values)                     ->   month
xij variables:
                         emp1 emp2 emp3   ->   emp
-----------------------------------------------------------------------------
(28,539 real changes made)
(file
    /Users/mac/JPE-replications/JPE-Mitman-2016256/replication-package/replic
    > ation-package/data/raw/QCEW/Output/QCEW_County_1978_total.dta not
    found)
file
    /Users/mac/JPE-replications/JPE-Mitman-2016256/replication-package/replic
    > ation-package/data/raw/QCEW/Output/QCEW_County_1978_total.dta saved
QCEW historical total year=1979
(30 vars, 68,564 obs)
(6,060 observations deleted)
(0 observations deleted)
(49,708 observations deleted)
area_fips: all characters numeric; replaced as long
(92 observations deleted)
(j = 1 2 3)

Data                               Wide   ->   Long
-----------------------------------------------------------------------------
Number of observations           12,704   ->   38,112      
Number of variables                   8   ->   7           
j variable (3 values)                     ->   month
xij variables:
                         emp1 emp2 emp3   ->   emp
-----------------------------------------------------------------------------
(28,584 real changes made)
(file
    /Users/mac/JPE-replications/JPE-Mitman-2016256/replication-package/replic
    > ation-package/data/raw/QCEW/Output/QCEW_County_1979_total.dta not
    found)
file
    /Users/mac/JPE-replications/JPE-Mitman-2016256/replication-package/replic
    > ation-package/data/raw/QCEW/Output/QCEW_County_1979_total.dta saved
QCEW historical total year=1980
(30 vars, 68,539 obs)
(6,068 observations deleted)
(0 observations deleted)
(49,659 observations deleted)
area_fips: all characters numeric; replaced as long
(92 observations deleted)
(j = 1 2 3)

Data                               Wide   ->   Long
-----------------------------------------------------------------------------
Number of observations           12,720   ->   38,160      
Number of variables                   8   ->   7           
j variable (3 values)                     ->   month
xij variables:
                         emp1 emp2 emp3   ->   emp
-----------------------------------------------------------------------------
(28,620 real changes made)
(file
    /Users/mac/JPE-replications/JPE-Mitman-2016256/replication-package/replic
    > ation-package/data/raw/QCEW/Output/QCEW_County_1980_total.dta not
    found)
file
    /Users/mac/JPE-replications/JPE-Mitman-2016256/replication-package/replic
    > ation-package/data/raw/QCEW/Output/QCEW_County_1980_total.dta saved
QCEW historical total year=1981
(30 vars, 68,749 obs)
(6,088 observations deleted)
(0 observations deleted)
(49,821 observations deleted)
area_fips: all characters numeric; replaced as long
(92 observations deleted)
(j = 1 2 3)

Data                               Wide   ->   Long
-----------------------------------------------------------------------------
Number of observations           12,748   ->   38,244      
Number of variables                   8   ->   7           
j variable (3 values)                     ->   month
xij variables:
                         emp1 emp2 emp3   ->   emp
-----------------------------------------------------------------------------
(28,683 real changes made)
(file
    /Users/mac/JPE-replications/JPE-Mitman-2016256/replication-package/replic
    > ation-package/data/raw/QCEW/Output/QCEW_County_1981_total.dta not
    found)
file
    /Users/mac/JPE-replications/JPE-Mitman-2016256/replication-package/replic
    > ation-package/data/raw/QCEW/Output/QCEW_County_1981_total.dta saved
QCEW historical total year=1982
(30 vars, 68,800 obs)
(6,124 observations deleted)
(0 observations deleted)
(49,836 observations deleted)
area_fips: all characters numeric; replaced as long
(100 observations deleted)
(j = 1 2 3)

Data                               Wide   ->   Long
-----------------------------------------------------------------------------
Number of observations           12,740   ->   38,220      
Number of variables                   8   ->   7           
j variable (3 values)                     ->   month
xij variables:
                         emp1 emp2 emp3   ->   emp
-----------------------------------------------------------------------------
(28,665 real changes made)
(file
    /Users/mac/JPE-replications/JPE-Mitman-2016256/replication-package/replic
    > ation-package/data/raw/QCEW/Output/QCEW_County_1982_total.dta not
    found)
file
    /Users/mac/JPE-replications/JPE-Mitman-2016256/replication-package/replic
    > ation-package/data/raw/QCEW/Output/QCEW_County_1982_total.dta saved
QCEW historical total year=1983
(30 vars, 68,770 obs)
(6,112 observations deleted)
(0 observations deleted)
(49,806 observations deleted)
area_fips: all characters numeric; replaced as long
(100 observations deleted)
(j = 1 2 3)

Data                               Wide   ->   Long
-----------------------------------------------------------------------------
Number of observations           12,752   ->   38,256      
Number of variables                   8   ->   7           
j variable (3 values)                     ->   month
xij variables:
                         emp1 emp2 emp3   ->   emp
-----------------------------------------------------------------------------
(28,692 real changes made)
(file
    /Users/mac/JPE-replications/JPE-Mitman-2016256/replication-package/replic
    > ation-package/data/raw/QCEW/Output/QCEW_County_1983_total.dta not
    found)
file
    /Users/mac/JPE-replications/JPE-Mitman-2016256/replication-package/replic
    > ation-package/data/raw/QCEW/Output/QCEW_County_1983_total.dta saved
QCEW historical total year=1984
(30 vars, 68,881 obs)
(6,104 observations deleted)
(0 observations deleted)
(49,915 observations deleted)
area_fips: all characters numeric; replaced as long
(92 observations deleted)
(j = 1 2 3)

Data                               Wide   ->   Long
-----------------------------------------------------------------------------
Number of observations           12,770   ->   38,310      
Number of variables                   8   ->   7           
j variable (3 values)                     ->   month
xij variables:
                         emp1 emp2 emp3   ->   emp
-----------------------------------------------------------------------------
(28,728 real changes made)
(file
    /Users/mac/JPE-replications/JPE-Mitman-2016256/replication-package/replic
    > ation-package/data/raw/QCEW/Output/QCEW_County_1984_total.dta not
    found)
file
    /Users/mac/JPE-replications/JPE-Mitman-2016256/replication-package/replic
    > ation-package/data/raw/QCEW/Output/QCEW_County_1984_total.dta saved
QCEW historical total year=1985
(30 vars, 68,882 obs)
(6,112 observations deleted)
(0 observations deleted)
(49,919 observations deleted)
area_fips: all characters numeric; replaced as long
(92 observations deleted)
(j = 1 2 3)

Data                               Wide   ->   Long
-----------------------------------------------------------------------------
Number of observations           12,759   ->   38,277      
Number of variables                   8   ->   7           
j variable (3 values)                     ->   month
xij variables:
                         emp1 emp2 emp3   ->   emp
-----------------------------------------------------------------------------
(28,707 real changes made)
(file
    /Users/mac/JPE-replications/JPE-Mitman-2016256/replication-package/replic
    > ation-package/data/raw/QCEW/Output/QCEW_County_1985_total.dta not
    found)
file
    /Users/mac/JPE-replications/JPE-Mitman-2016256/replication-package/replic
    > ation-package/data/raw/QCEW/Output/QCEW_County_1985_total.dta saved
QCEW historical total year=1986
(30 vars, 69,161 obs)
(6,116 observations deleted)
(0 observations deleted)
(50,192 observations deleted)
area_fips: all characters numeric; replaced as long
(92 observations deleted)
(j = 1 2 3)

Data                               Wide   ->   Long
-----------------------------------------------------------------------------
Number of observations           12,761   ->   38,283      
Number of variables                   8   ->   7           
j variable (3 values)                     ->   month
xij variables:
                         emp1 emp2 emp3   ->   emp
-----------------------------------------------------------------------------
(28,710 real changes made)
(file
    /Users/mac/JPE-replications/JPE-Mitman-2016256/replication-package/replic
    > ation-package/data/raw/QCEW/Output/QCEW_County_1986_total.dta not
    found)
file
    /Users/mac/JPE-replications/JPE-Mitman-2016256/replication-package/replic
    > ation-package/data/raw/QCEW/Output/QCEW_County_1986_total.dta saved
QCEW historical total year=1987
(30 vars, 69,204 obs)
(6,124 observations deleted)
(0 observations deleted)
(50,232 observations deleted)
area_fips: all characters numeric; replaced as long
(92 observations deleted)
(j = 1 2 3)

Data                               Wide   ->   Long
-----------------------------------------------------------------------------
Number of observations           12,756   ->   38,268      
Number of variables                   8   ->   7           
j variable (3 values)                     ->   month
xij variables:
                         emp1 emp2 emp3   ->   emp
-----------------------------------------------------------------------------
(28,701 real changes made)
(file
    /Users/mac/JPE-replications/JPE-Mitman-2016256/replication-package/replic
    > ation-package/data/raw/QCEW/Output/QCEW_County_1987_total.dta not
    found)
file
    /Users/mac/JPE-replications/JPE-Mitman-2016256/replication-package/replic
    > ation-package/data/raw/QCEW/Output/QCEW_County_1987_total.dta saved
QCEW historical total year=1988
(30 vars, 69,316 obs)
(6,124 observations deleted)
(0 observations deleted)
(50,344 observations deleted)
area_fips: all characters numeric; replaced as long
(92 observations deleted)
(j = 1 2 3)

Data                               Wide   ->   Long
-----------------------------------------------------------------------------
Number of observations           12,756   ->   38,268      
Number of variables                   8   ->   7           
j variable (3 values)                     ->   month
xij variables:
                         emp1 emp2 emp3   ->   emp
-----------------------------------------------------------------------------
(28,701 real changes made)
(file
    /Users/mac/JPE-replications/JPE-Mitman-2016256/replication-package/replic
    > ation-package/data/raw/QCEW/Output/QCEW_County_1988_total.dta not
    found)
file
    /Users/mac/JPE-replications/JPE-Mitman-2016256/replication-package/replic
    > ation-package/data/raw/QCEW/Output/QCEW_County_1988_total.dta saved
QCEW historical total year=1989
(30 vars, 69,455 obs)
(6,180 observations deleted)
(0 observations deleted)
(50,403 observations deleted)
area_fips: all characters numeric; replaced as long
(104 observations deleted)
(j = 1 2 3)

Data                               Wide   ->   Long
-----------------------------------------------------------------------------
Number of observations           12,768   ->   38,304      
Number of variables                   8   ->   7           
j variable (3 values)                     ->   month
xij variables:
                         emp1 emp2 emp3   ->   emp
-----------------------------------------------------------------------------
(28,728 real changes made)
(file
    /Users/mac/JPE-replications/JPE-Mitman-2016256/replication-package/replic
    > ation-package/data/raw/QCEW/Output/QCEW_County_1989_total.dta not
    found)
file
    /Users/mac/JPE-replications/JPE-Mitman-2016256/replication-package/replic
    > ation-package/data/raw/QCEW/Output/QCEW_County_1989_total.dta saved
(file
    /Users/mac/JPE-replications/JPE-Mitman-2016256/replication-package/replic
    > ation-package/data/raw/QCEW_Historical_County_total.dta not found)
file
    /Users/mac/JPE-replications/JPE-Mitman-2016256/replication-package/replic
    > ation-package/data/raw/QCEW_Historical_County_total.dta saved
QCEW historical private year=1975
(30 vars, 53,848 obs)
(5,189 observations deleted)
(0 observations deleted)
(35,911 observations deleted)
area_fips: all characters numeric; replaced as long
(96 observations deleted)
(j = 1 2 3)

Data                               Wide   ->   Long
-----------------------------------------------------------------------------
Number of observations           12,652   ->   37,956      
Number of variables                   8   ->   7           
j variable (3 values)                     ->   month
xij variables:
                         emp1 emp2 emp3   ->   emp
-----------------------------------------------------------------------------
(28,467 real changes made)
(file
    /Users/mac/JPE-replications/JPE-Mitman-2016256/replication-package/replic
    > ation-package/data/raw/QCEW/Output/QCEW_County_1975_private.dta not
    found)
file
    /Users/mac/JPE-replications/JPE-Mitman-2016256/replication-package/replic
    > ation-package/data/raw/QCEW/Output/QCEW_County_1975_private.dta saved
QCEW historical private year=1976
(30 vars, 55,910 obs)
(5,377 observations deleted)
(0 observations deleted)
(37,769 observations deleted)
area_fips: all characters numeric; replaced as long
(96 observations deleted)
(j = 1 2 3)

Data                               Wide   ->   Long
-----------------------------------------------------------------------------
Number of observations           12,668   ->   38,004      
Number of variables                   8   ->   7           
j variable (3 values)                     ->   month
xij variables:
                         emp1 emp2 emp3   ->   emp
-----------------------------------------------------------------------------
(28,503 real changes made)
(file
    /Users/mac/JPE-replications/JPE-Mitman-2016256/replication-package/replic
    > ation-package/data/raw/QCEW/Output/QCEW_County_1976_private.dta not
    found)
file
    /Users/mac/JPE-replications/JPE-Mitman-2016256/replication-package/replic
    > ation-package/data/raw/QCEW/Output/QCEW_County_1976_private.dta saved
QCEW historical private year=1977
(30 vars, 55,421 obs)
(5,249 observations deleted)
(0 observations deleted)
(37,404 observations deleted)
area_fips: all characters numeric; replaced as long
(96 observations deleted)
(j = 1 2 3)

Data                               Wide   ->   Long
-----------------------------------------------------------------------------
Number of observations           12,672   ->   38,016      
Number of variables                   8   ->   7           
j variable (3 values)                     ->   month
xij variables:
                         emp1 emp2 emp3   ->   emp
-----------------------------------------------------------------------------
(28,512 real changes made)
(file
    /Users/mac/JPE-replications/JPE-Mitman-2016256/replication-package/replic
    > ation-package/data/raw/QCEW/Output/QCEW_County_1977_private.dta not
    found)
file
    /Users/mac/JPE-replications/JPE-Mitman-2016256/replication-package/replic
    > ation-package/data/raw/QCEW/Output/QCEW_County_1977_private.dta saved
QCEW historical private year=1978
(30 vars, 67,319 obs)
(6,004 observations deleted)
(0 observations deleted)
(48,539 observations deleted)
area_fips: all characters numeric; replaced as long
(96 observations deleted)
(j = 1 2 3)

Data                               Wide   ->   Long
-----------------------------------------------------------------------------
Number of observations           12,680   ->   38,040      
Number of variables                   8   ->   7           
j variable (3 values)                     ->   month
xij variables:
                         emp1 emp2 emp3   ->   emp
-----------------------------------------------------------------------------
(28,530 real changes made)
(file
    /Users/mac/JPE-replications/JPE-Mitman-2016256/replication-package/replic
    > ation-package/data/raw/QCEW/Output/QCEW_County_1978_private.dta not
    found)
file
    /Users/mac/JPE-replications/JPE-Mitman-2016256/replication-package/replic
    > ation-package/data/raw/QCEW/Output/QCEW_County_1978_private.dta saved
QCEW historical private year=1979
(30 vars, 68,564 obs)
(6,060 observations deleted)
(0 observations deleted)
(49,708 observations deleted)
area_fips: all characters numeric; replaced as long
(92 observations deleted)
(j = 1 2 3)

Data                               Wide   ->   Long
-----------------------------------------------------------------------------
Number of observations           12,704   ->   38,112      
Number of variables                   8   ->   7           
j variable (3 values)                     ->   month
xij variables:
                         emp1 emp2 emp3   ->   emp
-----------------------------------------------------------------------------
(28,584 real changes made)
(file
    /Users/mac/JPE-replications/JPE-Mitman-2016256/replication-package/replic
    > ation-package/data/raw/QCEW/Output/QCEW_County_1979_private.dta not
    found)
file
    /Users/mac/JPE-replications/JPE-Mitman-2016256/replication-package/replic
    > ation-package/data/raw/QCEW/Output/QCEW_County_1979_private.dta saved
QCEW historical private year=1980
(30 vars, 68,539 obs)
(6,068 observations deleted)
(0 observations deleted)
(49,659 observations deleted)
area_fips: all characters numeric; replaced as long
(92 observations deleted)
(j = 1 2 3)

Data                               Wide   ->   Long
-----------------------------------------------------------------------------
Number of observations           12,720   ->   38,160      
Number of variables                   8   ->   7           
j variable (3 values)                     ->   month
xij variables:
                         emp1 emp2 emp3   ->   emp
-----------------------------------------------------------------------------
(28,620 real changes made)
(file
    /Users/mac/JPE-replications/JPE-Mitman-2016256/replication-package/replic
    > ation-package/data/raw/QCEW/Output/QCEW_County_1980_private.dta not
    found)
file
    /Users/mac/JPE-replications/JPE-Mitman-2016256/replication-package/replic
    > ation-package/data/raw/QCEW/Output/QCEW_County_1980_private.dta saved
QCEW historical private year=1981
(30 vars, 68,749 obs)
(6,088 observations deleted)
(0 observations deleted)
(49,825 observations deleted)
area_fips: all characters numeric; replaced as long
(92 observations deleted)
(j = 1 2 3)

Data                               Wide   ->   Long
-----------------------------------------------------------------------------
Number of observations           12,744   ->   38,232      
Number of variables                   8   ->   7           
j variable (3 values)                     ->   month
xij variables:
                         emp1 emp2 emp3   ->   emp
-----------------------------------------------------------------------------
(28,674 real changes made)
(file
    /Users/mac/JPE-replications/JPE-Mitman-2016256/replication-package/replic
    > ation-package/data/raw/QCEW/Output/QCEW_County_1981_private.dta not
    found)
file
    /Users/mac/JPE-replications/JPE-Mitman-2016256/replication-package/replic
    > ation-package/data/raw/QCEW/Output/QCEW_County_1981_private.dta saved
QCEW historical private year=1982
(30 vars, 68,800 obs)
(6,124 observations deleted)
(0 observations deleted)
(49,840 observations deleted)
area_fips: all characters numeric; replaced as long
(100 observations deleted)
(j = 1 2 3)

Data                               Wide   ->   Long
-----------------------------------------------------------------------------
Number of observations           12,736   ->   38,208      
Number of variables                   8   ->   7           
j variable (3 values)                     ->   month
xij variables:
                         emp1 emp2 emp3   ->   emp
-----------------------------------------------------------------------------
(28,656 real changes made)
(file
    /Users/mac/JPE-replications/JPE-Mitman-2016256/replication-package/replic
    > ation-package/data/raw/QCEW/Output/QCEW_County_1982_private.dta not
    found)
file
    /Users/mac/JPE-replications/JPE-Mitman-2016256/replication-package/replic
    > ation-package/data/raw/QCEW/Output/QCEW_County_1982_private.dta saved
QCEW historical private year=1983
(30 vars, 68,770 obs)
(6,112 observations deleted)
(0 observations deleted)
(49,810 observations deleted)
area_fips: all characters numeric; replaced as long
(96 observations deleted)
(j = 1 2 3)

Data                               Wide   ->   Long
-----------------------------------------------------------------------------
Number of observations           12,752   ->   38,256      
Number of variables                   8   ->   7           
j variable (3 values)                     ->   month
xij variables:
                         emp1 emp2 emp3   ->   emp
-----------------------------------------------------------------------------
(28,692 real changes made)
(file
    /Users/mac/JPE-replications/JPE-Mitman-2016256/replication-package/replic
    > ation-package/data/raw/QCEW/Output/QCEW_County_1983_private.dta not
    found)
file
    /Users/mac/JPE-replications/JPE-Mitman-2016256/replication-package/replic
    > ation-package/data/raw/QCEW/Output/QCEW_County_1983_private.dta saved
QCEW historical private year=1984
(30 vars, 68,881 obs)
(6,104 observations deleted)
(0 observations deleted)
(49,923 observations deleted)
area_fips: all characters numeric; replaced as long
(92 observations deleted)
(j = 1 2 3)

Data                               Wide   ->   Long
-----------------------------------------------------------------------------
Number of observations           12,762   ->   38,286      
Number of variables                   8   ->   7           
j variable (3 values)                     ->   month
xij variables:
                         emp1 emp2 emp3   ->   emp
-----------------------------------------------------------------------------
(28,710 real changes made)
(file
    /Users/mac/JPE-replications/JPE-Mitman-2016256/replication-package/replic
    > ation-package/data/raw/QCEW/Output/QCEW_County_1984_private.dta not
    found)
file
    /Users/mac/JPE-replications/JPE-Mitman-2016256/replication-package/replic
    > ation-package/data/raw/QCEW/Output/QCEW_County_1984_private.dta saved
QCEW historical private year=1985
(30 vars, 68,882 obs)
(6,112 observations deleted)
(0 observations deleted)
(49,919 observations deleted)
area_fips: all characters numeric; replaced as long
(92 observations deleted)
(j = 1 2 3)

Data                               Wide   ->   Long
-----------------------------------------------------------------------------
Number of observations           12,759   ->   38,277      
Number of variables                   8   ->   7           
j variable (3 values)                     ->   month
xij variables:
                         emp1 emp2 emp3   ->   emp
-----------------------------------------------------------------------------
(28,707 real changes made)
(file
    /Users/mac/JPE-replications/JPE-Mitman-2016256/replication-package/replic
    > ation-package/data/raw/QCEW/Output/QCEW_County_1985_private.dta not
    found)
file
    /Users/mac/JPE-replications/JPE-Mitman-2016256/replication-package/replic
    > ation-package/data/raw/QCEW/Output/QCEW_County_1985_private.dta saved
QCEW historical private year=1986
(30 vars, 69,161 obs)
(6,116 observations deleted)
(0 observations deleted)
(50,192 observations deleted)
area_fips: all characters numeric; replaced as long
(92 observations deleted)
(j = 1 2 3)

Data                               Wide   ->   Long
-----------------------------------------------------------------------------
Number of observations           12,761   ->   38,283      
Number of variables                   8   ->   7           
j variable (3 values)                     ->   month
xij variables:
                         emp1 emp2 emp3   ->   emp
-----------------------------------------------------------------------------
(28,710 real changes made)
(file
    /Users/mac/JPE-replications/JPE-Mitman-2016256/replication-package/replic
    > ation-package/data/raw/QCEW/Output/QCEW_County_1986_private.dta not
    found)
file
    /Users/mac/JPE-replications/JPE-Mitman-2016256/replication-package/replic
    > ation-package/data/raw/QCEW/Output/QCEW_County_1986_private.dta saved
QCEW historical private year=1987
(30 vars, 69,204 obs)
(6,124 observations deleted)
(0 observations deleted)
(50,236 observations deleted)
area_fips: all characters numeric; replaced as long
(92 observations deleted)
(j = 1 2 3)

Data                               Wide   ->   Long
-----------------------------------------------------------------------------
Number of observations           12,752   ->   38,256      
Number of variables                   8   ->   7           
j variable (3 values)                     ->   month
xij variables:
                         emp1 emp2 emp3   ->   emp
-----------------------------------------------------------------------------
(28,692 real changes made)
(file
    /Users/mac/JPE-replications/JPE-Mitman-2016256/replication-package/replic
    > ation-package/data/raw/QCEW/Output/QCEW_County_1987_private.dta not
    found)
file
    /Users/mac/JPE-replications/JPE-Mitman-2016256/replication-package/replic
    > ation-package/data/raw/QCEW/Output/QCEW_County_1987_private.dta saved
QCEW historical private year=1988
(30 vars, 69,316 obs)
(6,124 observations deleted)
(0 observations deleted)
(50,348 observations deleted)
area_fips: all characters numeric; replaced as long
(92 observations deleted)
(j = 1 2 3)

Data                               Wide   ->   Long
-----------------------------------------------------------------------------
Number of observations           12,752   ->   38,256      
Number of variables                   8   ->   7           
j variable (3 values)                     ->   month
xij variables:
                         emp1 emp2 emp3   ->   emp
-----------------------------------------------------------------------------
(28,692 real changes made)
(file
    /Users/mac/JPE-replications/JPE-Mitman-2016256/replication-package/replic
    > ation-package/data/raw/QCEW/Output/QCEW_County_1988_private.dta not
    found)
file
    /Users/mac/JPE-replications/JPE-Mitman-2016256/replication-package/replic
    > ation-package/data/raw/QCEW/Output/QCEW_County_1988_private.dta saved
QCEW historical private year=1989
(30 vars, 69,455 obs)
(6,180 observations deleted)
(0 observations deleted)
(50,407 observations deleted)
area_fips: all characters numeric; replaced as long
(104 observations deleted)
(j = 1 2 3)

Data                               Wide   ->   Long
-----------------------------------------------------------------------------
Number of observations           12,764   ->   38,292      
Number of variables                   8   ->   7           
j variable (3 values)                     ->   month
xij variables:
                         emp1 emp2 emp3   ->   emp
-----------------------------------------------------------------------------
(28,719 real changes made)
(file
    /Users/mac/JPE-replications/JPE-Mitman-2016256/replication-package/replic
    > ation-package/data/raw/QCEW/Output/QCEW_County_1989_private.dta not
    found)
file
    /Users/mac/JPE-replications/JPE-Mitman-2016256/replication-package/replic
    > ation-package/data/raw/QCEW/Output/QCEW_County_1989_private.dta saved
(file
    /Users/mac/JPE-replications/JPE-Mitman-2016256/replication-package/replic
    > ation-package/data/raw/QCEW_Historical_County_private.dta not found)
file
    /Users/mac/JPE-replications/JPE-Mitman-2016256/replication-package/replic
    > ation-package/data/raw/QCEW_Historical_County_private.dta saved

. 
end of do-file
/Users/mac/JPE-replications/JPE-Mitman-2016256/replication-package/replication-
> package/code

. * ---------------------------------------------------------------------------
. * 1c_QCEW_County_2014.do  ->  QCEW_County_2014_{total,private}.dta
. * 2014 county QCEW monthly employment + weekly wages (q1-q3 vintage), total a
> nd
. * private, that 3_MergeFullQCEW_2014_Q4 appends as the 2014 refresh.
. *
. * SOURCE (provided raw, QCEW/): `2014.q1-q3 10 Total, all industries.csv`
. *   (BLS QCEW county file; own_code 0 = total, 5 = private).
. * OUTPUT: QCEW_County_2014_total.dta + QCEW_County_2014_private.dta,
. *   keyed fipsnumeric year month.
. * ---------------------------------------------------------------------------
. clear all

. set matsize 11000
set matsize ignored.
    Matrix sizes are no longer limited by c(matsize) in modern Statas.
    Matrix sizes are now limited by edition of Stata.  See limits for more
    details.

. set maxvar 30000


. set more off

. do "config.do"

. * ===========================================================================
. * config.do  --  single path configuration for the replication archive.
. *
. * HOW TO RUN: from a Stata session whose working directory is `code/`, first
. *     do "config.do"
. * then run any pipeline script (also from `code/`), e.g. `do build/UIMacro_Bu
> ildData.do`.
. * Each pipeline script re-runs this file itself, so you can also run them dir
> ectly
. * from `code/`. EDIT THE ONE LINE below to this archive's location on your ma
> chine.
. * ===========================================================================
. 
. global root "/Users/mac/JPE-replications/JPE-Mitman-2016256/replication-packa
> ge/replication-package"          //  <-- EDIT: path to this archive

. 
. * --- derived locations (do not edit) ---
. global code          "${root}/code"

. global rawdata       "${root}/data/raw"

. global processed     "${root}/data/processed"

. global output        "${root}/output"

. global tables        "${output}/tables"

. global figures       "${output}/figures"

. global factor_csv    "${output}/factor_results"      // analysis/Matlab resul
> t CSVs (make_tables reads)

. global factor_inputs "${output}/factor_inputs"       // per-pair QBLS handoff
>  (regenerated by exporters)

. global synthetic     "${root}/synthetic-data"

. 
. * --- analysis convenience: cd "${maindirectory}"; use "${CurrentData}" / "${
> DataControls}.dta" ---
. global maindirectory "${processed}/"

. global CurrentData   "UIMacro_RevisionData.dta"

. global DataControls  "UIMacro_DataControls"

. global Wages         "ProcessedWages.dta"

. global outdirectory  "${factor_inputs}/"             // exporters write QBLS 
> here

. global latexdir      "${factor_csv}/"                // analysis/Matlab resul
> t CSVs (make_tables reads)

. 
. * --- vacancy data switch ---------------------------------------------------
. * vacfile/statefile are the two PROVIDED synthetic stand-ins for the propriet
> ary HWOL
. * inputs (synthetic-data/; the confidential HWOL data are NOT in this archive
> ). To reproduce the PUBLISHED (HWOL)
. * vacancy numbers, the Data Editor replaces these two files with the licensed
>  Conference
. * Board HWOL data and re-runs. See code/build/SYNTHETIC_VACANCY_PATH.md.
. global vacfile      "${synthetic}/new_vac_synthetic.dta"

. global statefile    "${synthetic}/StateMonthlyBorderData_synthetic.dta"

. * ImputedDataBorder is a BUILT intermediate, NOT shipped: the replicator gene
> rates it by
. * running the imputation (analysis/Impute_Input.do -> matlab/Run_Impute_Borde
> r.m ->
. * analysis/Impute_to_Stata.do) on ${vacfile}; it lands in data/processed/ (sy
> nthetic by
. * default, the real version if the Data Editor swaps in HWOL).
. global ImputedFile  "${processed}/ImputedDataBorder.dta"

. 
. * --- figure styling: the published figures were drawn under the classic
. * s2color scheme; Stata 18+ defaults to stcolor, which changes gridlines,
. * markers, and legend styling. Pin the scheme so regenerated figures match.
. cap set scheme s2color

. 
. * ensure the built-output folders exist (the archive ships them empty / absen
> t)
. cap mkdir "${processed}"

. cap mkdir "${output}"

. cap mkdir "${tables}"

. cap mkdir "${figures}"

. cap mkdir "${factor_csv}"

. cap mkdir "${factor_inputs}"

. 
. local ssc_packages "reghdfe binscatter regife outreg2 ftools coefplot tuples 
> hdfe mat2txt ivreg2 ranktest"

. if !missing("`ssc_packages'") { 
.         foreach pkg in `ssc_packages' {
  2.                 capture which `pkg' 
  3.                 if _rc == 111 {
  4.                         dis "Installing `pkg'"
  5.                         ssc install `pkg', replace
  6.                         }
  7.                 which `pkg' 
  8.                 }
/Users/mac/Library/Application Support/Stata/ado/plus/r/reghdfe.ado
*! version 6.13.1 10Jan2026
/Users/mac/Library/Application Support/Stata/ado/plus/b/binscatter.ado
*! version 7.02  24nov2013  Michael Stepner, stepner@mit.edu
/Users/mac/Library/Application Support/Stata/ado/plus/r/regife.ado
/Users/mac/Library/Application Support/Stata/ado/plus/o/outreg2.ado
*! outreg2 2.3.2  17aug2014 by roywada@hotmail.com
*! based on outreg 3.0.6/4.0.0 by john_gallup@alum.swarthmore.edu
/Users/mac/Library/Application Support/Stata/ado/plus/f/ftools.ado
*! version 2.50.0 09jan2026
/Users/mac/Library/Application Support/Stata/ado/plus/c/coefplot.ado
*! version 1.8.6  22feb2023  Ben Jann
/Users/mac/Library/Application Support/Stata/ado/plus/t/tuples.ado
*! version 4.3.0  25sep2025
/Users/mac/Library/Application Support/Stata/ado/plus/h/hdfe.ado
*! reghdfe 3.2.9 21feb2016
*! Sergio Correia (sergio.correia@duke.edu)
/Users/mac/Library/Application Support/Stata/ado/plus/m/mat2txt.ado
*! 1.1.2 Ben Jann 24 Nov 2004
*! 1.1.1 M Blasnik 18 Feb 2004
/Users/mac/Library/Application Support/Stata/ado/plus/i/ivreg2.ado
*! ivreg2 4.1.12  14aug2024
*! authors cfb & mes
*! see end of file for version comments
/Users/mac/Library/Application Support/Stata/ado/plus/r/ranktest.ado
*! ranktest 2.0.04  21sept2020
*! authors mes & fw; KP stat based on code by fk
*! see end of file for version comments
. }

. 
end of do-file

. local RAW "${rawdata}/QCEW"

. 
. foreach s in total private {
  2.     if "`s'"=="private" local own = 5
  3.     else                local own = 0
  4. 
.     clear
  5.     insheet using "`RAW'/2014.q1-q3 10 Total, all industries.csv", comma
  6. 
.     keep if agglvl_code == 70 | agglvl_code==71
  7.     keep if size_code==0
  8.     keep if own_code==`own'
  9. 
.     destring area_fips, replace
 10.     gen fipsnumeric=area_fips
 11.     drop if fipsnumeric > 56000
 12. 
.     forvalues x=1/3 {
 13.         gen emp`x'=month`x'_emplvl
 14.     }
 15.     rename qtr quarter
 16.     keep fipsnumeric year quarter emp* total_qtrly_wages avg_wkly_wage
 17.     reshape long emp, i(fipsnumeric quarter) j(month)
 18.     replace month=(quarter-1)*3+month
 19. 
.     save "${rawdata}/QCEW_County_2014_`s'", replace
 20. }
(30 vars, 57,726 obs)
(8,931 observations deleted)
(0 observations deleted)
(38,982 observations deleted)
area_fips: all characters numeric; replaced as long
(318 observations deleted)
(j = 1 2 3)

Data                               Wide   ->   Long
-----------------------------------------------------------------------------
Number of observations            9,495   ->   28,485      
Number of variables                   8   ->   7           
j variable (3 values)                     ->   month
xij variables:
                         emp1 emp2 emp3   ->   emp
-----------------------------------------------------------------------------
(18,990 real changes made)
(file
    /Users/mac/JPE-replications/JPE-Mitman-2016256/replication-package/replic
    > ation-package/data/raw/QCEW_County_2014_total.dta not found)
file
    /Users/mac/JPE-replications/JPE-Mitman-2016256/replication-package/replic
    > ation-package/data/raw/QCEW_County_2014_total.dta saved
(30 vars, 57,726 obs)
(8,931 observations deleted)
(0 observations deleted)
(38,982 observations deleted)
area_fips: all characters numeric; replaced as long
(318 observations deleted)
(j = 1 2 3)

Data                               Wide   ->   Long
-----------------------------------------------------------------------------
Number of observations            9,495   ->   28,485      
Number of variables                   8   ->   7           
j variable (3 values)                     ->   month
xij variables:
                         emp1 emp2 emp3   ->   emp
-----------------------------------------------------------------------------
(18,990 real changes made)
(file
    /Users/mac/JPE-replications/JPE-Mitman-2016256/replication-package/replic
    > ation-package/data/raw/QCEW_County_2014_private.dta not found)
file
    /Users/mac/JPE-replications/JPE-Mitman-2016256/replication-package/replic
    > ation-package/data/raw/QCEW_County_2014_private.dta saved

. 
end of do-file
/Users/mac/JPE-replications/JPE-Mitman-2016256/replication-package/replication-
> package/code

. clear all

. set mem 1g
set memory ignored.
    Memory no longer needs to be set in modern Statas; memory adjustments are
    performed on the fly automatically.

. set matsize 11000
set matsize ignored.
    Matrix sizes are no longer limited by c(matsize) in modern Statas.
    Matrix sizes are now limited by edition of Stata.  See limits for more
    details.

. set maxvar 30000


. set seed 5

. set more off, perm
(set more preference recorded)

. cap log close

. set logtype text

. 
. 
. global maindirectory "${rawdata}/"

. 
. global sep="/"

. 
. cap mkdir "${rawdata}/QCEW/Output"

. cd "${rawdata}/QCEW/Output"
/Users/mac/JPE-replications/JPE-Mitman-2016256/replication-package/replication-
> package/data/raw/QCEW/Output

. 
. use "${rawdata}/QCEW_Historical_County_total.dta"

. 
. rename emp qcew_emp_tot

. gen qcew_wage_tot=avg_wkly_wage

. drop avg_wkly_wage total_qtrly_wages

. sort fipsnumeric year month

. merge 1:1 fipsnumeric year month using "${rawdata}/QCEW_Historical_County_pri
> vate.dta"

    Result                      Number of obs
    -----------------------------------------
    Not matched                           120
        from master                       120  (_merge==1)
        from using                          0  (_merge==2)

    Matched                           572,634  (_merge==3)
    -----------------------------------------

. 
. rename emp qcew_emp

. gen qcew_wage=avg_wkly_wage
(120 missing values generated)

. drop avg_wkly_wage total_qtrly_wages

. 
. save vintageqcew.dta, replace
(file vintageqcew.dta not found)
file vintageqcew.dta saved

. 
. clear

. 
. use "${rawdata}/QCEW/Output/qcew.dta", clear

. 
.         forvalues x=1/3{
  2.                 gen qcew_emp`x'=qcew_priv_empm`x'
  3.                 gen qcew_emp_tot`x'=qcew_all_empm`x'
  4. 
.         }

. 
.         rename qtr quarter

.         rename fips fipsnumeric

.         rename qcew_all_wkly_wage qcew_wage_tot

.         rename qcew_priv_wkly_wage qcew_wage

.         keep fipsnumeric year quarter qcew_emp* qcew_wage*

.         reshape long qcew_emp qcew_emp_tot, i(fipsnumeric year quarter) j(mon
> th)
(j = 1 2 3)

Data                               Wide   ->   Long
-----------------------------------------------------------------------------
Number of observations          329,281   ->   987,843     
Number of variables                  11   ->   8           
j variable (3 values)                     ->   month
xij variables:
          qcew_emp1 qcew_emp2 qcew_emp3   ->   qcew_emp
qcew_emp_tot1 qcew_emp_tot2 qcew_emp_tot3 ->   qcew_emp_tot
-----------------------------------------------------------------------------

.         replace month=(quarter-1)*3+month
(740,883 real changes made)

. 
. 
. append using vintageqcew.dta
(variable fipsnumeric was long, now double to accommodate using data's
       values)
(variable qcew_wage_tot was int, now float to accommodate using data's
       values)
(variable qcew_wage was int, now float to accommodate using data's values)

. 
. drop _merge

. * 2014 comes from the refresh files appended in step 3; the shipped panel spa
> ns
. * 1975-2014 with one row per county-month, so the 2014-2015 rows built from t
> he
. * allhlcn raws are dropped here
. drop if year>=2014
(76,539 observations deleted)

. 
. save QCEWAllYears, replace
(file QCEWAllYears.dta not found)
file QCEWAllYears.dta saved

. 
end of do-file
/Users/mac/JPE-replications/JPE-Mitman-2016256/replication-package/replication-
> package/code

. clear all

. set mem 1g
set memory ignored.
    Memory no longer needs to be set in modern Statas; memory adjustments are
    performed on the fly automatically.

. set matsize 11000
set matsize ignored.
    Matrix sizes are no longer limited by c(matsize) in modern Statas.
    Matrix sizes are now limited by edition of Stata.  See limits for more
    details.

. set maxvar 30000


. set seed 5

. set more off, perm
(set more preference recorded)

. cap log close

. set logtype text

. 
. 
. global maindirectory "${rawdata}/"

. 
. global sep="/"

. 
. cap mkdir "${rawdata}/QCEW/Output"

. cd "${rawdata}/QCEW/Output"
/Users/mac/JPE-replications/JPE-Mitman-2016256/replication-package/replication-
> package/data/raw/QCEW/Output

. 
. use "${rawdata}/QCEW_County_2014_total.dta"

. 
. rename emp qcew_emp_tot

. gen qcew_wage_tot=avg_wkly_wage

. drop avg_wkly_wage total_qtrly_wages

. sort fipsnumeric year month

. merge 1:1 fipsnumeric year month using "${rawdata}/QCEW_County_2014_private.d
> ta"

    Result                      Number of obs
    -----------------------------------------
    Not matched                             0
    Matched                            28,485  (_merge==3)
    -----------------------------------------

. 
. rename emp qcew_emp

. gen qcew_wage=avg_wkly_wage

. drop avg_wkly_wage total_qtrly_wages

. 
. append using QCEWAllYears
(variable fipsnumeric was float, now double to accommodate using data's
       values)

. 
. drop _merge

. save "${rawdata}/QCEWAllYears_2014Q4", replace
(file
    /Users/mac/JPE-replications/JPE-Mitman-2016256/replication-package/replic
    > ation-package/data/raw/QCEWAllYears_2014Q4.dta not found)
file
    /Users/mac/JPE-replications/JPE-Mitman-2016256/replication-package/replic
    > ation-package/data/raw/QCEWAllYears_2014Q4.dta saved

. 
end of do-file
/Users/mac/JPE-replications/JPE-Mitman-2016256/replication-package/replication-
> package/code

. global direc "${rawdata}/"

. use ${rawdata}/QCEWAllYears_2014Q4, clear

. 
. 
. * the from-raw QCEWAllYears carries fipsnumeric only; derive the state FIPS
. cap confirm variable fipsstate

. if _rc gen fipsstate = floor(fipsnumeric/1000)

. 
. * state monthly QCEW employment aggregates (consumed by the build's prod_priv
>  /
. * prod_all_qcew; matches the shipped panel cell-exactly)
. bys fipsstate year month: egen state_qcew_emp     = sum(qcew_emp)

. bys fipsstate year month: egen state_qcew_emp_tot = sum(qcew_emp_tot)

. 
. gen fiscal_quarter = quarter-2

. replace fiscal_quarter = 3 if quarter==1
(380,517 real changes made)

. replace fiscal_quarter = 4 if quarter==2
(380,505 real changes made)

. gen fiscal_year = year

. replace fiscal_year = fiscal_year+1 if quarter==3 | quarter==4
(751,521 real changes made)

. 
. bys fipsstate fiscal_year: egen state_qcew_wagetot=sum(qcew_wage)

. 
. merge m:1 fipsstate fiscal_year using ${rawdata}/UI_Tax_Data_Fips.dta

    Result                      Number of obs
    -----------------------------------------
    Not matched                       629,125
        from master                   629,124  (_merge==1)
        from using                          1  (_merge==2)

    Matched                           883,419  (_merge==3)
    -----------------------------------------

. drop if _merge==2
(1 observation deleted)

. drop _merge

. 
. gen qcew_ui_tax_rate = 1000*UI_Tax_Receipts/state_qcew_wagetot
(629,124 missing values generated)

. 
. save ${rawdata}/QCEWAllYears_2014Q4, replace
file
    /Users/mac/JPE-replications/JPE-Mitman-2016256/replication-package/replic
    > ation-package/data/raw/QCEWAllYears_2014Q4.dta saved

. 
end of do-file
. 
.     * QWI worker flows / wages (3-step chain)
.     foreach p in 1_BuildQWI 2_MakeQWI_2018_09_18 3_MakeQWITaxRate {
  2.         cd "${code}"
  3.         do "build/RawDataScripts/QWI/`p'.do"
  4.     }
/Users/mac/JPE-replications/JPE-Mitman-2016256/replication-package/replication-
> package/code

. * ---------------------------------------------------------------------------
. * 1_BuildQWI.do  ->  QWI_VintageQ32014.dta   (Census LEHD QWI, county x indus
> try, long)
. *
. * STAGE 1 of the 3-stage QWI chain. Insheets the 48 raw per-state private-sec
> tor QWI
. * extracts and appends them into one long file.
. *
. * Raw (public, Census LEHD QWI Explorer / LODES download, vintage 2014Q3):
. *   one ZIP per state, "{ST}Priv.zip", each containing a single data CSV name
> d with an
. *   opaque hash (e.g. qwi_951745532ea54e0db105d5e0b6c343a3.csv) plus label_*.
> csv lookups.
. *   Before running, unzip each to "{ST}Priv/" and rename the hashed CSV to "q
> wi_{ST}.csv":
. *       for z in *Priv.zip; do st=${z%Priv.zip}; mkdir -p ${st}Priv; \
. *         unzip -o $z -d ${st}Priv >/dev/null; \
. *         mv ${st}Priv/qwi_*.csv ${st}Priv/qwi_${st}.csv; done
. * ---------------------------------------------------------------------------
. clear all

. set more off

. 
. * raw QWI extracts live here
. global QWIRAW "${rawdata}/QWI"

. cd "${QWIRAW}"
/Users/mac/JPE-replications/JPE-Mitman-2016256/replication-package/replication-
> package/data/raw/QWI

. 
. foreach state in "AL" "AZ" "AR" "CA" "CO" "CT" "DE" "DC" "FL" "GA" "ID" "IL" 
> "IN" "IA" "KS" "KY" "LA" "ME" "MD" "MI" "MN" "MS" "MO" "MT" "NE" "NV" "NH" "N
> J" "NM" "NY" "NC" "ND" "OH" "OK" "OR" "PA" "RI" "SC" "SD" "TN" "TX" "UT" "VT"
>  "VA" "WA" "WV" "WI" "WY" {
  2.     * first run: extract the zipped LEHD download and normalize the hashed
>  csv name
.     cap confirm file "`state'Priv/qwi_`state'.csv"
  3.     if _rc {
  4.         cap mkdir "`state'Priv"
  5.         cd "`state'Priv"
  6.         unzipfile "../`state'Priv.zip", replace
  7.         local hashed : dir "." files "qwi_*.csv"
  8.         local h0 : word 1 of `hashed'
  9.         if "`h0'" != "qwi_`state'.csv" {
 10.             copy "`h0'" "qwi_`state'.csv", replace
 11.             erase "`h0'"
 12.         }
 13.         cd ..
 14.     }
 15.     insheet using "`state'Priv/qwi_`state'.csv", clear
 16.     drop periodicity seasonadj ind_level ownercode sex agegrp race ethnici
> ty education firmage firmsize
 17.     save "QWI`state'", replace
 18. }
/Users/mac/JPE-replications/JPE-Mitman-2016256/replication-package/replication-
> package/data/raw/QWI/ALPriv
    inflating: qwi_951745532ea54e0db105d5e0b6c343a3.csv
    inflating: column_definitions.txt
    inflating: version_sa_f.txt
    inflating: status_flag_description.txt
    inflating: label_firmage.csv
    inflating: label_ownercode.csv
    inflating: label_ind_level.csv
    inflating: label_ethnicity.csv
    inflating: label_firmsize.csv
    inflating: label_education.csv
    inflating: label_agegrp.csv
    inflating: label_seasonadj.csv
    inflating: label_geography.csv
    inflating: label_periodicity.csv
    inflating: label_sex.csv
    inflating: label_industry.csv
    inflating: label_geo_level.csv
    inflating: label_race.csv

successfully unzipped ../ALPriv.zip to current directory
total processed:  18
        skipped:  0
      extracted:  18
(file qwi_AL.csv not found)
/Users/mac/JPE-replications/JPE-Mitman-2016256/replication-package/replication-
> package/data/raw/QWI
(80 vars, 72,852 obs)
(file QWIAL.dta not found)
file QWIAL.dta saved
/Users/mac/JPE-replications/JPE-Mitman-2016256/replication-package/replication-
> package/data/raw/QWI/AZPriv
    inflating: qwi_c8ee5face5e947f196f9108c82373ac1.csv
    inflating: column_definitions.txt
    inflating: version_sa_f.txt
    inflating: status_flag_description.txt
    inflating: label_ind_level.csv
    inflating: label_geography.csv
    inflating: label_firmsize.csv
    inflating: label_ownercode.csv
    inflating: label_periodicity.csv
    inflating: label_sex.csv
    inflating: label_agegrp.csv
    inflating: label_firmage.csv
    inflating: label_seasonadj.csv
    inflating: label_race.csv
    inflating: label_geo_level.csv
    inflating: label_industry.csv
    inflating: label_education.csv
    inflating: label_ethnicity.csv

successfully unzipped ../AZPriv.zip to current directory
total processed:  18
        skipped:  0
      extracted:  18
(file qwi_AZ.csv not found)
/Users/mac/JPE-replications/JPE-Mitman-2016256/replication-package/replication-
> package/data/raw/QWI
(80 vars, 13,696 obs)
(file QWIAZ.dta not found)
file QWIAZ.dta saved
/Users/mac/JPE-replications/JPE-Mitman-2016256/replication-package/replication-
> package/data/raw/QWI/ARPriv
    inflating: qwi_60ee6cbd4e364b358fdb0e66b06ba691.csv
    inflating: column_definitions.txt
    inflating: version_sa_f.txt
    inflating: status_flag_description.txt
    inflating: label_sex.csv
    inflating: label_education.csv
    inflating: label_ethnicity.csv
    inflating: label_periodicity.csv
    inflating: label_firmsize.csv
    inflating: label_firmage.csv
    inflating: label_geography.csv
    inflating: label_geo_level.csv
    inflating: label_industry.csv
    inflating: label_ownercode.csv
    inflating: label_ind_level.csv
    inflating: label_agegrp.csv
    inflating: label_seasonadj.csv
    inflating: label_race.csv

successfully unzipped ../ARPriv.zip to current directory
total processed:  18
        skipped:  0
      extracted:  18
(file qwi_AR.csv not found)
/Users/mac/JPE-replications/JPE-Mitman-2016256/replication-package/replication-
> package/data/raw/QWI
(80 vars, 71,193 obs)
(file QWIAR.dta not found)
file QWIAR.dta saved
/Users/mac/JPE-replications/JPE-Mitman-2016256/replication-package/replication-
> package/data/raw/QWI/CAPriv
    inflating: qwi_ec24390feff14bb8b386f94890da32f0.csv
    inflating: column_definitions.txt
    inflating: version_sa_f.txt
    inflating: status_flag_description.txt
    inflating: label_firmage.csv
    inflating: label_ownercode.csv
    inflating: label_firmsize.csv
    inflating: label_geography.csv
    inflating: label_agegrp.csv
    inflating: label_ind_level.csv
    inflating: label_periodicity.csv
    inflating: label_ethnicity.csv
    inflating: label_industry.csv
    inflating: label_sex.csv
    inflating: label_race.csv
    inflating: label_education.csv
    inflating: label_geo_level.csv
    inflating: label_seasonadj.csv

successfully unzipped ../CAPriv.zip to current directory
total processed:  18
        skipped:  0
      extracted:  18
(file qwi_CA.csv not found)
/Users/mac/JPE-replications/JPE-Mitman-2016256/replication-package/replication-
> package/data/raw/QWI
(80 vars, 110,908 obs)
(file QWICA.dta not found)
file QWICA.dta saved
/Users/mac/JPE-replications/JPE-Mitman-2016256/replication-package/replication-
> package/data/raw/QWI/COPriv
    inflating: qwi_fa5c12c0fc894fecb0d57e816e8dad0d.csv
    inflating: column_definitions.txt
    inflating: version_sa_f.txt
    inflating: status_flag_description.txt
    inflating: label_geography.csv
    inflating: label_ethnicity.csv
    inflating: label_firmsize.csv
    inflating: label_education.csv
    inflating: label_race.csv
    inflating: label_firmage.csv
    inflating: label_sex.csv
    inflating: label_geo_level.csv
    inflating: label_ind_level.csv
    inflating: label_agegrp.csv
    inflating: label_periodicity.csv
    inflating: label_industry.csv
    inflating: label_ownercode.csv
    inflating: label_seasonadj.csv

successfully unzipped ../COPriv.zip to current directory
total processed:  18
        skipped:  0
      extracted:  18
(file qwi_CO.csv not found)
/Users/mac/JPE-replications/JPE-Mitman-2016256/replication-package/replication-
> package/data/raw/QWI
(80 vars, 103,326 obs)
(file QWICO.dta not found)
file QWICO.dta saved
/Users/mac/JPE-replications/JPE-Mitman-2016256/replication-package/replication-
> package/data/raw/QWI/CTPriv
    inflating: qwi_f971d971d84746b6b105a3b1f0d49383.csv
    inflating: column_definitions.txt
    inflating: version_sa_f.txt
    inflating: status_flag_description.txt
    inflating: label_geo_level.csv
    inflating: label_firmage.csv
    inflating: label_seasonadj.csv
    inflating: label_industry.csv
    inflating: label_geography.csv
    inflating: label_agegrp.csv
    inflating: label_ethnicity.csv
    inflating: label_race.csv
    inflating: label_ind_level.csv
    inflating: label_ownercode.csv
    inflating: label_sex.csv
    inflating: label_periodicity.csv
    inflating: label_firmsize.csv
    inflating: label_education.csv

successfully unzipped ../CTPriv.zip to current directory
total processed:  18
        skipped:  0
      extracted:  18
(file qwi_CT.csv not found)
/Users/mac/JPE-replications/JPE-Mitman-2016256/replication-package/replication-
> package/data/raw/QWI
(80 vars, 13,658 obs)
(file QWICT.dta not found)
file QWICT.dta saved
/Users/mac/JPE-replications/JPE-Mitman-2016256/replication-package/replication-
> package/data/raw/QWI/DEPriv
    inflating: qwi_5eefc3c3b128412f840d2e5bf5a960df.csv
    inflating: column_definitions.txt
    inflating: version_sa_f.txt
    inflating: status_flag_description.txt
    inflating: label_agegrp.csv
    inflating: label_firmage.csv
    inflating: label_seasonadj.csv
    inflating: label_race.csv
    inflating: label_geo_level.csv
    inflating: label_industry.csv
    inflating: label_education.csv
    inflating: label_ethnicity.csv
    inflating: label_ind_level.csv
    inflating: label_geography.csv
    inflating: label_firmsize.csv
    inflating: label_sex.csv
    inflating: label_ownercode.csv
    inflating: label_periodicity.csv

successfully unzipped ../DEPriv.zip to current directory
total processed:  18
        skipped:  0
      extracted:  18
(file qwi_DE.csv not found)
/Users/mac/JPE-replications/JPE-Mitman-2016256/replication-package/replication-
> package/data/raw/QWI
(80 vars, 5,145 obs)
(file QWIDE.dta not found)
file QWIDE.dta saved
/Users/mac/JPE-replications/JPE-Mitman-2016256/replication-package/replication-
> package/data/raw/QWI/DCPriv
    inflating: qwi_b51ae2cdbecf4dc89efea428553dfcf6.csv
    inflating: column_definitions.txt
    inflating: version_sa_f.txt
    inflating: status_flag_description.txt
    inflating: label_firmage.csv
    inflating: label_ownercode.csv
    inflating: label_ind_level.csv
    inflating: label_ethnicity.csv
    inflating: label_firmsize.csv
    inflating: label_education.csv
    inflating: label_agegrp.csv
    inflating: label_seasonadj.csv
    inflating: label_geography.csv
    inflating: label_periodicity.csv
    inflating: label_sex.csv
    inflating: label_industry.csv
    inflating: label_geo_level.csv
    inflating: label_race.csv

successfully unzipped ../DCPriv.zip to current directory
total processed:  18
        skipped:  0
      extracted:  18
(file qwi_DC.csv not found)
/Users/mac/JPE-replications/JPE-Mitman-2016256/replication-package/replication-
> package/data/raw/QWI
(80 vars, 1,512 obs)
(file QWIDC.dta not found)
file QWIDC.dta saved
/Users/mac/JPE-replications/JPE-Mitman-2016256/replication-package/replication-
> package/data/raw/QWI/FLPriv
    inflating: qwi_27fc99f15af94161b01d88f4cd1a60ca.csv
    inflating: column_definitions.txt
    inflating: version_sa_f.txt
    inflating: status_flag_description.txt
    inflating: label_ownercode.csv
    inflating: label_geo_level.csv
    inflating: label_seasonadj.csv
    inflating: label_geography.csv
    inflating: label_ethnicity.csv
    inflating: label_firmsize.csv
    inflating: label_education.csv
    inflating: label_periodicity.csv
    inflating: label_race.csv
    inflating: label_industry.csv
    inflating: label_ind_level.csv
    inflating: label_firmage.csv
    inflating: label_agegrp.csv
    inflating: label_sex.csv

successfully unzipped ../FLPriv.zip to current directory
total processed:  18
        skipped:  0
      extracted:  18
(file qwi_FL.csv not found)
/Users/mac/JPE-replications/JPE-Mitman-2016256/replication-package/replication-
> package/data/raw/QWI
(80 vars, 82,253 obs)
(file QWIFL.dta not found)
file QWIFL.dta saved
/Users/mac/JPE-replications/JPE-Mitman-2016256/replication-package/replication-
> package/data/raw/QWI/GAPriv
    inflating: qwi_2dcbf9d4ed6a4b70af10051cb596a8d2.csv
    inflating: column_definitions.txt
    inflating: label_seasonadj.csv
    inflating: label_education.csv
    inflating: label_firmage.csv
    inflating: label_race.csv
    inflating: label_agegrp.csv
    inflating: label_ind_level.csv
    inflating: label_sex.csv
    inflating: label_geography.csv
    inflating: label_firmsize.csv
    inflating: label_industry.csv
    inflating: label_ownercode.csv
    inflating: label_ethnicity.csv
    inflating: version_sa_f.txt
    inflating: status_flag_description.txt
    inflating: label_geo_level.csv
    inflating: label_periodicity.csv

successfully unzipped ../GAPriv.zip to current directory
total processed:  18
        skipped:  0
      extracted:  18
(file qwi_GA.csv not found)
/Users/mac/JPE-replications/JPE-Mitman-2016256/replication-package/replication-
> package/data/raw/QWI
(80 vars, 196,698 obs)
(file QWIGA.dta not found)
file QWIGA.dta saved
/Users/mac/JPE-replications/JPE-Mitman-2016256/replication-package/replication-
> package/data/raw/QWI/IDPriv
    inflating: qwi_388b8f9a50634a4e9fadfd9b2a51dd4f.csv
    inflating: column_definitions.txt
    inflating: version_sa_f.txt
    inflating: status_flag_description.txt
    inflating: label_geography.csv
    inflating: label_periodicity.csv
    inflating: label_firmsize.csv
    inflating: label_sex.csv
    inflating: label_race.csv
    inflating: label_seasonadj.csv
    inflating: label_firmage.csv
    inflating: label_ownercode.csv
    inflating: label_ind_level.csv
    inflating: label_ethnicity.csv
    inflating: label_industry.csv
    inflating: label_education.csv
    inflating: label_agegrp.csv
    inflating: label_geo_level.csv

successfully unzipped ../IDPriv.zip to current directory
total processed:  18
        skipped:  0
      extracted:  18
(file qwi_ID.csv not found)
/Users/mac/JPE-replications/JPE-Mitman-2016256/replication-package/replication-
> package/data/raw/QWI
(80 vars, 80,467 obs)
(file QWIID.dta not found)
file QWIID.dta saved
/Users/mac/JPE-replications/JPE-Mitman-2016256/replication-package/replication-
> package/data/raw/QWI/ILPriv
    inflating: qwi_d24ef145267a402692380dc7a98e00cc.csv
    inflating: column_definitions.txt
    inflating: version_sa_f.txt
    inflating: status_flag_description.txt
    inflating: label_education.csv
    inflating: label_agegrp.csv
    inflating: label_firmage.csv
    inflating: label_geography.csv
    inflating: label_industry.csv
    inflating: label_firmsize.csv
    inflating: label_sex.csv
    inflating: label_ethnicity.csv
    inflating: label_race.csv
    inflating: label_geo_level.csv
    inflating: label_ownercode.csv
    inflating: label_ind_level.csv
    inflating: label_periodicity.csv
    inflating: label_seasonadj.csv

successfully unzipped ../ILPriv.zip to current directory
total processed:  18
        skipped:  0
      extracted:  18
(file qwi_IL.csv not found)
/Users/mac/JPE-replications/JPE-Mitman-2016256/replication-package/replication-
> package/data/raw/QWI
(80 vars, 170,000 obs)
(file QWIIL.dta not found)
file QWIIL.dta saved
/Users/mac/JPE-replications/JPE-Mitman-2016256/replication-package/replication-
> package/data/raw/QWI/INPriv
    inflating: qwi_bf2800e246b6498093b54d13d7f5ae7b.csv
    inflating: column_definitions.txt
    inflating: version_sa_f.txt
    inflating: status_flag_description.txt
    inflating: label_race.csv
    inflating: label_ind_level.csv
    inflating: label_education.csv
    inflating: label_industry.csv
    inflating: label_sex.csv
    inflating: label_seasonadj.csv
    inflating: label_periodicity.csv
    inflating: label_agegrp.csv
    inflating: label_firmsize.csv
    inflating: label_ethnicity.csv
    inflating: label_geography.csv
    inflating: label_geo_level.csv
    inflating: label_firmage.csv
    inflating: label_ownercode.csv

successfully unzipped ../INPriv.zip to current directory
total processed:  18
        skipped:  0
      extracted:  18
(file qwi_IN.csv not found)
/Users/mac/JPE-replications/JPE-Mitman-2016256/replication-package/replication-
> package/data/raw/QWI
(80 vars, 121,140 obs)
(file QWIIN.dta not found)
file QWIIN.dta saved
/Users/mac/JPE-replications/JPE-Mitman-2016256/replication-package/replication-
> package/data/raw/QWI/IAPriv
    inflating: qwi_36d91442b04c4e3886b5121964b52e1e.csv
    inflating: column_definitions.txt
    inflating: version_sa_f.txt
    inflating: status_flag_description.txt
    inflating: label_sex.csv
    inflating: label_periodicity.csv
    inflating: label_ind_level.csv
    inflating: label_ethnicity.csv
    inflating: label_geo_level.csv
    inflating: label_race.csv
    inflating: label_seasonadj.csv
    inflating: label_industry.csv
    inflating: label_geography.csv
    inflating: label_firmage.csv
    inflating: label_firmsize.csv
    inflating: label_education.csv
    inflating: label_agegrp.csv
    inflating: label_ownercode.csv

successfully unzipped ../IAPriv.zip to current directory
total processed:  18
        skipped:  0
      extracted:  18
(file qwi_IA.csv not found)
/Users/mac/JPE-replications/JPE-Mitman-2016256/replication-package/replication-
> package/data/raw/QWI
(80 vars, 123,519 obs)
(file QWIIA.dta not found)
file QWIIA.dta saved
/Users/mac/JPE-replications/JPE-Mitman-2016256/replication-package/replication-
> package/data/raw/QWI/KSPriv
    inflating: label_ownercode.csv
    inflating: label_geography.csv
    inflating: label_ind_level.csv
    inflating: qwi_KS.csv
    inflating: label_firmage.csv
    inflating: label_race.csv
    inflating: label_geo_level.csv
    inflating: label_education.csv
    inflating: column_definitions.txt
    inflating: label_ethnicity.csv
    inflating: version_sa_f.txt
    inflating: label_seasonadj.csv
    inflating: label_agegrp.csv
    inflating: label_sex.csv
    inflating: label_industry.csv
    inflating: label_firmsize.csv
    inflating: label_periodicity.csv
    inflating: status_flag_description.txt

successfully unzipped ../KSPriv.zip to current directory
total processed:  18
        skipped:  0
      extracted:  18
/Users/mac/JPE-replications/JPE-Mitman-2016256/replication-package/replication-
> package/data/raw/QWI
(80 vars, 161,571 obs)
(file QWIKS.dta not found)
file QWIKS.dta saved
/Users/mac/JPE-replications/JPE-Mitman-2016256/replication-package/replication-
> package/data/raw/QWI/KYPriv
    inflating: label_ownercode.csv
    inflating: label_geography.csv
    inflating: label_ind_level.csv
    inflating: label_firmage.csv
    inflating: label_race.csv
    inflating: label_geo_level.csv
    inflating: label_education.csv
    inflating: column_definitions.txt
    inflating: label_ethnicity.csv
    inflating: version_sa_f.txt
    inflating: label_seasonadj.csv
    inflating: label_agegrp.csv
    inflating: label_sex.csv
    inflating: label_industry.csv
    inflating: label_firmsize.csv
    inflating: label_periodicity.csv
    inflating: status_flag_description.txt
    inflating: qwi_KY.csv

successfully unzipped ../KYPriv.zip to current directory
total processed:  18
        skipped:  0
      extracted:  18
/Users/mac/JPE-replications/JPE-Mitman-2016256/replication-package/replication-
> package/data/raw/QWI
(80 vars, 122,437 obs)
(file QWIKY.dta not found)
file QWIKY.dta saved
/Users/mac/JPE-replications/JPE-Mitman-2016256/replication-package/replication-
> package/data/raw/QWI/LAPriv
    inflating: qwi_0e95b1a894c443c3b2e304dc223199c6.csv
    inflating: column_definitions.txt
    inflating: version_sa_f.txt
    inflating: status_flag_description.txt
    inflating: label_ownercode.csv
    inflating: label_periodicity.csv
    inflating: label_agegrp.csv
    inflating: label_sex.csv
    inflating: label_firmsize.csv
    inflating: label_ethnicity.csv
    inflating: label_race.csv
    inflating: label_geo_level.csv
    inflating: label_firmage.csv
    inflating: label_ind_level.csv
    inflating: label_industry.csv
    inflating: label_education.csv
    inflating: label_geography.csv
    inflating: label_seasonadj.csv

successfully unzipped ../LAPriv.zip to current directory
total processed:  18
        skipped:  0
      extracted:  18
(file qwi_LA.csv not found)
/Users/mac/JPE-replications/JPE-Mitman-2016256/replication-package/replication-
> package/data/raw/QWI
(80 vars, 99,448 obs)
(file QWILA.dta not found)
file QWILA.dta saved
/Users/mac/JPE-replications/JPE-Mitman-2016256/replication-package/replication-
> package/data/raw/QWI/MEPriv
    inflating: qwi_8c926f98b6a84e629f438e2ae341c854.csv
    inflating: column_definitions.txt
    inflating: version_sa_f.txt
    inflating: status_flag_description.txt
    inflating: label_seasonadj.csv
    inflating: label_periodicity.csv
    inflating: label_firmsize.csv
    inflating: label_geography.csv
    inflating: label_geo_level.csv
    inflating: label_firmage.csv
    inflating: label_education.csv
    inflating: label_ownercode.csv
    inflating: label_agegrp.csv
    inflating: label_sex.csv
    inflating: label_ind_level.csv
    inflating: label_industry.csv
    inflating: label_ethnicity.csv
    inflating: label_race.csv

successfully unzipped ../MEPriv.zip to current directory
total processed:  18
        skipped:  0
      extracted:  18
(file qwi_ME.csv not found)
/Users/mac/JPE-replications/JPE-Mitman-2016256/replication-package/replication-
> package/data/raw/QWI
(80 vars, 24,796 obs)
(file QWIME.dta not found)
file QWIME.dta saved
/Users/mac/JPE-replications/JPE-Mitman-2016256/replication-package/replication-
> package/data/raw/QWI/MDPriv
    inflating: label_ownercode.csv
    inflating: label_geography.csv
    inflating: label_ind_level.csv
    inflating: label_firmage.csv
    inflating: label_race.csv
    inflating: label_geo_level.csv
    inflating: label_education.csv
    inflating: column_definitions.txt
    inflating: label_ethnicity.csv
    inflating: version_sa_f.txt
    inflating: label_seasonadj.csv
    inflating: qwi_MD.csv
    inflating: label_agegrp.csv
    inflating: label_sex.csv
    inflating: label_industry.csv
    inflating: label_firmsize.csv
    inflating: label_periodicity.csv
    inflating: status_flag_description.txt

successfully unzipped ../MDPriv.zip to current directory
total processed:  18
        skipped:  0
      extracted:  18
/Users/mac/JPE-replications/JPE-Mitman-2016256/replication-package/replication-
> package/data/raw/QWI
(80 vars, 49,652 obs)
(file QWIMD.dta not found)
file QWIMD.dta saved
/Users/mac/JPE-replications/JPE-Mitman-2016256/replication-package/replication-
> package/data/raw/QWI/MIPriv
    inflating: qwi_d425defc8e3445279cb5a4161b9b77b3.csv
    inflating: column_definitions.txt
    inflating: version_sa_f.txt
    inflating: status_flag_description.txt
    inflating: label_ind_level.csv
    inflating: label_agegrp.csv
    inflating: label_sex.csv
    inflating: label_geo_level.csv
    inflating: label_seasonadj.csv
    inflating: label_ownercode.csv
    inflating: label_firmage.csv
    inflating: label_geography.csv
    inflating: label_ethnicity.csv
    inflating: label_firmsize.csv
    inflating: label_education.csv
    inflating: label_periodicity.csv
    inflating: label_race.csv
    inflating: label_industry.csv

successfully unzipped ../MIPriv.zip to current directory
total processed:  18
        skipped:  0
      extracted:  18
(file qwi_MI.csv not found)
/Users/mac/JPE-replications/JPE-Mitman-2016256/replication-package/replication-
> package/data/raw/QWI
(80 vars, 92,801 obs)
(file QWIMI.dta not found)
file QWIMI.dta saved
/Users/mac/JPE-replications/JPE-Mitman-2016256/replication-package/replication-
> package/data/raw/QWI/MNPriv
    inflating: label_ownercode.csv
    inflating: label_geography.csv
    inflating: label_ind_level.csv
    inflating: label_firmage.csv
    inflating: label_race.csv
    inflating: label_geo_level.csv
    inflating: label_education.csv
    inflating: column_definitions.txt
    inflating: label_ethnicity.csv
    inflating: version_sa_f.txt
    inflating: label_seasonadj.csv
    inflating: label_agegrp.csv
    inflating: label_sex.csv
    inflating: label_industry.csv
    inflating: label_firmsize.csv
    inflating: qwi_MN.csv
    inflating: label_periodicity.csv
    inflating: status_flag_description.txt

successfully unzipped ../MNPriv.zip to current directory
total processed:  18
        skipped:  0
      extracted:  18
/Users/mac/JPE-replications/JPE-Mitman-2016256/replication-package/replication-
> package/data/raw/QWI
(80 vars, 136,428 obs)
(file QWIMN.dta not found)
file QWIMN.dta saved
/Users/mac/JPE-replications/JPE-Mitman-2016256/replication-package/replication-
> package/data/raw/QWI/MSPriv
    inflating: qwi_a80a242fa67d43359c61f10bfd6ecabe.csv
    inflating: column_definitions.txt
    inflating: version_sa_f.txt
    inflating: status_flag_description.txt
    inflating: label_geo_level.csv
    inflating: label_periodicity.csv
    inflating: label_seasonadj.csv
    inflating: label_education.csv
    inflating: label_firmage.csv
    inflating: label_race.csv
    inflating: label_agegrp.csv
    inflating: label_ind_level.csv
    inflating: label_sex.csv
    inflating: label_firmsize.csv
    inflating: label_industry.csv
    inflating: label_ownercode.csv
    inflating: label_ethnicity.csv
    inflating: label_geography.csv

successfully unzipped ../MSPriv.zip to current directory
total processed:  18
        skipped:  0
      extracted:  18
(file qwi_MS.csv not found)
/Users/mac/JPE-replications/JPE-Mitman-2016256/replication-package/replication-
> package/data/raw/QWI
(80 vars, 71,284 obs)
(file QWIMS.dta not found)
file QWIMS.dta saved
/Users/mac/JPE-replications/JPE-Mitman-2016256/replication-package/replication-
> package/data/raw/QWI/MOPriv
    inflating: label_ownercode.csv
    inflating: label_geography.csv
    inflating: label_ind_level.csv
    inflating: label_firmage.csv
    inflating: label_race.csv
    inflating: label_geo_level.csv
    inflating: label_education.csv
    inflating: column_definitions.txt
    inflating: label_ethnicity.csv
    inflating: version_sa_f.txt
    inflating: label_seasonadj.csv
    inflating: label_agegrp.csv
    inflating: qwi_MO.csv
    inflating: label_sex.csv
    inflating: label_industry.csv
    inflating: label_firmsize.csv
    inflating: label_periodicity.csv
    inflating: status_flag_description.txt

successfully unzipped ../MOPriv.zip to current directory
total processed:  18
        skipped:  0
      extracted:  18
/Users/mac/JPE-replications/JPE-Mitman-2016256/replication-package/replication-
> package/data/raw/QWI
(80 vars, 173,992 obs)
(file QWIMO.dta not found)
file QWIMO.dta saved
/Users/mac/JPE-replications/JPE-Mitman-2016256/replication-package/replication-
> package/data/raw/QWI/MTPriv
    inflating: qwi_f35325bedfa743608df3189e936453da.csv
    inflating: column_definitions.txt
    inflating: version_sa_f.txt
    inflating: status_flag_description.txt
    inflating: label_periodicity.csv
    inflating: label_seasonadj.csv
    inflating: label_firmage.csv
    inflating: label_firmsize.csv
    inflating: label_race.csv
    inflating: label_agegrp.csv
    inflating: label_geo_level.csv
    inflating: label_ownercode.csv
    inflating: label_sex.csv
    inflating: label_industry.csv
    inflating: label_education.csv
    inflating: label_geography.csv
    inflating: label_ind_level.csv
    inflating: label_ethnicity.csv

successfully unzipped ../MTPriv.zip to current directory
total processed:  18
        skipped:  0
      extracted:  18
(file qwi_MT.csv not found)
/Users/mac/JPE-replications/JPE-Mitman-2016256/replication-package/replication-
> package/data/raw/QWI
(80 vars, 88,026 obs)
(file QWIMT.dta not found)
file QWIMT.dta saved
/Users/mac/JPE-replications/JPE-Mitman-2016256/replication-package/replication-
> package/data/raw/QWI/NEPriv
    inflating: qwi_99603461a40543ebb72355d49498e0fc.csv
    inflating: column_definitions.txt
    inflating: version_sa_f.txt
    inflating: status_flag_description.txt
    inflating: label_firmage.csv
    inflating: label_ownercode.csv
    inflating: label_ind_level.csv
    inflating: label_ethnicity.csv
    inflating: label_firmsize.csv
    inflating: label_education.csv
    inflating: label_agegrp.csv
    inflating: label_seasonadj.csv
    inflating: label_geography.csv
    inflating: label_periodicity.csv
    inflating: label_sex.csv
    inflating: label_industry.csv
    inflating: label_geo_level.csv
    inflating: label_race.csv

successfully unzipped ../NEPriv.zip to current directory
total processed:  18
        skipped:  0
      extracted:  18
(file qwi_NE.csv not found)
/Users/mac/JPE-replications/JPE-Mitman-2016256/replication-package/replication-
> package/data/raw/QWI
(80 vars, 99,040 obs)
(file QWINE.dta not found)
file QWINE.dta saved
/Users/mac/JPE-replications/JPE-Mitman-2016256/replication-package/replication-
> package/data/raw/QWI/NVPriv
    inflating: label_ownercode.csv
    inflating: label_geography.csv
    inflating: label_ind_level.csv
    inflating: label_firmage.csv
    inflating: label_race.csv
    inflating: label_geo_level.csv
    inflating: label_education.csv
    inflating: column_definitions.txt
    inflating: label_ethnicity.csv
    inflating: version_sa_f.txt
    inflating: label_seasonadj.csv
    inflating: label_agegrp.csv
    inflating: label_sex.csv
    inflating: label_industry.csv
    inflating: label_firmsize.csv
    inflating: qwi_NV.csv
    inflating: label_periodicity.csv
    inflating: status_flag_description.txt

successfully unzipped ../NVPriv.zip to current directory
total processed:  18
        skipped:  0
      extracted:  18
/Users/mac/JPE-replications/JPE-Mitman-2016256/replication-package/replication-
> package/data/raw/QWI
(80 vars, 22,713 obs)
(file QWINV.dta not found)
file QWINV.dta saved
/Users/mac/JPE-replications/JPE-Mitman-2016256/replication-package/replication-
> package/data/raw/QWI/NHPriv
    inflating: label_ownercode.csv
    inflating: label_geography.csv
    inflating: label_ind_level.csv
    inflating: label_firmage.csv
    inflating: label_race.csv
    inflating: label_geo_level.csv
    inflating: label_education.csv
    inflating: column_definitions.txt
    inflating: label_ethnicity.csv
    inflating: version_sa_f.txt
    inflating: label_seasonadj.csv
    inflating: qwi_NH.csv
    inflating: label_agegrp.csv
    inflating: label_sex.csv
    inflating: label_industry.csv
    inflating: label_firmsize.csv
    inflating: label_periodicity.csv
    inflating: status_flag_description.txt

successfully unzipped ../NHPriv.zip to current directory
total processed:  18
        skipped:  0
      extracted:  18
/Users/mac/JPE-replications/JPE-Mitman-2016256/replication-package/replication-
> package/data/raw/QWI
(80 vars, 10,177 obs)
(file QWINH.dta not found)
file QWINH.dta saved
/Users/mac/JPE-replications/JPE-Mitman-2016256/replication-package/replication-
> package/data/raw/QWI/NJPriv
    inflating: qwi_ce23d39ab1c8423292bada781e6f6d1e.csv
    inflating: column_definitions.txt
    inflating: version_sa_f.txt
    inflating: status_flag_description.txt
    inflating: label_race.csv
    inflating: label_seasonadj.csv
    inflating: label_firmage.csv
    inflating: label_firmsize.csv
    inflating: label_periodicity.csv
    inflating: label_education.csv
    inflating: label_ownercode.csv
    inflating: label_industry.csv
    inflating: label_geography.csv
    inflating: label_agegrp.csv
    inflating: label_geo_level.csv
    inflating: label_ind_level.csv
    inflating: label_ethnicity.csv
    inflating: label_sex.csv

successfully unzipped ../NJPriv.zip to current directory
total processed:  18
        skipped:  0
      extracted:  18
(file qwi_NJ.csv not found)
/Users/mac/JPE-replications/JPE-Mitman-2016256/replication-package/replication-
> package/data/raw/QWI
(80 vars, 33,689 obs)
(file QWINJ.dta not found)
file QWINJ.dta saved
/Users/mac/JPE-replications/JPE-Mitman-2016256/replication-package/replication-
> package/data/raw/QWI/NMPriv
    inflating: label_ownercode.csv
    inflating: label_geography.csv
    inflating: label_ind_level.csv
    inflating: label_firmage.csv
    inflating: label_race.csv
    inflating: label_geo_level.csv
    inflating: label_education.csv
    inflating: qwi_NM.csv
    inflating: column_definitions.txt
    inflating: label_ethnicity.csv
    inflating: version_sa_f.txt
    inflating: label_seasonadj.csv
    inflating: label_agegrp.csv
    inflating: label_sex.csv
    inflating: label_industry.csv
    inflating: label_firmsize.csv
    inflating: label_periodicity.csv
    inflating: status_flag_description.txt

successfully unzipped ../NMPriv.zip to current directory
total processed:  18
        skipped:  0
      extracted:  18
/Users/mac/JPE-replications/JPE-Mitman-2016256/replication-package/replication-
> package/data/raw/QWI
(80 vars, 49,431 obs)
(file QWINM.dta not found)
file QWINM.dta saved
/Users/mac/JPE-replications/JPE-Mitman-2016256/replication-package/replication-
> package/data/raw/QWI/NYPriv
    inflating: qwi_ce49274f4f1e46d793dcdfb64c2c7dd1.csv
    inflating: column_definitions.txt
    inflating: version_sa_f.txt
    inflating: status_flag_description.txt
    inflating: label_periodicity.csv
    inflating: label_seasonadj.csv
    inflating: label_firmage.csv
    inflating: label_firmsize.csv
    inflating: label_race.csv
    inflating: label_agegrp.csv
    inflating: label_geo_level.csv
    inflating: label_ownercode.csv
    inflating: label_sex.csv
    inflating: label_industry.csv
    inflating: label_education.csv
    inflating: label_geography.csv
    inflating: label_ind_level.csv
    inflating: label_ethnicity.csv

successfully unzipped ../NYPriv.zip to current directory
total processed:  18
        skipped:  0
      extracted:  18
(file qwi_NY.csv not found)
/Users/mac/JPE-replications/JPE-Mitman-2016256/replication-package/replication-
> package/data/raw/QWI
(80 vars, 75,263 obs)
(file QWINY.dta not found)
file QWINY.dta saved
/Users/mac/JPE-replications/JPE-Mitman-2016256/replication-package/replication-
> package/data/raw/QWI/NCPriv
    inflating: qwi_04284b8134254f7fa2a85aedd72be34b.csv
    inflating: column_definitions.txt
    inflating: version_sa_f.txt
    inflating: status_flag_description.txt
    inflating: label_agegrp.csv
    inflating: label_firmage.csv
    inflating: label_seasonadj.csv
    inflating: label_race.csv
    inflating: label_geo_level.csv
    inflating: label_industry.csv
    inflating: label_education.csv
    inflating: label_ethnicity.csv
    inflating: label_ind_level.csv
    inflating: label_geography.csv
    inflating: label_firmsize.csv
    inflating: label_ownercode.csv
    inflating: label_sex.csv
    inflating: label_periodicity.csv

successfully unzipped ../NCPriv.zip to current directory
total processed:  18
        skipped:  0
      extracted:  18
(file qwi_NC.csv not found)
/Users/mac/JPE-replications/JPE-Mitman-2016256/replication-package/replication-
> package/data/raw/QWI
(80 vars, 171,734 obs)
(file QWINC.dta not found)
file QWINC.dta saved
/Users/mac/JPE-replications/JPE-Mitman-2016256/replication-package/replication-
> package/data/raw/QWI/NDPriv
    inflating: qwi_001ae988b9cb4633af45223872f2f1f0.csv
    inflating: column_definitions.txt
    inflating: version_sa_f.txt
    inflating: status_flag_description.txt
    inflating: label_ind_level.csv
    inflating: label_agegrp.csv
    inflating: label_ownercode.csv
    inflating: label_geo_level.csv
    inflating: label_seasonadj.csv
    inflating: label_firmage.csv
    inflating: label_geography.csv
    inflating: label_ethnicity.csv
    inflating: label_firmsize.csv
    inflating: label_sex.csv
    inflating: label_education.csv
    inflating: label_periodicity.csv
    inflating: label_race.csv
    inflating: label_industry.csv

successfully unzipped ../NDPriv.zip to current directory
total processed:  18
        skipped:  0
      extracted:  18
(file qwi_ND.csv not found)
/Users/mac/JPE-replications/JPE-Mitman-2016256/replication-package/replication-
> package/data/raw/QWI
(80 vars, 61,907 obs)
(file QWIND.dta not found)
file QWIND.dta saved
/Users/mac/JPE-replications/JPE-Mitman-2016256/replication-package/replication-
> package/data/raw/QWI/OHPriv
    inflating: qwi_4aadaf590ad04a07a32a9bd3b93051c4.csv
    inflating: column_definitions.txt
    inflating: version_sa_f.txt
    inflating: status_flag_description.txt
    inflating: label_periodicity.csv
    inflating: label_sex.csv
    inflating: label_agegrp.csv
    inflating: label_ethnicity.csv
    inflating: label_race.csv
    inflating: label_geo_level.csv
    inflating: label_firmage.csv
    inflating: label_firmsize.csv
    inflating: label_ownercode.csv
    inflating: label_ind_level.csv
    inflating: label_education.csv
    inflating: label_industry.csv
    inflating: label_geography.csv
    inflating: label_seasonadj.csv

successfully unzipped ../OHPriv.zip to current directory
total processed:  18
        skipped:  0
      extracted:  18
(file qwi_OH.csv not found)
/Users/mac/JPE-replications/JPE-Mitman-2016256/replication-package/replication-
> package/data/raw/QWI
(80 vars, 103,993 obs)
(file QWIOH.dta not found)
file QWIOH.dta saved
/Users/mac/JPE-replications/JPE-Mitman-2016256/replication-package/replication-
> package/data/raw/QWI/OKPriv
    inflating: qwi_060c76042d20468f8a66003bc411fc4d.csv
    inflating: column_definitions.txt
    inflating: version_sa_f.txt
    inflating: status_flag_description.txt
    inflating: label_geography.csv
    inflating: label_ethnicity.csv
    inflating: label_firmsize.csv
    inflating: label_education.csv
    inflating: label_race.csv
    inflating: label_firmage.csv
    inflating: label_sex.csv
    inflating: label_geo_level.csv
    inflating: label_ind_level.csv
    inflating: label_agegrp.csv
    inflating: label_periodicity.csv
    inflating: label_industry.csv
    inflating: label_ownercode.csv
    inflating: label_seasonadj.csv

successfully unzipped ../OKPriv.zip to current directory
total processed:  18
        skipped:  0
      extracted:  18
(file qwi_OK.csv not found)
/Users/mac/JPE-replications/JPE-Mitman-2016256/replication-package/replication-
> package/data/raw/QWI
(80 vars, 85,484 obs)
(file QWIOK.dta not found)
file QWIOK.dta saved
/Users/mac/JPE-replications/JPE-Mitman-2016256/replication-package/replication-
> package/data/raw/QWI/ORPriv
    inflating: qwi_0671366d15b340b7912113bbca588062.csv
    inflating: column_definitions.txt
    inflating: version_sa_f.txt
    inflating: status_flag_description.txt
    inflating: label_geography.csv
    inflating: label_periodicity.csv
    inflating: label_firmsize.csv
    inflating: label_sex.csv
    inflating: label_race.csv
    inflating: label_seasonadj.csv
    inflating: label_firmage.csv
    inflating: label_ownercode.csv
    inflating: label_ind_level.csv
    inflating: label_ethnicity.csv
    inflating: label_industry.csv
    inflating: label_education.csv
    inflating: label_agegrp.csv
    inflating: label_geo_level.csv

successfully unzipped ../ORPriv.zip to current directory
total processed:  18
        skipped:  0
      extracted:  18
(file qwi_OR.csv not found)
/Users/mac/JPE-replications/JPE-Mitman-2016256/replication-package/replication-
> package/data/raw/QWI
(80 vars, 68,164 obs)
(file QWIOR.dta not found)
file QWIOR.dta saved
/Users/mac/JPE-replications/JPE-Mitman-2016256/replication-package/replication-
> package/data/raw/QWI/PAPriv
    inflating: qwi_6f192ba7611f42b38ed9d37fa885ad16.csv
    inflating: column_definitions.txt
    inflating: version_sa_f.txt
    inflating: status_flag_description.txt
    inflating: label_sex.csv
    inflating: label_education.csv
    inflating: label_ethnicity.csv
    inflating: label_periodicity.csv
    inflating: label_ind_level.csv
    inflating: label_firmage.csv
    inflating: label_geography.csv
    inflating: label_geo_level.csv
    inflating: label_industry.csv
    inflating: label_ownercode.csv
    inflating: label_agegrp.csv
    inflating: label_seasonadj.csv
    inflating: label_firmsize.csv
    inflating: label_race.csv

successfully unzipped ../PAPriv.zip to current directory
total processed:  18
        skipped:  0
      extracted:  18
(file qwi_PA.csv not found)
/Users/mac/JPE-replications/JPE-Mitman-2016256/replication-package/replication-
> package/data/raw/QWI
(80 vars, 96,022 obs)
(file QWIPA.dta not found)
file QWIPA.dta saved
/Users/mac/JPE-replications/JPE-Mitman-2016256/replication-package/replication-
> package/data/raw/QWI/RIPriv
    inflating: qwi_a443b93e67d740fba253f91bc00166e7.csv
    inflating: column_definitions.txt
    inflating: version_sa_f.txt
    inflating: status_flag_description.txt
    inflating: label_geography.csv
    inflating: label_periodicity.csv
    inflating: label_firmsize.csv
    inflating: label_sex.csv
    inflating: label_race.csv
    inflating: label_seasonadj.csv
    inflating: label_firmage.csv
    inflating: label_ownercode.csv
    inflating: label_ind_level.csv
    inflating: label_ethnicity.csv
    inflating: label_industry.csv
    inflating: label_education.csv
    inflating: label_agegrp.csv
    inflating: label_geo_level.csv

successfully unzipped ../RIPriv.zip to current directory
total processed:  18
        skipped:  0
      extracted:  18
(file qwi_RI.csv not found)
/Users/mac/JPE-replications/JPE-Mitman-2016256/replication-package/replication-
> package/data/raw/QWI
(80 vars, 9,499 obs)
(file QWIRI.dta not found)
file QWIRI.dta saved
/Users/mac/JPE-replications/JPE-Mitman-2016256/replication-package/replication-
> package/data/raw/QWI/SCPriv
    inflating: qwi_9042dee4cdc3432b8c9468904ff4d73e.csv
    inflating: column_definitions.txt
    inflating: version_sa_f.txt
    inflating: status_flag_description.txt
    inflating: label_sex.csv
    inflating: label_periodicity.csv
    inflating: label_ind_level.csv
    inflating: label_ethnicity.csv
    inflating: label_geo_level.csv
    inflating: label_race.csv
    inflating: label_seasonadj.csv
    inflating: label_industry.csv
    inflating: label_geography.csv
    inflating: label_firmage.csv
    inflating: label_firmsize.csv
    inflating: label_education.csv
    inflating: label_ownercode.csv
    inflating: label_agegrp.csv

successfully unzipped ../SCPriv.zip to current directory
total processed:  18
        skipped:  0
      extracted:  18
(file qwi_SC.csv not found)
/Users/mac/JPE-replications/JPE-Mitman-2016256/replication-package/replication-
> package/data/raw/QWI
(80 vars, 60,895 obs)
(file QWISC.dta not found)
file QWISC.dta saved
/Users/mac/JPE-replications/JPE-Mitman-2016256/replication-package/replication-
> package/data/raw/QWI/SDPriv
    inflating: qwi_a1eb271f4f984174a5fa3e2e5c405a3e.csv
    inflating: column_definitions.txt
    inflating: version_sa_f.txt
    inflating: status_flag_description.txt
    inflating: label_geo_level.csv
    inflating: label_firmage.csv
    inflating: label_seasonadj.csv
    inflating: label_geography.csv
    inflating: label_agegrp.csv
    inflating: label_ethnicity.csv
    inflating: label_race.csv
    inflating: label_ind_level.csv
    inflating: label_industry.csv
    inflating: label_ownercode.csv
    inflating: label_firmsize.csv
    inflating: label_periodicity.csv
    inflating: label_sex.csv
    inflating: label_education.csv

successfully unzipped ../SDPriv.zip to current directory
total processed:  18
        skipped:  0
      extracted:  18
(file qwi_SD.csv not found)
/Users/mac/JPE-replications/JPE-Mitman-2016256/replication-package/replication-
> package/data/raw/QWI
(80 vars, 76,420 obs)
(file QWISD.dta not found)
file QWISD.dta saved
/Users/mac/JPE-replications/JPE-Mitman-2016256/replication-package/replication-
> package/data/raw/QWI/TNPriv
    inflating: qwi_2222742994fa4acfa99065db535f0652.csv
    inflating: column_definitions.txt
    inflating: version_sa_f.txt
    inflating: status_flag_description.txt
    inflating: label_education.csv
    inflating: label_agegrp.csv
    inflating: label_sex.csv
    inflating: label_ind_level.csv
    inflating: label_industry.csv
    inflating: label_ethnicity.csv
    inflating: label_firmage.csv
    inflating: label_ownercode.csv
    inflating: label_firmsize.csv
    inflating: label_seasonadj.csv
    inflating: label_periodicity.csv
    inflating: label_geography.csv
    inflating: label_race.csv
    inflating: label_geo_level.csv

successfully unzipped ../TNPriv.zip to current directory
total processed:  18
        skipped:  0
      extracted:  18
(file qwi_TN.csv not found)
/Users/mac/JPE-replications/JPE-Mitman-2016256/replication-package/replication-
> package/data/raw/QWI
(80 vars, 121,002 obs)
(file QWITN.dta not found)
file QWITN.dta saved
/Users/mac/JPE-replications/JPE-Mitman-2016256/replication-package/replication-
> package/data/raw/QWI/TXPriv
    inflating: qwi_3f9561fae9a94c1d815376b920aba953.csv
    inflating: column_definitions.txt
    inflating: version_sa_f.txt
    inflating: status_flag_description.txt
    inflating: label_sex.csv
    inflating: label_seasonadj.csv
    inflating: label_firmsize.csv
    inflating: label_industry.csv
    inflating: label_ownercode.csv
    inflating: label_ind_level.csv
    inflating: label_geo_level.csv
    inflating: label_geography.csv
    inflating: label_periodicity.csv
    inflating: label_education.csv
    inflating: label_firmage.csv
    inflating: label_ethnicity.csv
    inflating: label_race.csv
    inflating: label_agegrp.csv

successfully unzipped ../TXPriv.zip to current directory
total processed:  18
        skipped:  0
      extracted:  18
(file qwi_TX.csv not found)
/Users/mac/JPE-replications/JPE-Mitman-2016256/replication-package/replication-
> package/data/raw/QWI
(80 vars, 369,282 obs)
(file QWITX.dta not found)
file QWITX.dta saved
/Users/mac/JPE-replications/JPE-Mitman-2016256/replication-package/replication-
> package/data/raw/QWI/UTPriv
    inflating: qwi_526da03753ec4d99a68d0294b20ffcb0.csv
    inflating: column_definitions.txt
    inflating: version_sa_f.txt
    inflating: status_flag_description.txt
    inflating: label_ethnicity.csv
    inflating: label_sex.csv
    inflating: label_geo_level.csv
    inflating: label_industry.csv
    inflating: label_seasonadj.csv
    inflating: label_firmsize.csv
    inflating: label_race.csv
    inflating: label_agegrp.csv
    inflating: label_ownercode.csv
    inflating: label_periodicity.csv
    inflating: label_education.csv
    inflating: label_firmage.csv
    inflating: label_geography.csv
    inflating: label_ind_level.csv

successfully unzipped ../UTPriv.zip to current directory
total processed:  18
        skipped:  0
      extracted:  18
(file qwi_UT.csv not found)
/Users/mac/JPE-replications/JPE-Mitman-2016256/replication-package/replication-
> package/data/raw/QWI
(80 vars, 34,426 obs)
(file QWIUT.dta not found)
file QWIUT.dta saved
/Users/mac/JPE-replications/JPE-Mitman-2016256/replication-package/replication-
> package/data/raw/QWI/VTPriv
    inflating: qwi_9b9253c43b63406a95feb044c416f5f8.csv
    inflating: column_definitions.txt
    inflating: version_sa_f.txt
    inflating: status_flag_description.txt
    inflating: label_agegrp.csv
    inflating: label_periodicity.csv
    inflating: label_firmage.csv
    inflating: label_sex.csv
    inflating: label_industry.csv
    inflating: label_seasonadj.csv
    inflating: label_geography.csv
    inflating: label_ethnicity.csv
    inflating: label_firmsize.csv
    inflating: label_education.csv
    inflating: label_race.csv
    inflating: label_ownercode.csv
    inflating: label_geo_level.csv
    inflating: label_ind_level.csv

successfully unzipped ../VTPriv.zip to current directory
total processed:  18
        skipped:  0
      extracted:  18
(file qwi_VT.csv not found)
/Users/mac/JPE-replications/JPE-Mitman-2016256/replication-package/replication-
> package/data/raw/QWI
(80 vars, 17,161 obs)
(file QWIVT.dta not found)
file QWIVT.dta saved
/Users/mac/JPE-replications/JPE-Mitman-2016256/replication-package/replication-
> package/data/raw/QWI/VAPriv
    inflating: qwi_901d81eb1e574074af938ed6cabe4fdb.csv
    inflating: column_definitions.txt
    inflating: version_sa_f.txt
    inflating: status_flag_description.txt
    inflating: label_industry.csv
    inflating: label_education.csv
    inflating: label_geography.csv
    inflating: label_ind_level.csv
    inflating: label_ethnicity.csv
    inflating: label_sex.csv
    inflating: label_periodicity.csv
    inflating: label_seasonadj.csv
    inflating: label_firmage.csv
    inflating: label_firmsize.csv
    inflating: label_race.csv
    inflating: label_agegrp.csv
    inflating: label_geo_level.csv
    inflating: label_ownercode.csv

successfully unzipped ../VAPriv.zip to current directory
total processed:  18
        skipped:  0
      extracted:  18
(file qwi_VA.csv not found)
/Users/mac/JPE-replications/JPE-Mitman-2016256/replication-package/replication-
> package/data/raw/QWI
(80 vars, 161,530 obs)
(file QWIVA.dta not found)
file QWIVA.dta saved
/Users/mac/JPE-replications/JPE-Mitman-2016256/replication-package/replication-
> package/data/raw/QWI/WAPriv
    inflating: qwi_85b6fa2faf2d458da9188bc58a56916e.csv
    inflating: column_definitions.txt
    inflating: version_sa_f.txt
    inflating: status_flag_description.txt
    inflating: label_sex.csv
    inflating: label_seasonadj.csv
    inflating: label_firmsize.csv
    inflating: label_industry.csv
    inflating: label_ownercode.csv
    inflating: label_geography.csv
    inflating: label_geo_level.csv
    inflating: label_ind_level.csv
    inflating: label_periodicity.csv
    inflating: label_education.csv
    inflating: label_firmage.csv
    inflating: label_ethnicity.csv
    inflating: label_race.csv
    inflating: label_agegrp.csv

successfully unzipped ../WAPriv.zip to current directory
total processed:  18
        skipped:  0
      extracted:  18
(file qwi_WA.csv not found)
/Users/mac/JPE-replications/JPE-Mitman-2016256/replication-package/replication-
> package/data/raw/QWI
(80 vars, 74,112 obs)
(file QWIWA.dta not found)
file QWIWA.dta saved
/Users/mac/JPE-replications/JPE-Mitman-2016256/replication-package/replication-
> package/data/raw/QWI/WVPriv
    inflating: qwi_374e06a752c94caea8125b0efbca471f.csv
    inflating: column_definitions.txt
    inflating: version_sa_f.txt
    inflating: status_flag_description.txt
    inflating: label_periodicity.csv
    inflating: label_seasonadj.csv
    inflating: label_firmage.csv
    inflating: label_firmsize.csv
    inflating: label_race.csv
    inflating: label_agegrp.csv
    inflating: label_geo_level.csv
    inflating: label_ownercode.csv
    inflating: label_sex.csv
    inflating: label_industry.csv
    inflating: label_education.csv
    inflating: label_geography.csv
    inflating: label_ind_level.csv
    inflating: label_ethnicity.csv

successfully unzipped ../WVPriv.zip to current directory
total processed:  18
        skipped:  0
      extracted:  18
(file qwi_WV.csv not found)
/Users/mac/JPE-replications/JPE-Mitman-2016256/replication-package/replication-
> package/data/raw/QWI
(80 vars, 76,123 obs)
(file QWIWV.dta not found)
file QWIWV.dta saved
/Users/mac/JPE-replications/JPE-Mitman-2016256/replication-package/replication-
> package/data/raw/QWI/WIPriv
    inflating: qwi_ccc3c27a75da440c9b8e21cfdfbb5114.csv
    inflating: column_definitions.txt
    inflating: version_sa_f.txt
    inflating: status_flag_description.txt
    inflating: label_firmsize.csv
    inflating: label_ind_level.csv
    inflating: label_ownercode.csv
    inflating: label_ethnicity.csv
    inflating: label_education.csv
    inflating: label_industry.csv
    inflating: label_race.csv
    inflating: label_seasonadj.csv
    inflating: label_agegrp.csv
    inflating: label_geo_level.csv
    inflating: label_sex.csv
    inflating: label_periodicity.csv
    inflating: label_geography.csv
    inflating: label_firmage.csv

successfully unzipped ../WIPriv.zip to current directory
total processed:  18
        skipped:  0
      extracted:  18
(file qwi_WI.csv not found)
/Users/mac/JPE-replications/JPE-Mitman-2016256/replication-package/replication-
> package/data/raw/QWI
(80 vars, 139,821 obs)
(file QWIWI.dta not found)
file QWIWI.dta saved
/Users/mac/JPE-replications/JPE-Mitman-2016256/replication-package/replication-
> package/data/raw/QWI/WYPriv
    inflating: qwi_5ddc093c84a14bec96879cff963faaa5.csv
    inflating: column_definitions.txt
    inflating: version_sa_f.txt
    inflating: status_flag_description.txt
    inflating: label_ind_level.csv
    inflating: label_race.csv
    inflating: label_industry.csv
    inflating: label_agegrp.csv
    inflating: label_geo_level.csv
    inflating: label_sex.csv
    inflating: label_periodicity.csv
    inflating: label_firmage.csv
    inflating: label_firmsize.csv
    inflating: label_ethnicity.csv
    inflating: label_ownercode.csv
    inflating: label_seasonadj.csv
    inflating: label_geography.csv
    inflating: label_education.csv

successfully unzipped ../WYPriv.zip to current directory
total processed:  18
        skipped:  0
      extracted:  18
(file qwi_WY.csv not found)
/Users/mac/JPE-replications/JPE-Mitman-2016256/replication-package/replication-
> package/data/raw/QWI
(80 vars, 25,915 obs)
(file QWIWY.dta not found)
file QWIWY.dta saved

. 
. use "QWIAL", clear

. foreach state in "AZ" "AR" "CA" "CO" "CT" "DE" "DC" "FL" "GA" "ID" "IL" "IN" 
> "IA" "KS" "KY" "LA" "ME" "MD" "MI" "MN" "MS" "MO" "MT" "NE" "NV" "NH" "NJ" "N
> M" "NY" "NC" "ND" "OH" "OK" "OR" "PA" "RI" "SC" "SD" "TN" "TX" "UT" "VT" "VA"
>  "WA" "WV" "WI" "WY" {
  2.     append using "QWI`state'"
  3. }
(variable earnhiras was int, now long to accommodate using data's values)
(variable earnhirns was int, now long to accommodate using data's values)
(variable geography was int, now long to accommodate using data's values)

. 
. save "QWI_VintageQ32014", replace
(file QWI_VintageQ32014.dta not found)
file QWI_VintageQ32014.dta saved

. 
end of do-file
/Users/mac/JPE-replications/JPE-Mitman-2016256/replication-package/replication-
> package/code

. * ---------------------------------------------------------------------------
. * 2_MakeQWI_2018_09_18.do  ->  QWI_2018_09_18.dta   (county QWI wage/employme
> nt measures)
. *
. * STAGE 2 of the 3-stage QWI chain. Keeps county-level (geo_level=="C") rows,
>  maps NAICS
. * sector codes to short tags, reshapes wide by industry, then builds the QWI 
> wage measures
. * (qwiw1-4 stable-job earnings, qwi_wnh/wah/wtot, the f-suffixed "significant
> -flag" variants)
. * and sector employment (qwi_emp_*, qwif_emp_*) for five industries.
. *
. * SECTOR NOTE: the wage/emp loops run over "all" "ret" "foo" "art" "man". The
>  downstream
. * consumers are ALL (everywhere) and RET + FOO (non-tradable sector shares, t
> able in the
. * TeX near L1090). MAN and "art" are also constructed and retained in the ~30
> -column output.
. * ---------------------------------------------------------------------------
. clear all

. set more off

. 
. global QWIRAW "${rawdata}/QWI"

. cd "${QWIRAW}"
/Users/mac/JPE-replications/JPE-Mitman-2016256/replication-package/replication-
> package/data/raw/QWI

. 
. use  QWI_VintageQ32014, clear

. 
. keep if geo_level=="C"
(69,611 observations deleted)

. 
. replace industry="all" if industry=="00"
(220,114 real changes made)

. replace industry="agg" if industry=="11"
(215,064 real changes made)

. replace industry="min" if industry=="21"
(172,602 real changes made)

. replace industry="utl" if industry=="22"
(196,537 real changes made)

. replace industry="con" if industry=="23"
(219,065 real changes made)

. replace industry="who" if industry=="42"
(217,922 real changes made)

. replace industry="inf" if industry=="51"
(213,609 real changes made)

. replace industry="fin" if industry=="52"
(218,765 real changes made)

. replace industry="rea" if industry=="53"
(209,262 real changes made)

. replace industry="pro" if industry=="54"
(218,060 real changes made)

. replace industry="com" if industry=="55"
(150,932 real changes made)

. replace industry="adm" if industry=="56"
(212,127 real changes made)

. replace industry="edu" if industry=="61"
(164,277 real changes made)

. replace industry="hea" if industry=="62"
(218,106 real changes made)

. replace industry="art" if industry=="71"
(205,535 real changes made)

. replace industry="foo" if industry=="72"
(219,197 real changes made)

. replace industry="ser" if industry=="81"
(218,704 real changes made)

. replace industry="pub" if industry=="92"
(18,595 real changes made)

. replace industry="oth" if industry=="99"
(0 real changes made)

. replace industry="man" if industry=="31-33"
(215,494 real changes made)

. replace industry="ret" if industry=="44-45"
(219,772 real changes made)

. replace industry="tra" if industry=="48-49"
(217,255 real changes made)

. 
. reshape wide emp        empend  emps    empspv  emptotal        hira    hirn 
>    hirr    sep     hiraend hiraendr        sepbeg  sepbegr hiras   hirns   se
> ps    sepsnx  turnovrs        frmjbgn frmjbls frmjbc  hiraendrepl     hiraend
> replr    frmjbgns        frmjblss        frmjbcs earns   earnbeg earnhiras   
>     earnhirns       earnseps        payroll geo_level semp sempend semps semp
> spv semptotal shira shirn shirr ssep shiraend shiraendr ssepbeg ssepbegr shir
> as shirns sseps ssepsnx sturnovrs sfrmjbgn sfrmjbls sfrmjbc shiraendrepl shir
> aendreplr sfrmjbgns sfrmjblss sfrmjbcs searns searnbeg searnhiras searnhirns 
> searnseps spayroll, i(year quarter geograph) j(industry) string
(j = adm agg all art com con edu fin foo hea inf man min pro pub rea ret ser tr
> a utl who)

Data                               Long   ->   Wide
-----------------------------------------------------------------------------
Number of observations        4,160,994   ->   220,114     
Number of variables                  69   ->   1,368       
j variable (21 values)         industry   ->   (dropped)
xij variables:
                                    emp   ->   empadm empagg ... empwho
                                 empend   ->   empendadm empendagg ... empendwh
> o
                                   emps   ->   empsadm empsagg ... empswho
                                 empspv   ->   empspvadm empspvagg ... empspvwh
> o
                               emptotal   ->   emptotaladm emptotalagg ... empt
> otalwho
                                   hira   ->   hiraadm hiraagg ... hirawho
                                   hirn   ->   hirnadm hirnagg ... hirnwho
                                   hirr   ->   hirradm hirragg ... hirrwho
                                    sep   ->   sepadm sepagg ... sepwho
                                hiraend   ->   hiraendadm hiraendagg ... hiraen
> dwho
                               hiraendr   ->   hiraendradm hiraendragg ... hira
> endrwho
                                 sepbeg   ->   sepbegadm sepbegagg ... sepbegwh
> o
                                sepbegr   ->   sepbegradm sepbegragg ... sepbeg
> rwho
                                  hiras   ->   hirasadm hirasagg ... hiraswho
                                  hirns   ->   hirnsadm hirnsagg ... hirnswho
                                   seps   ->   sepsadm sepsagg ... sepswho
                                 sepsnx   ->   sepsnxadm sepsnxagg ... sepsnxwh
> o
                               turnovrs   ->   turnovrsadm turnovrsagg ... turn
> ovrswho
                                frmjbgn   ->   frmjbgnadm frmjbgnagg ... frmjbg
> nwho
                                frmjbls   ->   frmjblsadm frmjblsagg ... frmjbl
> swho
                                 frmjbc   ->   frmjbcadm frmjbcagg ... frmjbcwh
> o
                            hiraendrepl   ->   hiraendrepladm hiraendreplagg ..
> . hiraendreplwho
                           hiraendreplr   ->   hiraendreplradm hiraendreplragg 
> ... hiraendreplrwho
                               frmjbgns   ->   frmjbgnsadm frmjbgnsagg ... frmj
> bgnswho
                               frmjblss   ->   frmjblssadm frmjblssagg ... frmj
> blsswho
                                frmjbcs   ->   frmjbcsadm frmjbcsagg ... frmjbc
> swho
                                  earns   ->   earnsadm earnsagg ... earnswho
                                earnbeg   ->   earnbegadm earnbegagg ... earnbe
> gwho
                              earnhiras   ->   earnhirasadm earnhirasagg ... ea
> rnhiraswho
                              earnhirns   ->   earnhirnsadm earnhirnsagg ... ea
> rnhirnswho
                               earnseps   ->   earnsepsadm earnsepsagg ... earn
> sepswho
                                payroll   ->   payrolladm payrollagg ... payrol
> lwho
                              geo_level   ->   geo_leveladm geo_levelagg ... ge
> o_levelwho
                                   semp   ->   sempadm sempagg ... sempwho
                                sempend   ->   sempendadm sempendagg ... sempen
> dwho
                                  semps   ->   sempsadm sempsagg ... sempswho
                                sempspv   ->   sempspvadm sempspvagg ... sempsp
> vwho
                              semptotal   ->   semptotaladm semptotalagg ... se
> mptotalwho
                                  shira   ->   shiraadm shiraagg ... shirawho
                                  shirn   ->   shirnadm shirnagg ... shirnwho
                                  shirr   ->   shirradm shirragg ... shirrwho
                                   ssep   ->   ssepadm ssepagg ... ssepwho
                               shiraend   ->   shiraendadm shiraendagg ... shir
> aendwho
                              shiraendr   ->   shiraendradm shiraendragg ... sh
> iraendrwho
                                ssepbeg   ->   ssepbegadm ssepbegagg ... ssepbe
> gwho
                               ssepbegr   ->   ssepbegradm ssepbegragg ... ssep
> begrwho
                                 shiras   ->   shirasadm shirasagg ... shiraswh
> o
                                 shirns   ->   shirnsadm shirnsagg ... shirnswh
> o
                                  sseps   ->   ssepsadm ssepsagg ... ssepswho
                                ssepsnx   ->   ssepsnxadm ssepsnxagg ... ssepsn
> xwho
                              sturnovrs   ->   sturnovrsadm sturnovrsagg ... st
> urnovrswho
                               sfrmjbgn   ->   sfrmjbgnadm sfrmjbgnagg ... sfrm
> jbgnwho
                               sfrmjbls   ->   sfrmjblsadm sfrmjblsagg ... sfrm
> jblswho
                                sfrmjbc   ->   sfrmjbcadm sfrmjbcagg ... sfrmjb
> cwho
                           shiraendrepl   ->   shiraendrepladm shiraendreplagg 
> ... shiraendreplwho
                          shiraendreplr   ->   shiraendreplradm shiraendreplrag
> g ... shiraendreplrwho
                              sfrmjbgns   ->   sfrmjbgnsadm sfrmjbgnsagg ... sf
> rmjbgnswho
                              sfrmjblss   ->   sfrmjblssadm sfrmjblssagg ... sf
> rmjblsswho
                               sfrmjbcs   ->   sfrmjbcsadm sfrmjbcsagg ... sfrm
> jbcswho
                                 searns   ->   searnsadm searnsagg ... searnswh
> o
                               searnbeg   ->   searnbegadm searnbegagg ... sear
> nbegwho
                             searnhiras   ->   searnhirasadm searnhirasagg ... 
> searnhiraswho
                             searnhirns   ->   searnhirnsadm searnhirnsagg ... 
> searnhirnswho
                              searnseps   ->   searnsepsadm searnsepsagg ... se
> arnsepswho
                               spayroll   ->   spayrolladm spayrollagg ... spay
> rollwho
-----------------------------------------------------------------------------

. 
. save QWIwidecounty, replace
(file QWIwidecounty.dta not found)
file QWIwidecounty.dta saved

. 
. use QWIwidecounty, clear

. 
. rename geography fipsnumeric

. 
. gen quarter_index=(year-1990)*4+quarter

. 
. sort fipsnumeric quarter_index

. 
. foreach ind in "all" "ret" "foo" "art" "man"{
  2. 
. ***Earnings of stable jobs minus earnings of hires into stable jobs div by nu
> mber
. by fipsnumeric: gen qwiw1_`ind'=(emps`ind'[_n]*earns`ind'[_n]-hiras`ind'[_n]*
> earnhiras`ind'[_n])/(emps`ind'[_n]-hiras`ind'[_n])
  3. ***Earnings of stable jobs minus earnings of separators from stable jobs d
> iv by number
. by fipsnumeric: gen qwiw2_`ind'=(emps`ind'[_n]*earns`ind'[_n]-seps`ind'[_n+1]
> *earnseps`ind'[_n])/(emps`ind'[_n]-seps`ind'[_n+1])
  4. 
. gen qwi_wnh_`ind'= earnhirns`ind'
  5. gen qwi_wah_`ind'= earnhiras`ind'
  6. gen qwi_wtot_`ind'= earns`ind'
  7. 
. ***Earnings of stable jobs minus earnings of hires into stable jobs div by nu
> mber
. by fipsnumeric: gen qwiw3_`ind'=(empspv`ind'[_n]*earns`ind'[_n]-hiras`ind'[_n
> -1]*earnhiras`ind'[_n-1])/(empspv`ind'[_n]-hiras`ind'[_n-1])
  8. ***Earnings of stable jobs minus earnings of separators from stable jobs d
> iv by number
. by fipsnumeric: gen qwiw4_`ind'=(empspv`ind'[_n]*earns`ind'[_n]-sepsnx`ind'[_
> n-1]*earnseps`ind'[_n])/(emps`ind'[_n]-sepsnx`ind'[_n-1])
  9. 
. rename emp`ind' qwi_emp_`ind'
 10. 
. }
(9,610 missing values generated)
(9,606 missing values generated)
(18,668 missing values generated)
(9,350 missing values generated)
(6,188 missing values generated)
(12,704 missing values generated)
(12,667 missing values generated)
(14,042 missing values generated)
(13,967 missing values generated)
(20,561 missing values generated)
(10,957 missing values generated)
(6,563 missing values generated)
(17,068 missing values generated)
(16,742 missing values generated)
(18,753 missing values generated)
(18,444 missing values generated)
(22,709 missing values generated)
(12,900 missing values generated)
(7,344 missing values generated)
(21,806 missing values generated)
(21,138 missing values generated)
(90,219 missing values generated)
(90,621 missing values generated)
(68,786 missing values generated)
(55,096 missing values generated)
(24,161 missing values generated)
(92,806 missing values generated)
(89,594 missing values generated)
(33,704 missing values generated)
(33,193 missing values generated)
(32,234 missing values generated)
(21,596 missing values generated)
(11,322 missing values generated)
(36,666 missing values generated)
(35,004 missing values generated)

. 
. foreach ind in "all" "ret" "foo" "art" "man"{
  2. 
. gen femps`ind' = emps`ind' if semps`ind' == 1
  3. gen fearns`ind' = earns`ind' if searns`ind' == 1
  4. gen fearnhiras`ind' = earnhiras`ind' if searnhiras`ind' == 1
  5. gen fearnseps`ind' = earnseps`ind' if searnseps`ind' == 1
  6. gen fseps`ind' = seps`ind' if sseps`ind' == 1
  7. gen fhiras`ind' = hiras`ind' if shiras`ind' == 1
  8. 
. gen fempspv`ind' = empspv`ind' if sempspv`ind' == 1
  9. gen fsepsnx`ind' = sepsnx`ind' if ssepsnx`ind' == 1
 10. 
. ***Earnings of stable jobs minus earnings of hires into stable jobs div by nu
> mber
. by fipsnumeric: gen qwiw1f_`ind'=(femps`ind'[_n]*fearns`ind'[_n]-fhiras`ind'[
> _n]*fearnhiras`ind'[_n])/(femps`ind'[_n]-fhiras`ind'[_n])
 11. ***Earnings of stable jobs minus earnings of separators from stable jobs d
> iv by number
. by fipsnumeric: gen qwiw2f_`ind'=(femps`ind'[_n]*fearns`ind'[_n]-fseps`ind'[_
> n+1]*fearnseps`ind'[_n])/(femps`ind'[_n]-fseps`ind'[_n+1])
 12. 
. gen qwi_wnhf_`ind'= earnhirns`ind' if searnhirns`ind'==1
 13. gen qwi_wahf_`ind'= earnhiras`ind' if searnhiras`ind'==1
 14. gen qwi_wtotf_`ind'= earns`ind' if earns`ind'==1
 15. 
. ***Earnings of stable jobs minus earnings of hires into stable jobs div by nu
> mber
. by fipsnumeric: gen qwiw3f_`ind'=(femps`ind'[_n]*fearns`ind'[_n]-fhiras`ind'[
> _n]*fearnhiras`ind'[_n])/(femps`ind'[_n]-fhiras`ind'[_n])
 16. ***Earnings of stable jobs minus earnings of separators from stable jobs d
> iv by number
. by fipsnumeric: gen qwiw4f_`ind'=(fempspv`ind'[_n]*fearns`ind'[_n-1]-fseps`in
> d'[_n]*fearnseps`ind'[_n-1])/(fempspv`ind'[_n]-fseps`ind'[_n])
 17. 
. gen qwif_emp_`ind' = qwi_emp_`ind' if semp`ind'==1
 18. }
(8,391 missing values generated)
(11,671 missing values generated)
(17,321 missing values generated)
(17,332 missing values generated)
(12,776 missing values generated)
(13,005 missing values generated)
(8,370 missing values generated)
(12,883 missing values generated)
(20,813 missing values generated)
(20,856 missing values generated)
(26,064 missing values generated)
(17,321 missing values generated)
(220,114 missing values generated)
(20,813 missing values generated)
(20,869 missing values generated)
(5,045 missing values generated)
(16,461 missing values generated)
(19,754 missing values generated)
(34,077 missing values generated)
(33,645 missing values generated)
(26,787 missing values generated)
(27,383 missing values generated)
(16,487 missing values generated)
(26,834 missing values generated)
(40,940 missing values generated)
(40,682 missing values generated)
(43,270 missing values generated)
(34,077 missing values generated)
(220,114 missing values generated)
(40,940 missing values generated)
(40,726 missing values generated)
(12,968 missing values generated)
(25,950 missing values generated)
(30,282 missing values generated)
(45,037 missing values generated)
(44,049 missing values generated)
(35,611 missing values generated)
(36,731 missing values generated)
(25,993 missing values generated)
(35,665 missing values generated)
(52,292 missing values generated)
(51,905 missing values generated)
(54,105 missing values generated)
(45,037 missing values generated)
(220,114 missing values generated)
(52,292 missing values generated)
(52,069 missing values generated)
(22,066 missing values generated)
(101,779 missing values generated)
(113,059 missing values generated)
(144,290 missing values generated)
(143,956 missing values generated)
(101,873 missing values generated)
(102,468 missing values generated)
(101,583 missing values generated)
(102,159 missing values generated)
(157,699 missing values generated)
(157,789 missing values generated)
(151,925 missing values generated)
(144,290 missing values generated)
(220,114 missing values generated)
(157,699 missing values generated)
(157,988 missing values generated)
(99,542 missing values generated)
(68,041 missing values generated)
(76,918 missing values generated)
(86,759 missing values generated)
(85,950 missing values generated)
(68,955 missing values generated)
(70,734 missing values generated)
(68,063 missing values generated)
(69,281 missing values generated)
(107,802 missing values generated)
(106,364 missing values generated)
(94,292 missing values generated)
(86,759 missing values generated)
(220,114 missing values generated)
(107,802 missing values generated)
(106,672 missing values generated)
(64,234 missing values generated)

. 
. rename qwi_emp_all qwi_emp

. 
. save QWI_2018_09_18, replace
(file QWI_2018_09_18.dta not found)
file QWI_2018_09_18.dta saved

. 
end of do-file
/Users/mac/JPE-replications/JPE-Mitman-2016256/replication-package/replication-
> package/code

. * ---------------------------------------------------------------------------
. * 3_MakeQWITaxRate.do  ->  QWI_2018_09_18_t.dta   (QWI + state UI tax rate; b
> uild input)
. *
. * STAGE 3 of the 3-stage QWI chain. Appends the state UI-tax rate to QWI_2018
> _09_18:
. * aggregates QWI private payroll to the state x fiscal-year level, merges the
>  state UI tax
. * receipts (UI_Tax_Data_Fips), and forms ui_tax_rate = 1000 * receipts / payr
> oll. The result
. * QWI_2018_09_18_t is the file MakeDataSetsMainPaper_v5_newvac.do merges in (
> consumed var:
. * ui_tax_rate; the QWI wage/emp measures ride along).
. *
. * UI_Tax_Data_Fips provenance (state UI tax, separate input): produced upstre
> am by
. *   Import_State_UI_Tax_Data.do (-> UI_Tax_Data_Final -> UI_Tax_Data_Fips) in
. *   built by BuildUITax.do from DOL/ETA state UI tax receipts (UI_Tax_Data_Fi
> nal, data/raw/).
. * ---------------------------------------------------------------------------
. clear all

. set more off

. 
. global QWIRAW "${rawdata}/QWI"

. global TAXDATA "${rawdata}/UI_Tax_Data_Fips.dta"

. global OUTDIR  "${rawdata}"

. 
. use "${QWIRAW}/QWI_2018_09_18", clear

. 
. gen fipsstate=floor(fipsnumeric/1000)

. 
. gen fiscal_quarter = quarter-2

. replace fiscal_quarter = 3 if quarter==1
(55,419 real changes made)

. replace fiscal_quarter = 4 if quarter==2
(55,535 real changes made)

. gen fiscal_year = year

. replace fiscal_year = fiscal_year+1 if quarter==3 | quarter==4
(109,160 real changes made)

. 
. bys fipsstate fiscal_year: egen state_qwi_wagetot=sum(payrollall)

. 
. merge m:1 fipsstate fiscal_year using "${TAXDATA}"

    Result                      Number of obs
    -----------------------------------------
    Not matched                         1,310
        from master                       970  (_merge==1)
        from using                        340  (_merge==2)

    Matched                           219,144  (_merge==3)
    -----------------------------------------

. drop if _merge==2
(340 observations deleted)

. drop _merge

. 
. gen ui_tax_rate = 1000*UI_Tax_Receipts/state_qwi_wagetot
(970 missing values generated)

. 
. save "${OUTDIR}/QWI_2018_09_18_t", replace
(file
    /Users/mac/JPE-replications/JPE-Mitman-2016256/replication-package/replic
    > ation-package/data/raw/QWI_2018_09_18_t.dta not found)
file
    /Users/mac/JPE-replications/JPE-Mitman-2016256/replication-package/replic
    > ation-package/data/raw/QWI_2018_09_18_t.dta saved

. 
end of do-file
. 
.     * job-finding rate: step 1 (step1_backoutf_fp.m) is MATLAB -- run it firs
> t; steps 2-3 are Stata
.     foreach p in 2_makejobfind 3_MakeQuarterlyF {
  2.         cd "${code}"
  3.         do "build/RawDataScripts/JobFinding/`p'.do"
  4.     }
/Users/mac/JPE-replications/JPE-Mitman-2016256/replication-package/replication-
> package/code

. * ---------------------------------------------------------------------------
. * 2_makejobfind.do  ->  jobfindfp_v12.dta
. *
. * Imports the backed-out monthly job-finding probabilities (jobfindingfp_v12.
> txt,
. * written by step1_backoutf_fp.m) into Stata.
. * ---------------------------------------------------------------------------
. clear all

. set more off

. 
. insheet using "${rawdata}/claims/jobfindingfp_v12.txt", clear
(4 vars, 131,872 obs)

. rename v1 fipsnumeric

. rename v2 year

. rename v3 month

. rename v4 ffp

. sort fipsnumeric year month

. save "${rawdata}/jobfindfp_v12.dta", replace
(file
    /Users/mac/JPE-replications/JPE-Mitman-2016256/replication-package/replic
    > ation-package/data/raw/jobfindfp_v12.dta not found)
file
    /Users/mac/JPE-replications/JPE-Mitman-2016256/replication-package/replic
    > ation-package/data/raw/jobfindfp_v12.dta saved

. 
end of do-file
/Users/mac/JPE-replications/JPE-Mitman-2016256/replication-package/replication-
> package/code

. * ---------------------------------------------------------------------------
. * 3_MakeQuarterlyF.do  ->  quarterly_f.dta   (quarterly county job-finding; b
> uild input)
. *
. * Aggregates the monthly job-finding probability (jobfindfp_v12) to the quart
> er:
. * bounds f_cl in [0.01,0.99] and f_cl2 in [0.05,0.95], compounds the three mo
> nthly
. * rates into a quarterly job-finding rate f_cl_q = 1-(1-f1)(1-f2)(1-f3), and 
> collapses
. * to county x quarter. Feeds f_cl/f_cl2/f_cl_q/f_cl2_q -> logf_cl* in the bui
> ld, used by
. * the JFR (job-finding-rate) IFE experiment (code/exporters/OutputDataSetsUIM
> acro_JFR.do)
. * and code/analysis/Impute_Input.do.
. * ---------------------------------------------------------------------------
. clear all

. set more off

. 
. use "${rawdata}/jobfindfp_v12.dta", clear

. gen quarter=floor((month-1)/3)+1

. 
. gen f_cl=ffp

. gen f_cl2=f_cl

. replace f_cl=0.01  if f_cl<0.01   & ffp~=.
(31,005 real changes made)

. replace f_cl=0.99  if f_cl>0.99   & ffp~=.
(9,724 real changes made)

. replace f_cl2=0.05 if f_cl2<0.05  & ffp~=.
(36,385 real changes made)

. replace f_cl2=0.95 if f_cl2>0.95  & ffp~=.
(9,728 real changes made)

. 
. sort fipsnumeric year quarter month

. by fipsnumeric year quarter: gen f_cl_q =1-(1-f_cl[1]) *(1-f_cl[2]) *(1-f_cl[
> 3])
(2,536 missing values generated)

. by fipsnumeric year quarter: gen f_cl2_q=1-(1-f_cl2[1])*(1-f_cl2[2])*(1-f_cl2
> [3])
(2,536 missing values generated)

. 
. collapse (mean) f_cl_q f_cl2_q (sum) f_cl f_cl2 ffp, by(fipsnumeric year quar
> ter)

. 
. save "${rawdata}/quarterly_f.dta", replace
(file
    /Users/mac/JPE-replications/JPE-Mitman-2016256/replication-package/replic
    > ation-package/data/raw/quarterly_f.dta not found)
file
    /Users/mac/JPE-replications/JPE-Mitman-2016256/replication-package/replic
    > ation-package/data/raw/quarterly_f.dta saved

. 
end of do-file
. 
.     * commuter shares (LODES): aggregate, then match-to-pairs (which internal
> ly runs TransposePairs)
.     foreach p in 1_make_aggregate_byresidence LODES_match_to_pairs_v6 {
  2.         cd "${code}"
  3.         do "build/RawDataScripts/LODES/`p'.do"
  4.     }
/Users/mac/JPE-replications/JPE-Mitman-2016256/replication-package/replication-
> package/code

. * ---------------------------------------------------------------------------
. * 1_make_aggregate_byresidence.do  ->  aggregate_byresidence.dta
. * Derives aggregate_byresidence from commuter_countyFlows (the one provided L
> ODES
. * intermediate), so it is NOT an independent provided input. Run before
. * LODES_match_to_pairs_v6.do.
. *
. * commuter_countyFlows.dta (year h_cty w_cty workers) = county-to-county comm
> uter flows
. * from the public Census LEHD LODES origin-destination data (block OD aggrega
> ted to
. * county). It is shipped as a provided intermediate: the block-level OD raw a
> nd the R
. * aggregation that produced it are not available, but the file is derived ent
> irely from
. * public Census LODES OD.
. *
. * aggregate_byresidence is just commuter_countyFlows aggregated to the reside
> nce county
. * (in-county vs out-of-county workers) plus the LODES-coverage flags. The fla
> gs are
. * state-year-level and mark the known LODES gaps (no LODES for AZ/AR/MS in th
> e earliest
. * years, DC through 2009, WY 2014-15) and their neighbors; encoded here as do
> cumented
. * constants. (code/analysis/Mobility_LODES.do does not use the flags; they ar
> e carried only.)
. * ---------------------------------------------------------------------------
. clear all

. set more off

. 
. global LI "${rawdata}"

. 
. use "${LI}/commuter_countyFlows.dta", clear

. gen byte _in = (h_cty==w_cty)

. bys year h_cty: egen in_county_workers  = sum(workers*_in)

. bys year h_cty: egen _tot               = sum(workers)

. gen out_county_workers = _tot - in_county_workers

. bys year h_cty: keep if _n==1
(7,605,784 observations deleted)

. keep year h_cty in_county_workers out_county_workers

. gen pct_incounty  = 100*in_county_workers /(in_county_workers+out_county_work
> ers)

. gen pct_outcounty = 100*out_county_workers/(in_county_workers+out_county_work
> ers)

. gen STATE = floor(h_cty/1000)

. 
. * LODES-coverage flags (state x year), documented constants:
. gen fl_miss = 0

. replace fl_miss=1 if (STATE==4 & inlist(year,2002,2003)) | (STATE==5 & year==
> 2002) ///
>    | (STATE==11 & inrange(year,2002,2009)) | (STATE==28 & inlist(year,2002,20
> 03)) ///
>    | (STATE==56 & inlist(year,2014,2015))
(323 real changes made)

. gen fl_neighbor = 0

. replace fl_neighbor=1 if (STATE==1 & inlist(year,2002,2003)) | (STATE==5 & in
> list(year,2002,2003)) ///
>    | (STATE==6 & inlist(year,2002,2003)) | (STATE==8 & inlist(year,2002,2003,
> 2014,2015)) ///
>    | (STATE==12 & inlist(year,2002,2003)) | (STATE==16 & inlist(year,2014,201
> 5)) ///
>    | (STATE==22 & inlist(year,2002,2003)) | (STATE==24 & inrange(year,2002,20
> 09)) ///
>    | (STATE==28 & year==2002) | (STATE==29 & year==2002) | (STATE==30 & inlis
> t(year,2014,2015)) ///
>    | (STATE==31 & inlist(year,2014,2015)) | (STATE==32 & inlist(year,2002,200
> 3)) ///
>    | (STATE==35 & inlist(year,2002,2003)) | (STATE==40 & year==2002) | (STATE
> ==46 & inlist(year,2014,2015)) ///
>    | (STATE==47 & inlist(year,2002,2003)) | (STATE==48 & year==2002) ///
>    | (STATE==49 & inlist(year,2002,2003,2014,2015)) | (STATE==51 & inrange(ye
> ar,2002,2009))
(3,626 real changes made)

. 
. order STATE year h_cty in_county_workers out_county_workers pct_incounty pct_
> outcounty fl_miss fl_neighbor

. sort h_cty year

. save "${LI}/aggregate_byresidence", replace
(file
    /Users/mac/JPE-replications/JPE-Mitman-2016256/replication-package/replic
    > ation-package/data/raw/aggregate_byresidence.dta not found)
file
    /Users/mac/JPE-replications/JPE-Mitman-2016256/replication-package/replic
    > ation-package/data/raw/aggregate_byresidence.dta saved

. 
end of do-file
/Users/mac/JPE-replications/JPE-Mitman-2016256/replication-package/replication-
> package/code

. clear all

. capture log close

. set more off

. * pair list source: the shipped border panel (pair_id_numeric/county_index/fi
> psnumeric
. * are identical to every RevisionData vintage, which is built from it)
. global CurrentData = "NewLAUSBorderData2014_final24Nov16.dta"

. global path_county_data "${rawdata}"

. global lodescode "${code}/build/RawDataScripts/LODES"

. global maindir "${rawdata}"

. global sep = "/"

. * flat layout: inputs/outputs live directly in the data dir; the helper scrip
> t
. * (TransposePairs.do) lives next to this file
. global inputdir = "${maindir}"

. global outputdir = "${maindir}"

. global codedir = "${lodescode}"

. global logfile=c(current_date)

. global logfile=subinstr("$logfile"," ","_",.)

. global logfile="matching_LODES_to_borderpairs_$logfile"

. 
. *capture noisily log using "${outputdir}${sep}logfile.log", replace
. 
. cd "$path_county_data"
/Users/mac/JPE-replications/JPE-Mitman-2016256/replication-package/replication-
> package/data/raw

. u ${CurrentData}, clear

. sort pair_id_numeric year quarter county_index

. duplicates drop pair_id_numeric county_index, force

Duplicates in terms of pair_id_numeric county_index

(700,856 observations deleted)

. keep pair_id_numeric county_index fipsnumeric

. drop if pair_id_numeric==.
(0 observations deleted)

. reshape wide fipsnumeric, i(pair_id_numeric) j(county_index)
(j = 1 2)

Data                               Long   ->   Wide
-----------------------------------------------------------------------------
Number of observations            2,344   ->   1,172       
Number of variables                   3   ->   3           
j variable (2 values)      county_index   ->   (dropped)
xij variables:
                            fipsnumeric   ->   fipsnumeric1 fipsnumeric2
-----------------------------------------------------------------------------

. ren fipsnumeric1 h_cty

. ren fipsnumeric2 w_cty

. 
. gen h_st = floor(h_cty/1000)

. gen w_st = floor(w_cty/1000)

. drop if h_st==w_st              // normally this shouldn't happen, but our pa
> ir data has (very few) wrong observations.
(0 observations deleted)

. cd $inputdir
/Users/mac/JPE-replications/JPE-Mitman-2016256/replication-package/replication-
> package/data/raw

. save county_pairs, replace
(file county_pairs.dta not found)
file county_pairs.dta saved

. 
. cd $codedir
/Users/mac/JPE-replications/JPE-Mitman-2016256/replication-package/replication-
> package/code/build/RawDataScripts/LODES

. do TransposePairs

. use "${rawdata}/county_pairs.dta", clear

. 
. gen county_index=1

. 
.  save "${rawdata}/county_pairs_1.dta", replace
(file
    /Users/mac/JPE-replications/JPE-Mitman-2016256/replication-package/replic
    > ation-package/data/raw/county_pairs_1.dta not found)
file
    /Users/mac/JPE-replications/JPE-Mitman-2016256/replication-package/replic
    > ation-package/data/raw/county_pairs_1.dta saved

. drop county_index 

.  
. gen temp1=w_cty

. replace w_cty=h_cty
(1,172 real changes made)

. replace h_cty=temp1
(1,172 real changes made)

. replace temp1=w_st
(1,172 real changes made)

. replace w_st=h_st
(1,172 real changes made)

. replace h_st=w_st
(0 real changes made)

. gen county_index=2

. drop temp1

. rename pair_id_numeric pair_id_numeric2

. rename county_index     county_index2

.  save "${rawdata}/county_pairs_2.dta", replace
(file
    /Users/mac/JPE-replications/JPE-Mitman-2016256/replication-package/replic
    > ation-package/data/raw/county_pairs_2.dta not found)
file
    /Users/mac/JPE-replications/JPE-Mitman-2016256/replication-package/replic
    > ation-package/data/raw/county_pairs_2.dta saved

. 
end of do-file

. 
. 
. cd $inputdir
/Users/mac/JPE-replications/JPE-Mitman-2016256/replication-package/replication-
> package/data/raw

. 
. * Step 1: Obtain total residents in a county that work
. u aggregate_byresidence

. merge 1:m year h_cty using $inputdir${sep}commuter_countyFlows, nogen

    Result                      Number of obs
    -----------------------------------------
    Not matched                             0
    Matched                         7,649,772  
    -----------------------------------------

. keep year h_cty w_cty workers fl_* in_county_workers

. 
. sort year h_cty w_cty

. bys year h_cty: egen emp_byresidence = sum(workers)

. 
. * Step 2: Compute out-of-state commuters
. ren workers commuters

. 
. gen h_st = floor(h_cty/1000)

. gen w_st = floor(w_cty/1000)

. order year h_cty w_cty h_st w_st

. 
. by year h_cty: egen temp = sum(commuters) if h_st ~= w_st
(2,741,155 missing values generated)

. by year h_cty: egen commuter_outofstate = min(temp)
(12,440 missing values generated)

. gen fr_st_commuter = commuter_outofstate/emp_byresidence
(12,440 missing values generated)

. drop temp

. *br year h_cty w_cty h_st w_st commuters commuter_outofstate emp_byresidence 
> share_commuter_state
. 
. 
. * Step 3: Compute commuters for county pairs
. drop if h_cty == w_cty
(43,507 observations deleted)

. drop if h_st  == w_st
(2,697,648 observations deleted)

. gen fr_cty_commuter = commuters/emp_byresidence /*if h_cty ~= w_cty*/

. 
. foreach var of varlist fr_st_commuter commuters fr_cty_commuter{
  2. replace `var'=. if in_county_workers==0
  3. }
(52,055 real changes made, 52,055 to missing)
(52,055 real changes made, 52,055 to missing)
(52,055 real changes made, 52,055 to missing)

. 
. 
. order year h_cty  w_cty h_st w_st commuters emp_byresidence fr_st_commuter fr
> _cty_commuter fl_* in_county_workers

. keep  year h_cty  w_cty h_st w_st commuters emp_byresidence fr_st_commuter fr
> _cty_commuter fl_* in_county_workers

. 
. 
. 
. 
. sort year h_cty w_cty

. * Step 3: Add variable labels
. la var h_cty "County of residence"

. la var w_cty "County of work"

. la var h_st "State of residence"

. la var w_st "State of work"

. la var emp_byresidence "Employed residents"

. /*la var commuters "# Commuters"
> la var commuter_outofstate "# Commuters out of state"*/
. la var fr_cty_commuter "fraction commuters by county pairs"

. la var fr_st_commuter "fraction commuters out of state"

. la var fl_miss "Flag for affected state-years"

. la var fl_neighbor "Flag for affected neighboring states"

. 
. cd $outputdir
/Users/mac/JPE-replications/JPE-Mitman-2016256/replication-package/replication-
> package/data/raw

. *erase aggregate_byresidence_total.dta
. *capture noisily log close
. 
. * merge to border county pairs
. sort h_cty w_cty year

. merge m:1 h_cty w_cty using $inputdir${sep}county_pairs_1

    Result                      Number of obs
    -----------------------------------------
    Not matched                     4,893,197
        from master                 4,893,195  (_merge==1)
        from using                          2  (_merge==2)

    Matched                            15,422  (_merge==3)
    -----------------------------------------

. 
. drop if _merge==2               // 2 pairs not matched.
(2 observations deleted)

. 
. // gen whether_pair=.
. // replace whether_pair=1 if _merge==3
. // replace whether_pair=0 if _merge==1
. drop _merge

. 
. merge m:1 h_cty w_cty using $inputdir${sep}county_pairs_2

    Result                      Number of obs
    -----------------------------------------
    Not matched                     4,893,150
        from master                 4,893,146  (_merge==1)
        from using                          4  (_merge==2)

    Matched                            15,471  (_merge==3)
    -----------------------------------------

. drop if _merge==2               // 2 pairs not matched.
(4 observations deleted)

. // replace whether_pair=1 if _merge==3
. // replace whether_pair=0 if _merge==1
. drop _merge

. 
. replace pair_id_numeric = pair_id_numeric2 if pair_id_numeric==. & pair_id_nu
> meric2~=.
(15,471 real changes made)

. replace county_index = county_index2 if county_index==. & county_index2~=.
(15,471 real changes made)

. 
. keep if pair_id_numeric~=.
(4,877,724 observations deleted)

. drop county_index2 pair_id_numeric2

. 
. 
. save fraction_commuters_lite_flag, replace
(file fraction_commuters_lite_flag.dta not found)
file fraction_commuters_lite_flag.dta saved

. 
end of do-file
. 
.     * Bartik shocks (needs QWI_2018_09_18 + the LAUS border panel)
.     cd "${code}"
/Users/mac/JPE-replications/JPE-Mitman-2016256/replication-package/replication-
> package/code
.     do "build/RawDataScripts/Bartik/MakeBartikShocks.do"

. * ---------------------------------------------------------------------------
. * MakeBartikShocks.do  ->  bartik_shocks.dta   (county Bartik labor-demand sh
> ocks)
. * ---------------------------------------------------------------------------
. clear all

. set maxvar 32000


. set more off

. 
. global direc "${rawdata}/"

. global LAUSB  = "${rawdata}/NewLAUSBorderData2014_final24Nov16"

. global QWI18  = "${rawdata}/QWI/QWI_2018_09_18.dta"

. 
. use "${LAUSB}"

. 
. merge m:1 fipsnumeric year quarter using "${QWI18}"

    Result                      Number of obs
    -----------------------------------------
    Not matched                       350,956
        from master                   210,801  (_merge==1)
        from using                    140,155  (_merge==2)

    Matched                           492,399  (_merge==3)
    -----------------------------------------

. 
. replace fipsstate =floor(fipsnumeric/1000) if fipsstate ==.
(140,155 real changes made)

. gen nonborder=0

. replace nonborder=1 if _merge==2
(140,155 real changes made)

. 
. bys fipsnumeric year quarter: keep if _n==1
(589,800 observations deleted)

. 
. * value-preserving bridge (see header)
. foreach i in "agg" "min" "utl" "con" "who" "inf" "fin" "rea" "pro" "com" "adm
> " "edu" "hea" "ser" "pub" "tra" {
  2.     capture confirm variable qwi_emp_`i'
  3.     if _rc {
  4.         rename emp`i' qwi_emp_`i'
  5.     }
  6. }

. 
. bys year quarter: egen nat_qwi_all=sum(qwi_emp)

. bys fipsstate year quarter: egen state_qwi_all=sum(qwi_emp)

. bys fipsstate year quarter nonborder: egen temp_qwi_all=sum(qwi_emp)

. replace temp_qwi_all=-10000 if nonborder==0
(113,400 real changes made)

. bys fipsstate year quarter: egen hinter_qwi_all=max(temp_qwi_all)

. drop temp_qwi_all

. 
. foreach i in "agg" "min" "utl" "con" "who" "inf" "fin" "rea" "pro" "com" "adm
> " "edu" "hea" "art" "foo" "ser" "pub" "man" "ret" "tra" {
  2. bys year quarter: egen nat_qwi_`i'=sum(qwi_emp_`i')
  3. bys fipsstate year quarter: egen state_qwi_`i'=sum(qwi_emp_`i')
  4. bys fipsstate year quarter nonborder: egen temp_qwi_`i'=sum(qwi_emp_`i')
  5. replace temp_qwi_`i'=0 if nonborder==0
  6. bys fipsstate year quarter: egen hinter_qwi_`i'=max(temp_qwi_`i')
  7. drop temp_qwi_`i'
  8. gen xstate_qwi_`i'=nat_qwi_`i'-state_qwi_`i'
  9. gen xhinter_qwi_`i'=nat_qwi_`i'-hinter_qwi_`i'
 10. gen xcounty_qwi_`i'=nat_qwi_`i'-qwi_emp_`i'
 11. gen tstate_share_`i'=0
 12. gen thinter_share_`i'=0
 13. gen tcounty_share_`i'=0
 14. replace tstate_share_`i'=state_qwi_`i'/state_qwi_all if year==2004 & quart
> er==1
 15. replace thinter_share_`i'=hinter_qwi_`i'/hinter_qwi_all if year==2004 & qu
> arter==1
 16. replace tcounty_share_`i'=qwi_emp_`i'/qwi_emp if year==2004 & quarter==1
 17. bys fipsstate: egen state_share_`i'=max(tstate_share_`i')
 18. bys fipsstate: egen hinter_share_`i'=max(thinter_share_`i')
 19. bys fipsnumeric: egen county_share_`i'=max(tcounty_share_`i')
 20. drop tstate_share_`i'
 21. drop thinter_share_`i'
 22. drop tcounty_share_`i'
 23. }
(78,796 real changes made)
(55,890 missing values generated)
(3,102 real changes made, 24 to missing)
(3,085 real changes made, 15 to missing)
(3,091 real changes made, 312 to missing)
(78,661 real changes made)
(147,909 missing values generated)
(3,102 real changes made, 24 to missing)
(3,085 real changes made, 15 to missing)
(3,058 real changes made, 1,684 to missing)
(78,833 real changes made)
(132,323 missing values generated)
(3,102 real changes made, 24 to missing)
(3,085 real changes made, 15 to missing)
(3,054 real changes made, 1,383 to missing)
(78,833 real changes made)
(41,256 missing values generated)
(3,102 real changes made, 24 to missing)
(3,085 real changes made, 15 to missing)
(3,097 real changes made, 100 to missing)
(78,833 real changes made)
(45,307 missing values generated)
(3,102 real changes made, 24 to missing)
(3,085 real changes made, 15 to missing)
(3,094 real changes made, 134 to missing)
(78,833 real changes made)
(69,262 missing values generated)
(3,102 real changes made, 24 to missing)
(3,085 real changes made, 15 to missing)
(3,081 real changes made, 501 to missing)
(78,833 real changes made)
(43,635 missing values generated)
(3,102 real changes made, 24 to missing)
(3,085 real changes made, 15 to missing)
(3,102 real changes made, 121 to missing)
(78,833 real changes made)
(67,811 missing values generated)
(3,102 real changes made, 24 to missing)
(3,085 real changes made, 15 to missing)
(3,080 real changes made, 458 to missing)
(78,833 real changes made)
(45,267 missing values generated)
(3,102 real changes made, 24 to missing)
(3,085 real changes made, 15 to missing)
(3,098 real changes made, 161 to missing)
(78,628 real changes made)
(160,939 missing values generated)
(3,102 real changes made, 24 to missing)
(3,071 real changes made, 15 to missing)
(3,072 real changes made, 1,824 to missing)
(78,833 real changes made)
(61,316 missing values generated)
(3,102 real changes made, 24 to missing)
(3,085 real changes made, 15 to missing)
(3,083 real changes made, 398 to missing)
(78,833 real changes made)
(141,335 missing values generated)
(3,102 real changes made, 24 to missing)
(3,068 real changes made, 15 to missing)
(3,067 real changes made, 1,564 to missing)
(78,833 real changes made)
(43,057 missing values generated)
(3,102 real changes made, 24 to missing)
(3,085 real changes made, 15 to missing)
(3,095 real changes made, 110 to missing)
(78,833 real changes made)
(86,961 missing values generated)
(3,102 real changes made, 24 to missing)
(3,085 real changes made, 15 to missing)
(3,076 real changes made, 803 to missing)
(78,833 real changes made)
(40,640 missing values generated)
(3,102 real changes made, 24 to missing)
(3,085 real changes made, 15 to missing)
(3,099 real changes made, 84 to missing)
(78,833 real changes made)
(41,884 missing values generated)
(3,102 real changes made, 24 to missing)
(3,085 real changes made, 15 to missing)
(3,100 real changes made, 102 to missing)
(11,307 real changes made)
(245,080 missing values generated)
(583 real changes made, 24 to missing)
(472 real changes made, 15 to missing)
(3,034 real changes made, 3,025 to missing)
(78,833 real changes made)
(51,439 missing values generated)
(3,102 real changes made, 24 to missing)
(3,085 real changes made, 15 to missing)
(3,095 real changes made, 226 to missing)
(78,833 real changes made)
(38,094 missing values generated)
(3,102 real changes made, 24 to missing)
(3,085 real changes made, 15 to missing)
(3,102 real changes made, 47 to missing)
(78,833 real changes made)
(49,269 missing values generated)
(3,102 real changes made, 24 to missing)
(3,085 real changes made, 15 to missing)
(3,093 real changes made, 214 to missing)

. 
. tsset fipsnumeric quarter_index

Panel variable: fipsnumeric (unbalanced)
 Time variable: quarter_index, -59 to 99
         Delta: 1 unit

. 
. foreach i in "agg" "min" "utl" "con" "who" "inf" "fin" "rea" "pro" "com" "adm
> " "edu" "hea" "art" "foo" "ser" "pub" "man" "ret" "tra" {
  2.     gen dnat_`i'=ln(nat_qwi_`i')-ln(L.nat_qwi_`i')
  3. }
(5,452 missing values generated)
(5,452 missing values generated)
(5,452 missing values generated)
(5,452 missing values generated)
(5,452 missing values generated)
(5,452 missing values generated)
(5,452 missing values generated)
(5,452 missing values generated)
(5,452 missing values generated)
(5,452 missing values generated)
(5,452 missing values generated)
(5,452 missing values generated)
(5,452 missing values generated)
(5,452 missing values generated)
(5,452 missing values generated)
(5,452 missing values generated)
(5,452 missing values generated)
(5,452 missing values generated)
(5,452 missing values generated)
(5,452 missing values generated)

. 
. gen bartik_state=0

. gen bartik_hinter=0

. gen bartik_county=0

. 
. foreach i in "agg" "min" "utl" "con" "who" "inf" "fin" "rea" "pro" "com" "adm
> " "edu" "hea" "art" "foo" "ser" "pub" "man" "ret" "tra" {
  2.     replace bartik_state=bartik_state+state_share_`i'*dnat_`i'
  3.     replace bartik_hinter=bartik_hinter+hinter_share_`i'*dnat_`i'
  4.     replace bartik_county=bartik_county+county_share_`i'*dnat_`i'
  5. }
(251,612 real changes made, 5,452 to missing)
(250,836 real changes made, 5,452 to missing)
(228,415 real changes made, 5,452 to missing)
(246,160 real changes made)
(245,384 real changes made)
(111,023 real changes made)
(246,160 real changes made)
(245,384 real changes made)
(134,656 real changes made)
(246,160 real changes made)
(245,384 real changes made)
(239,527 real changes made)
(246,160 real changes made)
(245,384 real changes made)
(236,718 real changes made)
(246,160 real changes made)
(245,384 real changes made)
(206,428 real changes made)
(246,160 real changes made)
(245,384 real changes made)
(238,390 real changes made)
(246,160 real changes made)
(245,384 real changes made)
(209,416 real changes made)
(246,160 real changes made)
(245,384 real changes made)
(234,931 real changes made)
(246,160 real changes made)
(244,182 real changes made)
(100,826 real changes made)
(246,160 real changes made)
(245,384 real changes made)
(214,553 real changes made)
(246,160 real changes made)
(243,890 real changes made)
(120,554 real changes made)
(246,160 real changes made)
(245,384 real changes made)
(238,716 real changes made)
(246,160 real changes made)
(245,384 real changes made)
(182,787 real changes made)
(246,160 real changes made)
(245,384 real changes made)
(241,231 real changes made)
(246,160 real changes made)
(245,384 real changes made)
(239,767 real changes made)
(44,644 real changes made)
(35,506 real changes made)
(691 real changes made)
(246,160 real changes made)
(245,384 real changes made)
(229,117 real changes made)
(246,160 real changes made)
(245,384 real changes made)
(244,365 real changes made)
(246,160 real changes made)
(245,384 real changes made)
(230,219 real changes made)

. 
. keep fipsnumeric year quarter quarter_index bartik_*

. save "${rawdata}/bartik_shocks", replace
(file
    /Users/mac/JPE-replications/JPE-Mitman-2016256/replication-package/replic
    > ation-package/data/raw/bartik_shocks.dta not found)
file
    /Users/mac/JPE-replications/JPE-Mitman-2016256/replication-package/replic
    > ation-package/data/raw/bartik_shocks.dta saved

. 
end of do-file
. 
.     * NOTE: the synthetic HWOL stand-ins are PROVIDED in synthetic-data/ and 
> are NOT
.     * regenerated here. build/Make_Synthetic_Vacancies.do (county; seeded Bev
> eridge model
.     * on public JOLTS/LAUS) reads the BUILT UIMacro_RevisionData, so it can o
> nly be re-run
.     * AFTER a full Stage-2 build (run it, then rebuild, to demonstrate the re
> cipe).
.     * build/Make_Synthetic_StateBorderData.do (the STATE-level synthetic gene
> rator)
.     * is NOT run here -- it anonymizes the licensed HWOL state panel, which i
> s not in this
.     * archive. Its output ships as synthetic-data/StateMonthlyBorderData_synt
> hetic.dta;
.     * only the Data Editor (with the licensed panel) can regenerate it.
. 
.     * placebo benefit-weeks panel
.     cd "${code}"
/Users/mac/JPE-replications/JPE-Mitman-2016256/replication-package/replication-
> package/code
.     do "build/Make_PlaceboWeeksData.do"

. * ---------------------------------------------------------------------------
. * Make_PlaceboWeeksData.do  ->  ${rawdata}/PlaceboWeeksData.dta
. *
. * Builds the ARTIFICIAL placebo-benefit-weeks panel used by the placebo test
. * (§sec:placebo_test; inline numbers 0.008/0.35 and the 1996-2001 footnote 0.
> 015).
. *
. * Recipe: starting from public BLS state monthly unemployment rates (unadjust
> ed +
. * seasonally adjusted), assign each state-month a HYPOTHETICAL maximum-benefi
> t-weeks
. * schedule = 26 base weeks, bumped to 26+13=39 whenever the trailing 3-month 
> average
. * of the state unemployment rate exceeds a threshold x (4/5/6/7 percent), und
> er both
. * the unadjusted (pwks_u{x}_13) and seasonally-adjusted (pwks_sa{x}_13) rate,
>  then
. * collapse to (fipsstate year quarter). The paper's reported placebo trigger 
> is
. * sa6 (3-mo avg SA state urate > 6%). No real benefit extensions occur in 199
> 6-2000,
. * so any estimated "effect" of this fake schedule is a placebo.
. *
. * INPUTS (public BLS LAUS state monthly rates, copied into $maindirectory):
. *   laus_state_u.dta   : fipsstate year month state_unemp_rate_u   (NOT seas.
>  adj.)
. *   laus_state_sa.dta  : fipsstate year month state_unemp_rate_sa  (seas. adj
> .)
. * Both span 1976-2015, in percent (BLS LAUS state series; rebuilt from the ra
> w
. *   extracts by LAUS steps 6-7).
. * OUTPUT: PlaceboWeeksData.dta keyed (fipsstate year quarter) with pwks_{u,sa
> }{4,5,6,7}_13
. * (plus state* and the switch/on indicators), consumed by
. * code/exporters/OutputDataSetsUIMacro_Placebo.do via ${placebofile}.
. * ---------------------------------------------------------------------------
. 
. do "config.do"

. * ===========================================================================
. * config.do  --  single path configuration for the replication archive.
. *
. * HOW TO RUN: from a Stata session whose working directory is `code/`, first
. *     do "config.do"
. * then run any pipeline script (also from `code/`), e.g. `do build/UIMacro_Bu
> ildData.do`.
. * Each pipeline script re-runs this file itself, so you can also run them dir
> ectly
. * from `code/`. EDIT THE ONE LINE below to this archive's location on your ma
> chine.
. * ===========================================================================
. 
. global root "/Users/mac/JPE-replications/JPE-Mitman-2016256/replication-packa
> ge/replication-package"          //  <-- EDIT: path to this archive

. 
. * --- derived locations (do not edit) ---
. global code          "${root}/code"

. global rawdata       "${root}/data/raw"

. global processed     "${root}/data/processed"

. global output        "${root}/output"

. global tables        "${output}/tables"

. global figures       "${output}/figures"

. global factor_csv    "${output}/factor_results"      // analysis/Matlab resul
> t CSVs (make_tables reads)

. global factor_inputs "${output}/factor_inputs"       // per-pair QBLS handoff
>  (regenerated by exporters)

. global synthetic     "${root}/synthetic-data"

. 
. * --- analysis convenience: cd "${maindirectory}"; use "${CurrentData}" / "${
> DataControls}.dta" ---
. global maindirectory "${processed}/"

. global CurrentData   "UIMacro_RevisionData.dta"

. global DataControls  "UIMacro_DataControls"

. global Wages         "ProcessedWages.dta"

. global outdirectory  "${factor_inputs}/"             // exporters write QBLS 
> here

. global latexdir      "${factor_csv}/"                // analysis/Matlab resul
> t CSVs (make_tables reads)

. 
. * --- vacancy data switch ---------------------------------------------------
. * vacfile/statefile are the two PROVIDED synthetic stand-ins for the propriet
> ary HWOL
. * inputs (synthetic-data/; the confidential HWOL data are NOT in this archive
> ). To reproduce the PUBLISHED (HWOL)
. * vacancy numbers, the Data Editor replaces these two files with the licensed
>  Conference
. * Board HWOL data and re-runs. See code/build/SYNTHETIC_VACANCY_PATH.md.
. global vacfile      "${synthetic}/new_vac_synthetic.dta"

. global statefile    "${synthetic}/StateMonthlyBorderData_synthetic.dta"

. * ImputedDataBorder is a BUILT intermediate, NOT shipped: the replicator gene
> rates it by
. * running the imputation (analysis/Impute_Input.do -> matlab/Run_Impute_Borde
> r.m ->
. * analysis/Impute_to_Stata.do) on ${vacfile}; it lands in data/processed/ (sy
> nthetic by
. * default, the real version if the Data Editor swaps in HWOL).
. global ImputedFile  "${processed}/ImputedDataBorder.dta"

. 
. * --- figure styling: the published figures were drawn under the classic
. * s2color scheme; Stata 18+ defaults to stcolor, which changes gridlines,
. * markers, and legend styling. Pin the scheme so regenerated figures match.
. cap set scheme s2color

. 
. * ensure the built-output folders exist (the archive ships them empty / absen
> t)
. cap mkdir "${processed}"

. cap mkdir "${output}"

. cap mkdir "${tables}"

. cap mkdir "${figures}"

. cap mkdir "${factor_csv}"

. cap mkdir "${factor_inputs}"

. 
. local ssc_packages "reghdfe binscatter regife outreg2 ftools coefplot tuples 
> hdfe mat2txt ivreg2 ranktest"

. if !missing("`ssc_packages'") { 
.         foreach pkg in `ssc_packages' {
  2.                 capture which `pkg' 
  3.                 if _rc == 111 {
  4.                         dis "Installing `pkg'"
  5.                         ssc install `pkg', replace
  6.                         }
  7.                 which `pkg' 
  8.                 }
/Users/mac/Library/Application Support/Stata/ado/plus/r/reghdfe.ado
*! version 6.13.1 10Jan2026
/Users/mac/Library/Application Support/Stata/ado/plus/b/binscatter.ado
*! version 7.02  24nov2013  Michael Stepner, stepner@mit.edu
/Users/mac/Library/Application Support/Stata/ado/plus/r/regife.ado
/Users/mac/Library/Application Support/Stata/ado/plus/o/outreg2.ado
*! outreg2 2.3.2  17aug2014 by roywada@hotmail.com
*! based on outreg 3.0.6/4.0.0 by john_gallup@alum.swarthmore.edu
/Users/mac/Library/Application Support/Stata/ado/plus/f/ftools.ado
*! version 2.50.0 09jan2026
/Users/mac/Library/Application Support/Stata/ado/plus/c/coefplot.ado
*! version 1.8.6  22feb2023  Ben Jann
/Users/mac/Library/Application Support/Stata/ado/plus/t/tuples.ado
*! version 4.3.0  25sep2025
/Users/mac/Library/Application Support/Stata/ado/plus/h/hdfe.ado
*! reghdfe 3.2.9 21feb2016
*! Sergio Correia (sergio.correia@duke.edu)
/Users/mac/Library/Application Support/Stata/ado/plus/m/mat2txt.ado
*! 1.1.2 Ben Jann 24 Nov 2004
*! 1.1.1 M Blasnik 18 Feb 2004
/Users/mac/Library/Application Support/Stata/ado/plus/i/ivreg2.ado
*! ivreg2 4.1.12  14aug2024
*! authors cfb & mes
*! see end of file for version comments
/Users/mac/Library/Application Support/Stata/ado/plus/r/ranktest.ado
*! ranktest 2.0.04  21sept2020
*! authors mes & fw; KP stat based on code by fk
*! see end of file for version comments
. }

. 
end of do-file

. global maindirectory = "${rawdata}/"

. cd "$maindirectory"
/Users/mac/JPE-replications/JPE-Mitman-2016256/replication-package/replication-
> package/data/raw

. 
. set more off, perm
(set more preference recorded)

. 
. use "${rawdata}/laus_state_u.dta", clear

. merge 1:1 fipsstate year month using "${rawdata}/laus_state_sa.dta"

    Result                      Number of obs
    -----------------------------------------
    Not matched                             0
    Matched                            24,856  (_merge==3)
    -----------------------------------------

. drop _merge

. 
. gen month_index=(year-2005)*12+month

. xtset fipsstate month_index

Panel variable: fipsstate (strongly balanced)
 Time variable: month_index, -347 to 130
         Delta: 1 unit

. 
. * trailing 3-month average of the state unemployment rate (the extension trig
> ger)
. by fipsstate: gen lagged_q_u_u  = (L1.state_unemp_rate_u +L2.state_unemp_rate
> _u +L3.state_unemp_rate_u )/3
(156 missing values generated)

. by fipsstate: gen lagged_q_u_sa = (L1.state_unemp_rate_sa+L2.state_unemp_rate
> _sa+L3.state_unemp_rate_sa)/3
(156 missing values generated)

. 
. forvalues y=13/13{
  2. forvalues x=4/7{
  3. 
.         gen pwks_u`x'_`y'=26
  4.         gen pwks_sa`x'_`y'=26
  5. 
.         replace pwks_u`x'_`y'=26+`y' if lagged_q_u_u>`x'
  6.         replace pwks_sa`x'_`y'=26+`y' if lagged_q_u_sa>`x'
  7. 
. }
  8. }
(21,242 real changes made)
(21,304 real changes made)
(16,632 real changes made)
(16,712 real changes made)
(11,622 real changes made)
(11,570 real changes made)
(7,645 real changes made)
(7,552 real changes made)

. 
. gen quarter = ceil(month/3)

. 
. collapse state* pwks_* lagged*, by(fipsstate year quarter)

. 
. sort fipsstate year quarter

. gen quarter_index=(year-2005)*4+quarter

. xtset fipsstate quarter_index

Panel variable: fipsstate (strongly balanced)
 Time variable: quarter_index, -115 to 44
         Delta: 1 unit

. 
. forvalues y=13/13{
  2. forvalues x=4/7{
  3. 
.         gen switch_u`x'_`y'=0
  4.         gen switch_sa`x'_`y'=0
  5.         gen on_u`x'_`y'=0
  6.         gen on_sa`x'_`y'=0
  7. 
.         by fipsstate: replace switch_u`x'_`y'=1  if D1.pwks_u`x'_`y'~=0 & D1.
> pwks_u`x'_`y'~=.
  8.         by fipsstate: replace switch_sa`x'_`y'=1 if D1.pwks_sa`x'_`y'~=0 &
>  D1.pwks_sa`x'_`y'~=.
  9. 
.         by fipsstate: replace on_u`x'_`y'=1  if pwks_u`x'_`y'>26 & pwks_u`x'_
> `y'~=.
 10.         by fipsstate: replace on_sa`x'_`y'=1 if pwks_sa`x'_`y'>26 & pwks_s
> a`x'_`y'~=.
 11. 
. }
 12. }
(793 real changes made)
(348 real changes made)
(7353 real changes made)
(7209 real changes made)
(1,220 real changes made)
(550 real changes made)
(5928 real changes made)
(5704 real changes made)
(1,292 real changes made)
(624 real changes made)
(4265 real changes made)
(3993 real changes made)
(1,091 real changes made)
(557 real changes made)
(2872 real changes made)
(2633 real changes made)

. 
. save "${rawdata}/PlaceboWeeksData.dta", replace
(file
    /Users/mac/JPE-replications/JPE-Mitman-2016256/replication-package/replic
    > ation-package/data/raw/PlaceboWeeksData.dta not found)
file
    /Users/mac/JPE-replications/JPE-Mitman-2016256/replication-package/replic
    > ation-package/data/raw/PlaceboWeeksData.dta saved

. 
end of do-file
. }

. 
. *----------------------------------------------------------------------------
> -----------------
. * STAGE 2 -- master datasets (always)
. *----------------------------------------------------------------------------
> -----------------
. cd "${code}"
/Users/mac/JPE-replications/JPE-Mitman-2016256/replication-package/replication-
> package/code

. do "build/UIMacro_BuildData.do"

. *****************************************************************************
> *****************
. * UIMacro_BuildData.do -- build the master datasets (data/processed) from dat
> a/raw.
. * Run from the `code/` directory:  do "config.do"  then  do "build/UIMacro_Bu
> ildData.do"
. * (this file re-sources config after `clear all`). The vacancy file defaults 
> to the public
. * synthetic stand-in via config (${vacfile}); the Data Editor swaps in real H
> WOL to reproduce
. * the published vacancy numbers. See build/SYNTHETIC_VACANCY_PATH.md.
. *****************************************************************************
> *****************
. clear all

. drop _all

. set matsize 11000
set matsize ignored.
    Matrix sizes are no longer limited by c(matsize) in modern Statas.
    Matrix sizes are now limited by edition of Stata.  See limits for more
    details.

. set maxvar 32767


. set more off, perm
(set more preference recorded)

. 
. do "config.do"                 // sets ${rawdata} ${processed} ${vacfile} ...
>  (run from code/)

. * ===========================================================================
. * config.do  --  single path configuration for the replication archive.
. *
. * HOW TO RUN: from a Stata session whose working directory is `code/`, first
. *     do "config.do"
. * then run any pipeline script (also from `code/`), e.g. `do build/UIMacro_Bu
> ildData.do`.
. * Each pipeline script re-runs this file itself, so you can also run them dir
> ectly
. * from `code/`. EDIT THE ONE LINE below to this archive's location on your ma
> chine.
. * ===========================================================================
. 
. global root "/Users/mac/JPE-replications/JPE-Mitman-2016256/replication-packa
> ge/replication-package"          //  <-- EDIT: path to this archive

. 
. * --- derived locations (do not edit) ---
. global code          "${root}/code"

. global rawdata       "${root}/data/raw"

. global processed     "${root}/data/processed"

. global output        "${root}/output"

. global tables        "${output}/tables"

. global figures       "${output}/figures"

. global factor_csv    "${output}/factor_results"      // analysis/Matlab resul
> t CSVs (make_tables reads)

. global factor_inputs "${output}/factor_inputs"       // per-pair QBLS handoff
>  (regenerated by exporters)

. global synthetic     "${root}/synthetic-data"

. 
. * --- analysis convenience: cd "${maindirectory}"; use "${CurrentData}" / "${
> DataControls}.dta" ---
. global maindirectory "${processed}/"

. global CurrentData   "UIMacro_RevisionData.dta"

. global DataControls  "UIMacro_DataControls"

. global Wages         "ProcessedWages.dta"

. global outdirectory  "${factor_inputs}/"             // exporters write QBLS 
> here

. global latexdir      "${factor_csv}/"                // analysis/Matlab resul
> t CSVs (make_tables reads)

. 
. * --- vacancy data switch ---------------------------------------------------
. * vacfile/statefile are the two PROVIDED synthetic stand-ins for the propriet
> ary HWOL
. * inputs (synthetic-data/; the confidential HWOL data are NOT in this archive
> ). To reproduce the PUBLISHED (HWOL)
. * vacancy numbers, the Data Editor replaces these two files with the licensed
>  Conference
. * Board HWOL data and re-runs. See code/build/SYNTHETIC_VACANCY_PATH.md.
. global vacfile      "${synthetic}/new_vac_synthetic.dta"

. global statefile    "${synthetic}/StateMonthlyBorderData_synthetic.dta"

. * ImputedDataBorder is a BUILT intermediate, NOT shipped: the replicator gene
> rates it by
. * running the imputation (analysis/Impute_Input.do -> matlab/Run_Impute_Borde
> r.m ->
. * analysis/Impute_to_Stata.do) on ${vacfile}; it lands in data/processed/ (sy
> nthetic by
. * default, the real version if the Data Editor swaps in HWOL).
. global ImputedFile  "${processed}/ImputedDataBorder.dta"

. 
. * --- figure styling: the published figures were drawn under the classic
. * s2color scheme; Stata 18+ defaults to stcolor, which changes gridlines,
. * markers, and legend styling. Pin the scheme so regenerated figures match.
. cap set scheme s2color

. 
. * ensure the built-output folders exist (the archive ships them empty / absen
> t)
. cap mkdir "${processed}"

. cap mkdir "${output}"

. cap mkdir "${tables}"

. cap mkdir "${figures}"

. cap mkdir "${factor_csv}"

. cap mkdir "${factor_inputs}"

. 
. local ssc_packages "reghdfe binscatter regife outreg2 ftools coefplot tuples 
> hdfe mat2txt ivreg2 ranktest"

. if !missing("`ssc_packages'") { 
.         foreach pkg in `ssc_packages' {
  2.                 capture which `pkg' 
  3.                 if _rc == 111 {
  4.                         dis "Installing `pkg'"
  5.                         ssc install `pkg', replace
  6.                         }
  7.                 which `pkg' 
  8.                 }
/Users/mac/Library/Application Support/Stata/ado/plus/r/reghdfe.ado
*! version 6.13.1 10Jan2026
/Users/mac/Library/Application Support/Stata/ado/plus/b/binscatter.ado
*! version 7.02  24nov2013  Michael Stepner, stepner@mit.edu
/Users/mac/Library/Application Support/Stata/ado/plus/r/regife.ado
/Users/mac/Library/Application Support/Stata/ado/plus/o/outreg2.ado
*! outreg2 2.3.2  17aug2014 by roywada@hotmail.com
*! based on outreg 3.0.6/4.0.0 by john_gallup@alum.swarthmore.edu
/Users/mac/Library/Application Support/Stata/ado/plus/f/ftools.ado
*! version 2.50.0 09jan2026
/Users/mac/Library/Application Support/Stata/ado/plus/c/coefplot.ado
*! version 1.8.6  22feb2023  Ben Jann
/Users/mac/Library/Application Support/Stata/ado/plus/t/tuples.ado
*! version 4.3.0  25sep2025
/Users/mac/Library/Application Support/Stata/ado/plus/h/hdfe.ado
*! reghdfe 3.2.9 21feb2016
*! Sergio Correia (sergio.correia@duke.edu)
/Users/mac/Library/Application Support/Stata/ado/plus/m/mat2txt.ado
*! 1.1.2 Ben Jann 24 Nov 2004
*! 1.1.1 M Blasnik 18 Feb 2004
/Users/mac/Library/Application Support/Stata/ado/plus/i/ivreg2.ado
*! ivreg2 4.1.12  14aug2024
*! authors cfb & mes
*! see end of file for version comments
/Users/mac/Library/Application Support/Stata/ado/plus/r/ranktest.ado
*! ranktest 2.0.04  21sept2020
*! authors mes & fw; KP stat based on code by fk
*! see end of file for version comments
. }

. 
end of do-file

. cd "${code}/build"             // so the relative `do MakeDataSetsMainPaper`/
> etc. below resolve
/Users/mac/JPE-replications/JPE-Mitman-2016256/replication-package/replication-
> package/code/build

. 
. capture log close

. log using "${output}/logs/BuildMacroData.log", replace
(file
    /Users/mac/JPE-replications/JPE-Mitman-2016256/replication-package/replic
    > ation-package/output/logs/BuildMacroData.log not found)
-------------------------------------------------------------------------------
      name:  <unnamed>
       log:  /Users/mac/JPE-replications/JPE-Mitman-2016256/replication-package
> /replication-package/output/logs/BuildMacroData.log
  log type:  text
 opened on:  19 Aug 2026, 11:16:09

. 
. use "${rawdata}/NewLAUSBorderData2014_final24Nov16"

. 
. * Benefit weeks: ONE consolidated provided input (benefit_weeks.dta). Its
. * monthly meanwks already carries every inline patch
. * the build previously applied (missing->26, FullFinal totalweeks for 2011m4+
> ,
. * TEUC +13 for 2002m3-2003m12, NJ 1996m6-11 =39); the quarterly rec2001/
. * vintage/pf columns are merged after the quarterly collapse inside
. * MakeDataSetsMainPaper.
. drop meanwks

. merge m:1 fipsstate year month using "${rawdata}/benefit_weeks", keepusing(me
> anwks)

    Result                      Number of obs
    -----------------------------------------
    Not matched                           600
        from master                         0  (_merge==1)
        from using                        600  (_merge==2)

    Matched                           703,200  (_merge==3)
    -----------------------------------------

. capture drop _merge

. 
. merge m:1 fipsstate year month using "${rawdata}/StateEmp2014rev"

    Result                      Number of obs
    -----------------------------------------
    Not matched                         9,036
        from master                         0  (_merge==1)
        from using                      9,036  (_merge==2)

    Matched                           703,800  (_merge==3)
    -----------------------------------------

. drop if _merge==2
(9,036 observations deleted)

. capture drop _merge

. 
. do MakeDataSetsMainPaper_v5_newvac

. * meanwks arrives fully patched from the consolidated benefit_weeks input
. * (missing->26, FullFinal totalweeks 2011m4+, TEUC +13 2002m3-2003, NJ 1996=3
> 9
. * are all baked in there).
. capture drop _merge

. 
. gen tag=1

. /* Chicago-area counties: Cook 17031,  DeKalb 17037, DuPage 17043, Grundy 170
> 63, Kane 17089, Kendall 17093, McHenry 17111, Will 17197*/
. replace tag=0 if inlist(fipsnumeric,17031,17037,17043,17063,17089,17093,17111
> ,17197)
(1,200 real changes made)

. 
. sort fipsnumeric

. merge m:1 fipsnumeric using ${rawdata}/LatLongData.dta
(variable fipsnumeric was long, now double to accommodate using data's
       values)

    Result                      Number of obs
    -----------------------------------------
    Not matched                         2,579
        from master                       600  (_merge==1)
        from using                      1,979  (_merge==2)

    Matched                           703,200  (_merge==3)
    -----------------------------------------

. drop if _merge==2
(1,979 observations deleted)

. drop _merge

. 
. sort fipsnumeric year month

. merge m:1 fipsnumeric year month using ${rawdata}/QCEWAllYears_2014Q4

    Result                      Number of obs
    -----------------------------------------
    Not matched                     1,184,277
        from master                     8,265  (_merge==1)
        from using                  1,176,012  (_merge==2)

    Matched                           695,535  (_merge==3)
    -----------------------------------------

. drop if _merge==2
(1,176,012 observations deleted)

. drop _merge

. 
. merge m:1 fipsnumeric year quarter using ${rawdata}/QWI_2018_09_18_t

    Result                      Number of obs
    -----------------------------------------
    Not matched                       351,556
        from master                   211,401  (_merge==1)
        from using                    140,155  (_merge==2)

    Matched                           492,399  (_merge==3)
    -----------------------------------------

. drop if _merge==2
(140,155 observations deleted)

. drop _merge

. rename empendall qwi_emp_end

. rename emptotalall qwi_emp_tot

. 
. replace ui_tax_rate = 1+ui_tax_rate 
(489,867 real changes made)

. replace qcew_ui_tax_rate = 1+qcew_ui_tax_rate 
(653,379 real changes made)

. 
. gen qwi_wtot_all_t = qwi_wtot_all*ui_tax_rate
(227,271 missing values generated)

. gen qcew_wage_tot_t = qcew_wage_tot*qcew_ui_tax_rate
(50,421 missing values generated)

. gen qwi_wpay_all = payrollall/qwi_emp_tot
(211,497 missing values generated)

. gen qwi_wpay_all_t = qwi_wpay_all*ui_tax_rate
(214,029 missing values generated)

. gen qwi_wnhf_all_t = qwi_wnhf_all*ui_tax_rate
(268,713 missing values generated)

. 
. replace latitude=latitude*0.017453
(703,200 real changes made)

. replace longitude=longitude*0.017453
(703,200 real changes made)

. sort pair_id_numeric year month county_index 

. by pair_id_numeric year month: gen dist=acos(sin(latitude[1])*sin(latitude[2]
> )+cos(latitude[1])*cos(latitude[2])*cos(longitude[2]-longitude[1]))*6371*0.62
> 1371
(600 missing values generated)

. 
. sort year month

. 
. merge m:1 year month using ${rawdata}/jolts2013.dta

    Result                      Number of obs
    -----------------------------------------
    Not matched                       328,440
        from master                   328,440  (_merge==1)
        from using                          0  (_merge==2)

    Matched                           375,360  (_merge==3)
    -----------------------------------------

. drop if _merge==2
(0 observations deleted)

. drop _merge

. rename jolts_agg_seprate_q seprate

. replace seprate=0.1 if seprate==.
(330,786 real changes made)

. 
. merge m:1 fipsstate year month using ${rawdata}/SNAP_Policy_Database_Processe
> d_2018_premerge

    Result                      Number of obs
    -----------------------------------------
    Not matched                       170,136
        from master                   168,912  (_merge==1)
        from using                      1,224  (_merge==2)

    Matched                           534,888  (_merge==3)
    -----------------------------------------

. drop if _merge==2
(1,224 observations deleted)

. drop _merge

. replace bbce_asset2018=0 if bbce_asset2018==-9
(389,888 real changes made)

. 
. gen tempval2=0

. replace tempval2=meanwks if year==2013 & month==12
(2,346 real changes made)

. bys fipsnumeric: egen wks2013=max(tempval2)

. *rename totalweeks wks2013
. 
. gen logwks=ln(meanwks)

. ** Difference across counties
. sort pair_id_numeric year month county_index

. foreach var of varlist meanwks* logwks wks2013{
  2.         by pair_id_numeric year month: gen diff_`var' = `var'[1] - `var'[2
> ]
  3. }

. sort pair_id_numeric county_index year month 

. foreach var of varlist meanwks* logwks wks2013{
  2.         by pair_id_numeric county_index: gen did_`var' = diff_`var'[_n] - 
> diff_`var'[_n-1]
  3. }
(2,345 missing values generated)
(2,345 missing values generated)
(2,345 missing values generated)

. 
. gen tempval7=-100

. replace tempval7=did_meanwks if year==2014 & month==1
(2,346 real changes made)

. by pair_id_numeric: egen dwks2013=max(tempval7)

. 
. gen tempval8=-100

. replace tempval8=did_logwks if year==2014 & month==1
(2,346 real changes made)

. by pair_id_numeric: egen logdwks2013=max(tempval8)

. 
. // gen bgroups=0
. // replace bgroups=1 if logdwks2013>0
. // gen county_index2=bgroups*(county_index*-1+3)+(1-bgroups)*county_index
. //
. // replace county_index=county_index2
. 
. /*
> gen logemp_laus=ln(emp_laus)
> sort pair_id_numeric fipsnumeric year month
> by pair_id_numeric fipsnumeric: gen tdiff_logemp3=logemp_laus[_n]-logemp_laus
> [_n-11]
> by pair_id_numeric fipsnumeric: gen tdiff_logemp4=logemp_laus[_n]-logemp_laus
> [_n-12]
> bys county_index: su tdiff_logemp3 if year==2014 & month==11
> bys county_index: su tdiff_logemp4 if year==2013 & month==12
> stop
> */
. 
. sort fipsstate year month

. merge m:1 fipsstate year month using RawDataScripts/LAUS_Additivity/Output/ad
> ditivity.dta

    Result                      Number of obs
    -----------------------------------------
    Not matched                       460,336
        from master                   460,232  (_merge==1)
        from using                        104  (_merge==2)

    Matched                           243,568  (_merge==3)
    -----------------------------------------

. drop _merge

. 
. replace tag=0 if fipsstate==11          /* for DC */
(1,200 real changes made)

. replace tag=0 if fipsnumeric==6037      /* Los Angeles (shouldn't be in the b
> order sample, but to be safe) */
(0 real changes made)

. 
. /* Chicago-Joliet-Naperville consists of the following counties:*/
. /* Chicago-area counties: Cook 17031,  DeKalb 17037, DuPage 17043, Grundy 170
> 63, Kane 17089, Kendall 17093, McHenry 17111, Will 17197*/
. replace tag=0 if inlist(fipsnumeric,17031,17037,17043,17063,17089,17093,17111
> ,17197)
(0 real changes made)

. 
. /* Detrpit-Warren-Livonia consists of the following counties:*/
. /* Lapeer 26087, Livingston 26093, Macomb 26099, Oakland 26125, St. Clair 171
> 63, Wayne 26163*/
. replace tag=0 if inlist(fipsnumeric,26093,26099,26125,17163,26163)
(600 real changes made)

. replace tag=0 if fipsnumeric==36061             /* New York City */
(600 real changes made)

. 
. /* Cleveland-Elyria-Mentor county consists of*/
. /* Cuyahoga 39035, Geauga 39055, Lake 39085, Lorain 39093, and Medina 39103*/
. replace tag=0 if inlist(fipsnumeric,39035,39055,39085,39093,39103)
(0 real changes made)

. 
. /* Seattle-Bellevue-Everett county consists of King 53033 and Snohomish 53061
>  counties*/
. replace tag=0 if inlist(fipsnumeric,53033,53061)
(0 real changes made)

. 
. // gen unemp_add=unemp_rate_laus/unempratio if tag==1
. gen unemphb_count=unemp_count
(724 missing values generated)

. replace unemphb_count=unemp_count/unempratio if tag==1
(699,489 real changes made, 457,072 to missing)

. 
. gen emp_add=emp_laus
(724 missing values generated)

. replace emp_add=emp_laus/empratio if tag==1
(699,580 real changes made, 457,072 to missing)

. 
. gen labor_add=unemphb_count+emp_add
(457,796 missing values generated)

. gen unemp_add=unemphb_count/labor_add*100
(457,796 missing values generated)

. 
. * Vacancy source switch. Default = the real HWOL file (PROPRIETARY, cannot be
. * redistributed). To build a SHIPPABLE, synthetic-vacancy CurrentData,
. * first run code/build/Make_Synthetic_Vacancies.do, then set, before the buil
> d:
. *     global vacfile "${rawdata}/new_vac_synthetic.dta"
. * (the synthetic file has the same fipsnumeric/year/month schema). Results bu
> ilt on
. * the synthetic file are demonstrative, not the published estimates.
. if "${vacfile}"=="" global vacfile "${synthetic}/new_vac_synthetic.dta"

. merge m:1 fipsnumeric year month using "${vacfile}"

    Result                      Number of obs
    -----------------------------------------
    Not matched                       422,642
        from master                   422,642  (_merge==1)
        from using                          0  (_merge==2)

    Matched                           281,262  (_merge==3)
    -----------------------------------------

. 
. drop _merge

. 
. collapse year quarter fipsnumeric fipsstate unemp_add unemp_rate_laus unemp_c
> ount_laus sepall sepbegall sepbegrall emp*laus labor*laus meanwks* seprate di
> st wks2013 qcew* qwi* ui_tax_rate diff_wks2013 total_vac* state_qcew* state_u
> nemp* xstate* state_e* bbce*, ///
>         by(pair_id_numeric county_index quarter_index)

. 
. sort fipsnumeric year quarter

. * cbsacode (county->CBSA, for samecbsa) + state employment (emp_state_sa/_u, 
> for prod_all_old
. * and emp_share), from the cbsacode crosswalk + the BLS state-employment prod
> ucer:
. merge m:1 fipsnumeric using ${rawdata}/cbsacode_xwalk

    Result                      Number of obs
    -----------------------------------------
    Not matched                           601
        from master                       601  (_merge==1)
        from using                          0  (_merge==2)

    Matched                           233,800  (_merge==3)
    -----------------------------------------

. drop if _merge==2
(0 observations deleted)

. drop _merge

. merge m:1 fipsstate year quarter using ${rawdata}/state_emp_quarterly

    Result                      Number of obs
    -----------------------------------------
    Not matched                        17,259
        from master                    14,065  (_merge==1)
        from using                      3,194  (_merge==2)

    Matched                           220,336  (_merge==3)
    -----------------------------------------

. drop if _merge==2
(3,194 observations deleted)

. drop _merge

. 
. * State-policy controls (sbsi/sbtc/bhi/judicial + property/sales/income/corp/
> total taxes) --
. * from the Make_StatePolicies_{Indices,Taxes} producers:
. merge m:1 fipsstate year quarter using ${rawdata}/StatePolicies_indices

    Result                      Number of obs
    -----------------------------------------
    Not matched                       159,393
        from master                   159,393  (_merge==1)
        from using                          0  (_merge==2)

    Matched                            75,008  (_merge==3)
    -----------------------------------------

. drop if _merge==2
(0 observations deleted)

. drop _merge

. merge m:1 fipsstate year quarter using ${rawdata}/StatePolicies_taxes

    Result                      Number of obs
    -----------------------------------------
    Not matched                        56,257
        from master                    56,257  (_merge==1)
        from using                          0  (_merge==2)

    Matched                           178,144  (_merge==3)
    -----------------------------------------

. drop if _merge==2
(0 observations deleted)

. drop _merge

. 
. capture drop awardamount

. merge m:1 fipsnumeric year quarter using ${rawdata}/spending_data

    Result                      Number of obs
    -----------------------------------------
    Not matched                       230,931
        from master                   210,843  (_merge==1)
        from using                     20,088  (_merge==2)

    Matched                            23,558  (_merge==3)
    -----------------------------------------

. drop if _merge==2
(20,088 observations deleted)

. drop _merge

. 
. gen temp_share=0

. replace temp_share=emp_laus/emp_state_u if year==2012 & quarter==4 
(2,344 real changes made)

. bys pair_id_numeric: egen emp_share=max(temp_share)

. drop temp_share

. gen temp_share=0

. sort year quarter pair_id_numeric county_index

. by year quarter pair_id_numeric: replace temp_share=1 if cbsacode[1]==cbsacod
> e[2]
(152001 real changes made)

. gen temp_share2=0

. replace temp_share2=1 if temp_share==1 & year==2012 & quarter==4
(1,520 real changes made)

. bys pair_id_numeric: egen samecbsa=max(temp_share2)

. drop temp_share*

. * Industry-composition distance (tab:Benefits_on_unemp Col 6): the l2-distanc
> e between the
. * two border counties' sample-average private-nonfarm industry employment sha
> res, built from
. * BEA CA25N (RawDataScripts/BEA_Industry/Make_IndustryShares.do).
. merge m:1 fipsnumeric using ${rawdata}/bea_industry_shares

    Result                      Number of obs
    -----------------------------------------
    Not matched                         5,151
        from master                     2,601  (_merge==1)
        from using                      2,550  (_merge==2)

    Matched                           231,800  (_merge==3)
    -----------------------------------------

. drop if _merge==2
(2,550 observations deleted)

. drop _merge

. sort pair_id_numeric quarter_index county_index

. gen double __ss=0

. gen int __nn=0

. foreach yy of numlist 100 200 300 400 500 600 700 800 900 1000 1100 1200 1300
>  1400 1500 1600 1700 1800 1900 {
  2.         by pair_id_numeric quarter_index: replace __ss = __ss + (sh`yy'[1]
> -sh`yy'[2])^2 if !missing(sh`yy'[1]) & !missing(sh`yy'[2])
  3.         by pair_id_numeric quarter_index: replace __nn = __nn + 1 if !miss
> ing(sh`yy'[1]) & !missing(sh`yy'[2])
  4. }
(88000 real changes made)
(88,000 real changes made)
(123800 real changes made)
(126,200 real changes made)
(82800 real changes made)
(82,800 real changes made)
(213800 real changes made)
(213,800 real changes made)
(216800 real changes made)
(216,800 real changes made)
(194400 real changes made)
(194,400 real changes made)
(226400 real changes made)
(226,400 real changes made)
(151400 real changes made)
(151,400 real changes made)
(189400 real changes made)
(189,400 real changes made)
(208000 real changes made)
(208,000 real changes made)
(210600 real changes made)
(210,600 real changes made)
(194000 real changes made)
(194,000 real changes made)
(115800 real changes made)
(148,000 real changes made)
(192800 real changes made)
(192,800 real changes made)
(152800 real changes made)
(152,800 real changes made)
(157200 real changes made)
(157,200 real changes made)
(183600 real changes made)
(183,600 real changes made)
(183400 real changes made)
(183,400 real changes made)
(219200 real changes made)
(219,200 real changes made)

. gen industry=sqrt(__ss) if __nn>0
(5,201 missing values generated)

. drop __ss __nn sh100-sh1900

. * Col-6 subsample flag: the 50% of border pairs with the most similar industr
> ial
. * composition (l2 <= median over all border pairs), per the paper.
. preserve

. bys pair_id_numeric: keep if _n==1
(233,228 observations deleted)

. qui _pctile industry if !missing(industry), p(50)

. local indmed=r(r1)

. restore

. gen byte industry_low = (industry<=`indmed') if !missing(industry)
(5,201 missing values generated)

. 
. merge m:1 fipsstate year quarter using ${rawdata}/BEA_GDP_State_Q.dta
(variable fipsstate was float, now double to accommodate using data's values)

    Result                      Number of obs
    -----------------------------------------
    Not matched                       141,336
        from master                   140,641  (_merge==1)
        from using                        695  (_merge==2)

    Matched                            93,760  (_merge==3)
    -----------------------------------------

. 
. drop if _merge==2
(695 observations deleted)

. drop _merge

. 
. * Quarterly benefit-weeks series from the single consolidated benefit_weeks
. * input: the perfect-foresight series (pf_meanwks -> meanwks_pf) plus the
. * rec2001/vintage historical patch series used further below. The columns are
. * quarter-constant in the monthly file, so one row per state-quarter is kept
. * and merged at exact values.
. preserve

. use fipsstate year quarter rec2001_meanwks2 vintage_meanwks pf_meanwks using 
> ${rawdata}/benefit_weeks, clear
(Benefit weeks (consolidated provided input): patched monthly meanwks + quarter
> ly)

. bys fipsstate year quarter: keep if _n==1
(10,200 observations deleted)

. tempfile wksq

. save `wksq'
file /var/folders/yv/gy9l8r0n7q96t36797h3fbd00000gn/T//St07894.000004 saved
    as .dta format

. restore

. merge m:1 fipsstate year quarter using `wksq'

    Result                      Number of obs
    -----------------------------------------
    Not matched                           201
        from master                         1  (_merge==1)
        from using                        200  (_merge==2)

    Matched                           234,400  (_merge==3)
    -----------------------------------------

. drop if _merge==2
(200 observations deleted)

. drop _merge

. rename pf_meanwks meanwks_pf

. 
. gen prod_all = state_gdp_all/state_e_sa_pre
(140,641 missing values generated)

. gen prod_all_old = state_gdp_all/emp_state_sa
(154,705 missing values generated)

. *gen prod_allq = state_gdp_all/state_qcew_emp_tot
. gen prod_priv = state_gdp_priv/state_qcew_emp
(143,108 missing values generated)

. gen prod_all_qcew = state_gdp_all/state_qcew_emp_tot
(143,108 missing values generated)

. 
. sort pair_id_numeric county_index year quarter

. by pair_id_numeric county_index: gen prod_allq = (prod_all[_n]+prod_all[_n+1]
> )/2
(142,985 missing values generated)

. 
. gen vacrate1=total_vacancies_county/labor_laus
(140,647 missing values generated)

. 
. * vacrate2 (vacancies / employment) is the PUBLISHED Vacancies/Tightness meas
> ure.
. * Built from the same synthetic ${vacfile} as vacrate1/tight1, so no real HWO
> L
. * vacancy data enters the build.
. gen vacrate2=total_vacancies_county/emp_laus
(140,647 missing values generated)

. 
. gen tight1=total_vacancies_county/unemp_count_laus
(140,647 missing values generated)

. 
. // gen qwi_emp_av=(qwi_emp+qwi_emp_end)/2
. 
. drop time

. 
. ** Now, generate the time variable
. gen time=ym(year,quarter)
(1 missing value generated)

. format %tq time

. order pair_id_numeric fipsnumeric year quarter time

. 
. // gen qwi_emp_nont1=qwi_emp_art+empcon+emprea+empedu+emphea+qwi_emp_foo+qwi_
> emp_ret
. // gen qwi_emp_trade1=emptra+qwi_emp_man+empwho
. //
. // gen qwi_emp_nont2=qwi_emp_art+empcon+emprea+qwi_emp_foo+qwi_emp_ret
. // gen qwi_emp_trade2=emptra+qwi_emp_man+empwho
. 
. * empinf
. // gen qwi_emp_share1=qwi_emp_nont1/qwi_emp_trade1
. // gen qwi_emp_share2=qwi_emp_nont2/qwi_emp_trade2
. 
. gen mopair=0

. replace mopai=1 if fipsstate==29
(10,000 real changes made)

. bys pair_id_numeric time: egen ifmo=max(mopair)

. 
. // gen katrinapair=0
. // replace katrinapair=1 if fipsstate==22
. // bys pair_id_numeric time: egen ifkat=max(katrinapair)
. //
. // gen arkansas=0
. // replace arkansas=1 if fipsstate==5
. // bys pair_id_numeric time: egen akpair=max(arkansas)
. //
. // *replace county_index=3 if county_index==1 & ifkat==1 & akpair==1
. //
. // gen miss=0
. // replace miss=1 if fipsstate==28
. // bys pair_id_numeric time: egen mipair=max(miss)
. //
. // gen georgia=0
. // replace georgia=1 if fipsstate==13
. // bys pair_id_numeric time: egen gapair=max(georgia)
. //
. // gen ncpair=0
. // replace ncpair=1 if fipsstate==37
. // bys pair_id_numeric time: egen ifnc=max(ncpair)
. //
. // *replace county_index=3 if county_index==1 & ifnc==1 & gapair==1
. //
. //
. // gen del=0
. // replace del=1 if fipsstate==10
. // bys pair_id_numeric time: egen delpair=max(del)
. //
. // gen pa=0
. // replace pa=1 if fipsstate==42
. // bys pair_id_numeric time: egen papair=max(pa)
. //
. //
. // gen njpair=0
. // replace njpair=1 if fipsstate==34
. // bys pair_id_numeric time: egen ifnj=max(njpair)
. //
. // gen drop2014pair=0
. // replace drop2014pair=1 if inlist(fipsstate,12,13,20,37)
. // bys pair_id_numeric: egen ifdrop2014=max(drop2014pair)
. //
. // gen drop2014pair2=0
. // replace drop2014pair2=1 if inlist(fipsstate,12,13,20,37,8,22,24,25,26,53)
. // bys pair_id_numeric: egen ifdrop2014_2=max(drop2014pair2)
. 
. *replace county_index=3 if county_index==1 & ifnj==1 & delpair==1
. 
. /*
> ** Difference across counties
> sort pair_id_numeric time county_index
> foreach var of varlist wks2013{
>         by pair_id_numeric time: gen diff_`var' = `var'[1] - `var'[2]
> }
> 
> gen bgroups=0
> replace bgroups=1 if diff_wks2013<0
> gen county_index2=bgroups*(county_index*-1+3)+(1-bgroups)*county_index
> rena
> 
> replace county_index=county_index2
> */
. 
. sort pair_id_numeric quarter_index county_index

. 
. by pair_id_numeric quarter_index: egen pair_emp = sum(qwi_emp)

. by pair_id_numeric quarter_index: egen pair_emp_end = sum(qwi_emp_end)

. by pair_id_numeric quarter_index: egen pair_emp_tot = sum(qwi_emp_tot)

. by pair_id_numeric quarter_index: egen pair_sepbeg_count = sum(sepbegall)

. by pair_id_numeric quarter_index: egen pair_septot_count = sum(sepall)

. 
. foreach var of varlist emp_laus meanwks* unemp_rate_laus labor_laus unemp_cou
> nt_laus qcew* qwif* qwi_* prod_all sepall sepbegall ui_tax_rate{
  2.         bys fipsnumeric year: egen `var'_an=mean(`var')
  3. //      replace `var'_an=`var' if year<2014
. }
(1 missing value generated)
(140,641 missing values generated)
(1 missing value generated)
(1 missing value generated)
(1 missing value generated)
(253 missing values generated)
(253 missing values generated)
(253 missing values generated)
(253 missing values generated)
(9,621 missing values generated)
(9,621 missing values generated)
(67,625 missing values generated)
(71,321 missing values generated)
(75,633 missing values generated)
(124,853 missing values generated)
(105,741 missing values generated)
(66,925 missing values generated)
(66,337 missing values generated)
(66,233 missing values generated)
(97,657 missing values generated)
(68,581 missing values generated)
(76,229 missing values generated)
(67,605 missing values generated)
(76,309 missing values generated)
(68,597 missing values generated)
(67,013 missing values generated)
(76,725 missing values generated)
(68,993 missing values generated)
(67,333 missing values generated)
(77,201 missing values generated)
(69,377 missing values generated)
(67,537 missing values generated)
(95,293 missing values generated)
(84,633 missing values generated)
(77,093 missing values generated)
(81,209 missing values generated)
(73,097 missing values generated)
(69,885 missing values generated)
(77,257 missing values generated)
(69,389 missing values generated)
(234,401 missing values generated)
(81,593 missing values generated)
(73,285 missing values generated)
(234,401 missing values generated)
(87,241 missing values generated)
(78,645 missing values generated)
(234,401 missing values generated)
(153,841 missing values generated)
(142,137 missing values generated)
(234,401 missing values generated)
(110,193 missing values generated)
(101,093 missing values generated)
(234,401 missing values generated)
(67,461 missing values generated)
(66,233 missing values generated)
(66,681 missing values generated)
(77,257 missing values generated)
(140,641 missing values generated)
(66,337 missing values generated)
(67,029 missing values generated)
(66,673 missing values generated)

. 
. foreach var of varlist pair_emp pair_emp_tot pair_sep* {
  2.         bys pair_id_numeric year: egen `var'_an=mean(`var')
  3. //      replace `var'_an=`var' if year<2014
. }

. 
. gen pair_sepr_beg = pair_sepbeg_count/(pair_emp)
(53,119 missing values generated)

. gen pair_sepr_tot = pair_septot_count/(pair_emp_tot)
(50,779 missing values generated)

. 
. gen pair_sepr_beg_an = pair_sepbeg_count_an/(pair_emp_an)
(47,929 missing values generated)

. gen pair_sepr_tot_an = pair_septot_count_an/(pair_emp_tot_an)
(47,041 missing values generated)

. 
. su pair_sepr_beg_an if year==2005, d 

                      pair_sepr_beg_an
-------------------------------------------------------------
      Percentiles      Smallest
 1%     .1036807       .0945567
 5%     .1117778       .0945567
10%     .1192373       .0945567       Obs               9,376
25%     .1294657       .0945567       Sum of wgt.       9,376

50%     .1447213                      Mean           .1492882
                        Largest       Std. dev.      .0271127
75%     .1651633       .2617601
90%     .1849299       .2617601       Variance       .0007351
95%     .1988394       .2617601       Skewness       .8894147
99%     .2363432       .2617601       Kurtosis       4.046005

. gen r_med=inrange(pair_sepr_beg_an,0,`r(p50)') if year==2005
(225,025 missing values generated)

. bys pair_id_numeric: egen sepbegtype=min(r_med)
(1 missing value generated)

. 
. drop r_med

. 
. su pair_sepr_tot_an if year==2005, d 

                      pair_sepr_tot_an
-------------------------------------------------------------
      Percentiles      Smallest
 1%     .1317538       .1195523
 5%     .1432106       .1195523
10%     .1526455       .1195523       Obs               9,376
25%     .1673513       .1195523       Sum of wgt.       9,376

50%     .1885781                      Mean           .1918964
                        Largest       Std. dev.      .0331059
75%     .2132191       .3665609
90%     .2356639       .3665609       Variance        .001096
95%     .2500594       .3665609       Skewness       .6121014
99%     .2768712       .3665609       Kurtosis        3.79319

. gen r_med=inrange(pair_sepr_tot_an,0,`r(p50)') if year==2005
(225,025 missing values generated)

. bys pair_id_numeric: egen septype=min(r_med)
(1 missing value generated)

. 
. gen tight2=vacrate2/unemp_rate_laus
(140,647 missing values generated)

. 
. merge m:1 fipsnumeric year quarter using ${rawdata}/quarterly_f.dta

    Result                      Number of obs
    -----------------------------------------
    Not matched                       227,331
        from master                   199,716  (_merge==1)
        from using                     27,615  (_merge==2)

    Matched                            34,685  (_merge==3)
    -----------------------------------------

. drop if _merge==2
(27,615 observations deleted)

. drop _merge

. 
. ** Log values
. foreach y of varlist emp_laus* meanwks* unemp* labor_laus* qcew* qwi* vacrate
> * tight* property general_sales income corp_income total prod* state_qcew* st
> ate_unemp* xstate* awardamount state_gdp_all ui_tax_rate ///
>     f_cl2_q{
  2.         gen log`y' = ln(`y')
  3. }
(7 missing values generated)
(1 missing value generated)
(140,641 missing values generated)
(140,641 missing values generated)
(151,587 missing values generated)
(17 missing values generated)
(17 missing values generated)
(1 missing value generated)
(1 missing value generated)
(7 missing values generated)
(1 missing value generated)
(2,602 missing values generated)
(2,602 missing values generated)
(3,627 missing values generated)
(3,627 missing values generated)
(16,608 missing values generated)
(16,654 missing values generated)
(265 missing values generated)
(265 missing values generated)
(993 missing values generated)
(993 missing values generated)
(9,621 missing values generated)
(9,633 missing values generated)
(72,622 missing values generated)
(72,620 missing values generated)
(70,300 missing values generated)
(111,071 missing values generated)
(74,828 missing values generated)
(83,235 missing values generated)
(73,328 missing values generated)
(77,397 missing values generated)
(77,394 missing values generated)
(84,236 missing values generated)
(77,260 missing values generated)
(74,912 missing values generated)
(79,731 missing values generated)
(79,733 missing values generated)
(79,733 missing values generated)
(79,683 missing values generated)
(85,276 missing values generated)
(78,099 missing values generated)
(75,231 missing values generated)
(82,009 missing values generated)
(81,876 missing values generated)
(83,092 missing values generated)
(82,838 missing values generated)
(86,652 missing values generated)
(79,275 missing values generated)
(75,555 missing values generated)
(85,572 missing values generated)
(85,274 missing values generated)
(137,779 missing values generated)
(138,040 missing values generated)
(120,973 missing values generated)
(110,407 missing values generated)
(86,969 missing values generated)
(140,537 missing values generated)
(139,742 missing values generated)
(95,199 missing values generated)
(94,678 missing values generated)
(93,844 missing values generated)
(85,780 missing values generated)
(78,056 missing values generated)
(97,465 missing values generated)
(96,280 missing values generated)
(85,176 missing values generated)
(85,345 missing values generated)
(89,262 missing values generated)
(82,726 missing values generated)
(234,401 missing values generated)
(85,176 missing values generated)
(85,355 missing values generated)
(73,792 missing values generated)
(99,462 missing values generated)
(99,271 missing values generated)
(101,748 missing values generated)
(94,670 missing values generated)
(234,401 missing values generated)
(99,462 missing values generated)
(99,309 missing values generated)
(78,595 missing values generated)
(108,941 missing values generated)
(108,595 missing values generated)
(110,208 missing values generated)
(103,298 missing values generated)
(234,401 missing values generated)
(108,941 missing values generated)
(108,740 missing values generated)
(85,941 missing values generated)
(189,689 missing values generated)
(189,646 missing values generated)
(185,232 missing values generated)
(179,150 missing values generated)
(234,401 missing values generated)
(189,689 missing values generated)
(189,790 missing values generated)
(148,231 missing values generated)
(150,450 missing values generated)
(149,684 missing values generated)
(140,450 missing values generated)
(134,559 missing values generated)
(234,401 missing values generated)
(150,450 missing values generated)
(149,944 missing values generated)
(117,069 missing values generated)
(75,558 missing values generated)
(70,300 missing values generated)
(71,144 missing values generated)
(89,372 missing values generated)
(67,625 missing values generated)
(71,329 missing values generated)
(75,793 missing values generated)
(129,333 missing values generated)
(106,425 missing values generated)
(66,925 missing values generated)
(66,337 missing values generated)
(66,233 missing values generated)
(102,017 missing values generated)
(68,741 missing values generated)
(76,881 missing values generated)
(67,605 missing values generated)
(76,309 missing values generated)
(68,597 missing values generated)
(67,013 missing values generated)
(76,725 missing values generated)
(68,993 missing values generated)
(67,333 missing values generated)
(77,201 missing values generated)
(69,377 missing values generated)
(67,537 missing values generated)
(95,293 missing values generated)
(84,633 missing values generated)
(77,093 missing values generated)
(81,209 missing values generated)
(73,097 missing values generated)
(69,885 missing values generated)
(77,257 missing values generated)
(69,389 missing values generated)
(234,401 missing values generated)
(81,593 missing values generated)
(73,285 missing values generated)
(234,401 missing values generated)
(87,241 missing values generated)
(78,645 missing values generated)
(234,401 missing values generated)
(153,841 missing values generated)
(142,137 missing values generated)
(234,401 missing values generated)
(110,193 missing values generated)
(101,093 missing values generated)
(234,401 missing values generated)
(67,461 missing values generated)
(66,233 missing values generated)
(66,681 missing values generated)
(77,257 missing values generated)
(140,647 missing values generated)
(140,647 missing values generated)
(140,647 missing values generated)
(140,647 missing values generated)
(129,379 missing values generated)
(64,655 missing values generated)
(76,392 missing values generated)
(72,433 missing values generated)
(56,561 missing values generated)
(140,641 missing values generated)
(154,705 missing values generated)
(143,108 missing values generated)
(143,108 missing values generated)
(142,985 missing values generated)
(140,641 missing values generated)
(2,556 missing values generated)
(2,556 missing values generated)
(2,556 missing values generated)
(1 missing value generated)
(407 missing values generated)
(210,939 missing values generated)
(140,641 missing values generated)
(71,112 missing values generated)
(200,707 missing values generated)

. 
. replace logawardamount=0 if logawardamount==.
(210,939 real changes made)

. replace loggeneral_sales =0 if loggeneral_sales ==.
(64,655 real changes made)

. replace logincome =0 if logincome ==.
(76,392 real changes made)

. replace logcorp_income =0 if logcorp_income ==.
(72,433 real changes made)

. 
. ** Difference across counties
. sort pair_id_numeric time county_index

. foreach var of varlist logemp_laus* logawardamount logmeanwks* logunemp* logl
> abor_laus* logqcew* logqwi* logstate_qcew* logstate_unemp* logxstate* logvacr
> ate* logtight* logstate_gdp_all logui_tax_rate ///
> logproperty loggeneral_sales logincome logcorp_income logtotal bbce* bhi sbsi
>  sbtc logprod* judicial logf_cl*{
  2.         by pair_id_numeric time: gen diff_`var' = `var'[1] - `var'[2]
  3. }
(13 missing values generated)
(1 missing value generated)
(1 missing value generated)
(1 missing value generated)
(140,641 missing values generated)
(1 missing value generated)
(140,641 missing values generated)
(152,373 missing values generated)
(33 missing values generated)
(33 missing values generated)
(1 missing value generated)
(1 missing value generated)
(13 missing values generated)
(1 missing value generated)
(2,859 missing values generated)
(2,859 missing values generated)
(4,901 missing values generated)
(4,901 missing values generated)
(16,807 missing values generated)
(16,899 missing values generated)
(529 missing values generated)
(529 missing values generated)
(1,985 missing values generated)
(1,985 missing values generated)
(9,865 missing values generated)
(9,889 missing values generated)
(92,125 missing values generated)
(92,117 missing values generated)
(89,821 missing values generated)
(146,219 missing values generated)
(96,127 missing values generated)
(108,353 missing values generated)
(93,359 missing values generated)
(96,971 missing values generated)
(96,965 missing values generated)
(103,627 missing values generated)
(96,709 missing values generated)
(94,361 missing values generated)
(99,291 missing values generated)
(99,283 missing values generated)
(101,005 missing values generated)
(100,855 missing values generated)
(105,491 missing values generated)
(98,215 missing values generated)
(94,961 missing values generated)
(103,209 missing values generated)
(102,919 missing values generated)
(106,571 missing values generated)
(106,057 missing values generated)
(107,843 missing values generated)
(100,273 missing values generated)
(95,489 missing values generated)
(109,109 missing values generated)
(108,493 missing values generated)
(174,717 missing values generated)
(174,953 missing values generated)
(156,021 missing values generated)
(145,497 missing values generated)
(114,279 missing values generated)
(177,209 missing values generated)
(177,473 missing values generated)
(122,677 missing values generated)
(121,909 missing values generated)
(118,919 missing values generated)
(110,563 missing values generated)
(99,765 missing values generated)
(124,747 missing values generated)
(123,267 missing values generated)
(110,189 missing values generated)
(110,397 missing values generated)
(112,197 missing values generated)
(106,143 missing values generated)
(234,401 missing values generated)
(110,189 missing values generated)
(110,419 missing values generated)
(94,221 missing values generated)
(131,807 missing values generated)
(131,239 missing values generated)
(131,485 missing values generated)
(124,825 missing values generated)
(234,401 missing values generated)
(131,807 missing values generated)
(131,289 missing values generated)
(102,467 missing values generated)
(143,529 missing values generated)
(142,785 missing values generated)
(142,507 missing values generated)
(136,463 missing values generated)
(234,401 missing values generated)
(143,529 missing values generated)
(142,961 missing values generated)
(113,833 missing values generated)
(218,851 missing values generated)
(218,811 missing values generated)
(215,261 missing values generated)
(211,773 missing values generated)
(234,401 missing values generated)
(218,851 missing values generated)
(218,901 missing values generated)
(188,519 missing values generated)
(190,641 missing values generated)
(189,995 missing values generated)
(178,459 missing values generated)
(174,111 missing values generated)
(234,401 missing values generated)
(190,641 missing values generated)
(190,217 missing values generated)
(156,867 missing values generated)
(94,433 missing values generated)
(89,821 missing values generated)
(89,965 missing values generated)
(112,197 missing values generated)
(87,201 missing values generated)
(93,705 missing values generated)
(101,057 missing values generated)
(169,825 missing values generated)
(145,881 missing values generated)
(85,921 missing values generated)
(85,633 missing values generated)
(85,425 missing values generated)
(136,625 missing values generated)
(89,297 missing values generated)
(101,489 missing values generated)
(87,113 missing values generated)
(95,313 missing values generated)
(88,481 missing values generated)
(86,097 missing values generated)
(96,097 missing values generated)
(89,217 missing values generated)
(86,705 missing values generated)
(96,929 missing values generated)
(89,849 missing values generated)
(87,017 missing values generated)
(124,905 missing values generated)
(114,153 missing values generated)
(103,097 missing values generated)
(103,713 missing values generated)
(96,241 missing values generated)
(91,097 missing values generated)
(97,081 missing values generated)
(89,905 missing values generated)
(234,401 missing values generated)
(104,409 missing values generated)
(96,449 missing values generated)
(234,401 missing values generated)
(113,257 missing values generated)
(104,953 missing values generated)
(234,401 missing values generated)
(190,809 missing values generated)
(180,753 missing values generated)
(234,401 missing values generated)
(144,241 missing values generated)
(135,721 missing values generated)
(234,401 missing values generated)
(86,097 missing values generated)
(85,425 missing values generated)
(85,425 missing values generated)
(97,081 missing values generated)
(2,767 missing values generated)
(2,767 missing values generated)
(2,767 missing values generated)
(1 missing value generated)
(813 missing values generated)
(140,653 missing values generated)
(140,653 missing values generated)
(140,653 missing values generated)
(140,653 missing values generated)
(140,641 missing values generated)
(89,905 missing values generated)
(172,343 missing values generated)
(1 missing value generated)
(1 missing value generated)
(1 missing value generated)
(56,865 missing values generated)
(56,257 missing values generated)
(56,257 missing values generated)
(159,649 missing values generated)
(159,649 missing values generated)
(164,321 missing values generated)
(140,641 missing values generated)
(154,705 missing values generated)
(143,231 missing values generated)
(143,231 missing values generated)
(142,985 missing values generated)
(140,641 missing values generated)
(159,649 missing values generated)
(215,225 missing values generated)

. 
. foreach var of varlist diff_logproperty diff_loggeneral_sales diff_logincome 
> diff_logcorp_income diff_logtotal diff_logawardamount{
  2.         gen `var'_gdp = `var' - diff_logstate_gdp_all
  3. 
. }
(209,245 missing values generated)
(140,641 missing values generated)
(140,641 missing values generated)
(140,641 missing values generated)
(159,649 missing values generated)
(140,641 missing values generated)

. 
. ** t+k values
. sort pair_id_numeric county_index time

. foreach var of varlist logemp_laus* logmeanwks* logunemp* loglabor_laus* logq
> cew_emp logqcew_emp_tot logqcew_wage logqcew_wage_tot logqwi*all* logvacrate*
>  logtight* logf_cl*{
  2.         forvalues y=1/8{
  3.         by pair_id_numeric county_index: gen f`y'_`var'=diff_`var'[_n+`y']
  4. }
  5. }
(2,357 missing values generated)
(4,701 missing values generated)
(7,045 missing values generated)
(9,389 missing values generated)
(11,733 missing values generated)
(14,077 missing values generated)
(16,421 missing values generated)
(18,765 missing values generated)
(2,345 missing values generated)
(4,689 missing values generated)
(7,033 missing values generated)
(9,377 missing values generated)
(11,721 missing values generated)
(14,065 missing values generated)
(16,409 missing values generated)
(18,753 missing values generated)
(2,345 missing values generated)
(4,689 missing values generated)
(7,033 missing values generated)
(9,377 missing values generated)
(11,721 missing values generated)
(14,065 missing values generated)
(16,409 missing values generated)
(18,753 missing values generated)
(140,641 missing values generated)
(140,641 missing values generated)
(140,641 missing values generated)
(140,641 missing values generated)
(140,641 missing values generated)
(140,641 missing values generated)
(140,641 missing values generated)
(140,641 missing values generated)
(2,345 missing values generated)
(4,689 missing values generated)
(7,033 missing values generated)
(9,377 missing values generated)
(11,721 missing values generated)
(14,065 missing values generated)
(16,409 missing values generated)
(18,753 missing values generated)
(140,641 missing values generated)
(140,641 missing values generated)
(140,641 missing values generated)
(140,641 missing values generated)
(140,641 missing values generated)
(140,641 missing values generated)
(140,641 missing values generated)
(140,641 missing values generated)
(152,373 missing values generated)
(152,373 missing values generated)
(152,373 missing values generated)
(152,373 missing values generated)
(152,373 missing values generated)
(152,373 missing values generated)
(152,373 missing values generated)
(152,373 missing values generated)
(2,377 missing values generated)
(4,721 missing values generated)
(7,065 missing values generated)
(9,409 missing values generated)
(11,749 missing values generated)
(14,089 missing values generated)
(16,433 missing values generated)
(18,773 missing values generated)
(2,377 missing values generated)
(4,721 missing values generated)
(7,065 missing values generated)
(9,409 missing values generated)
(11,749 missing values generated)
(14,089 missing values generated)
(16,433 missing values generated)
(18,773 missing values generated)
(2,345 missing values generated)
(4,689 missing values generated)
(7,033 missing values generated)
(9,377 missing values generated)
(11,721 missing values generated)
(14,065 missing values generated)
(16,409 missing values generated)
(18,753 missing values generated)
(2,345 missing values generated)
(4,689 missing values generated)
(7,033 missing values generated)
(9,377 missing values generated)
(11,721 missing values generated)
(14,065 missing values generated)
(16,409 missing values generated)
(18,753 missing values generated)
(2,357 missing values generated)
(4,701 missing values generated)
(7,045 missing values generated)
(9,389 missing values generated)
(11,733 missing values generated)
(14,077 missing values generated)
(16,421 missing values generated)
(18,765 missing values generated)
(2,345 missing values generated)
(4,689 missing values generated)
(7,033 missing values generated)
(9,377 missing values generated)
(11,721 missing values generated)
(14,065 missing values generated)
(16,409 missing values generated)
(18,753 missing values generated)
(7,241 missing values generated)
(9,579 missing values generated)
(11,919 missing values generated)
(14,257 missing values generated)
(16,595 missing values generated)
(18,935 missing values generated)
(21,275 missing values generated)
(23,615 missing values generated)
(5,199 missing values generated)
(7,539 missing values generated)
(9,879 missing values generated)
(12,219 missing values generated)
(14,559 missing values generated)
(16,899 missing values generated)
(19,239 missing values generated)
(21,579 missing values generated)
(7,241 missing values generated)
(9,579 missing values generated)
(11,919 missing values generated)
(14,257 missing values generated)
(16,595 missing values generated)
(18,935 missing values generated)
(21,275 missing values generated)
(23,615 missing values generated)
(5,199 missing values generated)
(7,539 missing values generated)
(9,879 missing values generated)
(12,219 missing values generated)
(14,559 missing values generated)
(16,899 missing values generated)
(19,239 missing values generated)
(21,579 missing values generated)
(96,971 missing values generated)
(96,971 missing values generated)
(96,971 missing values generated)
(96,971 missing values generated)
(96,971 missing values generated)
(96,971 missing values generated)
(97,043 missing values generated)
(97,115 missing values generated)
(96,965 missing values generated)
(96,965 missing values generated)
(96,965 missing values generated)
(96,965 missing values generated)
(96,965 missing values generated)
(97,037 missing values generated)
(97,109 missing values generated)
(97,195 missing values generated)
(103,627 missing values generated)
(103,627 missing values generated)
(103,627 missing values generated)
(103,627 missing values generated)
(103,627 missing values generated)
(103,627 missing values generated)
(103,627 missing values generated)
(103,627 missing values generated)
(96,709 missing values generated)
(96,709 missing values generated)
(96,709 missing values generated)
(96,709 missing values generated)
(96,709 missing values generated)
(96,709 missing values generated)
(96,781 missing values generated)
(96,853 missing values generated)
(94,361 missing values generated)
(94,361 missing values generated)
(94,361 missing values generated)
(94,361 missing values generated)
(94,361 missing values generated)
(94,433 missing values generated)
(94,505 missing values generated)
(94,591 missing values generated)
(99,291 missing values generated)
(99,291 missing values generated)
(99,291 missing values generated)
(99,291 missing values generated)
(99,291 missing values generated)
(99,291 missing values generated)
(99,291 missing values generated)
(99,363 missing values generated)
(99,283 missing values generated)
(99,283 missing values generated)
(99,283 missing values generated)
(99,283 missing values generated)
(99,283 missing values generated)
(99,283 missing values generated)
(99,355 missing values generated)
(99,427 missing values generated)
(110,189 missing values generated)
(110,189 missing values generated)
(110,189 missing values generated)
(110,189 missing values generated)
(110,189 missing values generated)
(110,189 missing values generated)
(110,257 missing values generated)
(110,323 missing values generated)
(110,397 missing values generated)
(110,397 missing values generated)
(110,397 missing values generated)
(110,397 missing values generated)
(110,397 missing values generated)
(110,461 missing values generated)
(110,527 missing values generated)
(110,605 missing values generated)
(112,197 missing values generated)
(112,197 missing values generated)
(112,197 missing values generated)
(112,197 missing values generated)
(112,197 missing values generated)
(112,197 missing values generated)
(112,197 missing values generated)
(112,197 missing values generated)
(106,143 missing values generated)
(106,143 missing values generated)
(106,143 missing values generated)
(106,143 missing values generated)
(106,143 missing values generated)
(106,143 missing values generated)
(106,215 missing values generated)
(106,285 missing values generated)
(234,401 missing values generated)
(234,401 missing values generated)
(234,401 missing values generated)
(234,401 missing values generated)
(234,401 missing values generated)
(234,401 missing values generated)
(234,401 missing values generated)
(234,401 missing values generated)
(110,189 missing values generated)
(110,189 missing values generated)
(110,189 missing values generated)
(110,189 missing values generated)
(110,189 missing values generated)
(110,189 missing values generated)
(110,257 missing values generated)
(110,323 missing values generated)
(110,419 missing values generated)
(110,419 missing values generated)
(110,419 missing values generated)
(110,419 missing values generated)
(110,419 missing values generated)
(110,419 missing values generated)
(110,483 missing values generated)
(110,549 missing values generated)
(94,221 missing values generated)
(94,221 missing values generated)
(94,221 missing values generated)
(94,221 missing values generated)
(94,221 missing values generated)
(94,293 missing values generated)
(94,365 missing values generated)
(94,451 missing values generated)
(94,433 missing values generated)
(94,433 missing values generated)
(94,433 missing values generated)
(94,433 missing values generated)
(94,433 missing values generated)
(94,433 missing values generated)
(94,505 missing values generated)
(94,591 missing values generated)
(89,821 missing values generated)
(89,821 missing values generated)
(89,821 missing values generated)
(89,821 missing values generated)
(89,893 missing values generated)
(89,965 missing values generated)
(90,051 missing values generated)
(90,137 missing values generated)
(89,965 missing values generated)
(89,965 missing values generated)
(89,965 missing values generated)
(89,965 missing values generated)
(89,965 missing values generated)
(89,965 missing values generated)
(90,051 missing values generated)
(90,137 missing values generated)
(112,197 missing values generated)
(112,197 missing values generated)
(112,197 missing values generated)
(112,197 missing values generated)
(112,197 missing values generated)
(112,197 missing values generated)
(112,197 missing values generated)
(112,197 missing values generated)
(87,201 missing values generated)
(87,201 missing values generated)
(87,201 missing values generated)
(87,201 missing values generated)
(87,287 missing values generated)
(87,373 missing values generated)
(87,459 missing values generated)
(87,545 missing values generated)
(95,313 missing values generated)
(95,313 missing values generated)
(95,313 missing values generated)
(95,313 missing values generated)
(95,313 missing values generated)
(95,313 missing values generated)
(95,313 missing values generated)
(95,313 missing values generated)
(88,481 missing values generated)
(88,481 missing values generated)
(88,481 missing values generated)
(88,481 missing values generated)
(88,553 missing values generated)
(88,625 missing values generated)
(88,697 missing values generated)
(88,769 missing values generated)
(86,097 missing values generated)
(86,097 missing values generated)
(86,097 missing values generated)
(86,097 missing values generated)
(86,183 missing values generated)
(86,269 missing values generated)
(86,355 missing values generated)
(86,441 missing values generated)
(97,081 missing values generated)
(97,081 missing values generated)
(97,081 missing values generated)
(97,081 missing values generated)
(97,081 missing values generated)
(97,081 missing values generated)
(97,081 missing values generated)
(97,081 missing values generated)
(89,905 missing values generated)
(89,905 missing values generated)
(89,905 missing values generated)
(89,905 missing values generated)
(89,977 missing values generated)
(90,049 missing values generated)
(90,121 missing values generated)
(90,193 missing values generated)
(234,401 missing values generated)
(234,401 missing values generated)
(234,401 missing values generated)
(234,401 missing values generated)
(234,401 missing values generated)
(234,401 missing values generated)
(234,401 missing values generated)
(234,401 missing values generated)
(86,097 missing values generated)
(86,097 missing values generated)
(86,097 missing values generated)
(86,097 missing values generated)
(86,183 missing values generated)
(86,269 missing values generated)
(86,355 missing values generated)
(86,441 missing values generated)
(85,425 missing values generated)
(85,425 missing values generated)
(85,425 missing values generated)
(85,425 missing values generated)
(85,511 missing values generated)
(85,597 missing values generated)
(85,683 missing values generated)
(85,769 missing values generated)
(85,425 missing values generated)
(85,425 missing values generated)
(85,425 missing values generated)
(85,425 missing values generated)
(85,511 missing values generated)
(85,597 missing values generated)
(85,683 missing values generated)
(85,769 missing values generated)
(97,081 missing values generated)
(97,081 missing values generated)
(97,081 missing values generated)
(97,081 missing values generated)
(97,081 missing values generated)
(97,081 missing values generated)
(97,081 missing values generated)
(97,081 missing values generated)
(140,653 missing values generated)
(140,653 missing values generated)
(140,653 missing values generated)
(140,653 missing values generated)
(140,653 missing values generated)
(140,653 missing values generated)
(140,653 missing values generated)
(140,653 missing values generated)
(140,653 missing values generated)
(140,653 missing values generated)
(140,653 missing values generated)
(140,653 missing values generated)
(140,653 missing values generated)
(140,653 missing values generated)
(140,653 missing values generated)
(140,653 missing values generated)
(140,653 missing values generated)
(140,653 missing values generated)
(140,653 missing values generated)
(140,653 missing values generated)
(140,653 missing values generated)
(140,653 missing values generated)
(140,653 missing values generated)
(140,653 missing values generated)
(140,653 missing values generated)
(140,653 missing values generated)
(140,653 missing values generated)
(140,653 missing values generated)
(140,653 missing values generated)
(140,653 missing values generated)
(140,653 missing values generated)
(140,653 missing values generated)
(215,225 missing values generated)
(215,225 missing values generated)
(215,225 missing values generated)
(215,225 missing values generated)
(215,225 missing values generated)
(215,225 missing values generated)
(215,225 missing values generated)
(215,225 missing values generated)

. ** Quasi-difference k
. foreach var of varlist logemp_laus* logmeanwks* logunemp* loglabor_laus* logq
> cew_emp logqcew_emp_tot logqcew_wage logqcew_wage_tot logqwi*all* logvacrate*
>  logtight* logf_cl*{
  2.         forvalues y=1/8{
  3.         by pair_id_numeric county_index: gen qdk`y'_`var'=diff_`var'-((0.9
> 9*(1-seprate[_n+`y'-1]))^`y')*f`y'_`var'
  4.         // Normalize QWI separation rates to the JOLTS mean (see paper app
> endix on
.         // alternative separation measures). pair_sepr_tot is scaled by 1.706
>  and
.         // pair_sepr_beg by 1.353 so that the average QWI-based separation ra
> te
.         // matches the JOLTS quarterly separation rate.
.         by pair_id_numeric county_index: gen qdsk`y'_`var'=diff_`var'-((0.99*
> (1-pair_sepr_tot[_n+`y'-1]/1.706))^`y')*f`y'_`var'
  5.         by pair_id_numeric county_index: gen qdsbk`y'_`var'=diff_`var'-((0
> .99*(1-pair_sepr_beg[_n+`y'-1]/1.353))^`y')*f`y'_`var'
  6. }
  7. }
(2,361 missing values generated)
(50,795 missing values generated)
(53,135 missing values generated)
(4,709 missing values generated)
(51,023 missing values generated)
(53,139 missing values generated)
(7,057 missing values generated)
(51,251 missing values generated)
(53,367 missing values generated)
(9,401 missing values generated)
(51,475 missing values generated)
(53,591 missing values generated)
(11,745 missing values generated)
(51,699 missing values generated)
(53,815 missing values generated)
(14,089 missing values generated)
(52,023 missing values generated)
(54,039 missing values generated)
(16,433 missing values generated)
(52,347 missing values generated)
(54,363 missing values generated)
(18,777 missing values generated)
(52,715 missing values generated)
(54,687 missing values generated)
(2,345 missing values generated)
(50,779 missing values generated)
(53,119 missing values generated)
(4,689 missing values generated)
(51,003 missing values generated)
(53,119 missing values generated)
(7,033 missing values generated)
(51,227 missing values generated)
(53,343 missing values generated)
(9,377 missing values generated)
(51,451 missing values generated)
(53,567 missing values generated)
(11,721 missing values generated)
(51,675 missing values generated)
(53,791 missing values generated)
(14,065 missing values generated)
(51,999 missing values generated)
(54,015 missing values generated)
(16,409 missing values generated)
(52,323 missing values generated)
(54,339 missing values generated)
(18,753 missing values generated)
(52,691 missing values generated)
(54,663 missing values generated)
(2,345 missing values generated)
(50,779 missing values generated)
(53,119 missing values generated)
(4,689 missing values generated)
(51,003 missing values generated)
(53,119 missing values generated)
(7,033 missing values generated)
(51,227 missing values generated)
(53,343 missing values generated)
(9,377 missing values generated)
(51,451 missing values generated)
(53,567 missing values generated)
(11,721 missing values generated)
(51,675 missing values generated)
(53,791 missing values generated)
(14,065 missing values generated)
(51,999 missing values generated)
(54,015 missing values generated)
(16,409 missing values generated)
(52,323 missing values generated)
(54,339 missing values generated)
(18,753 missing values generated)
(52,691 missing values generated)
(54,663 missing values generated)
(142,985 missing values generated)
(143,097 missing values generated)
(143,097 missing values generated)
(145,329 missing values generated)
(145,441 missing values generated)
(145,441 missing values generated)
(147,673 missing values generated)
(147,785 missing values generated)
(147,785 missing values generated)
(150,017 missing values generated)
(150,129 missing values generated)
(150,129 missing values generated)
(152,361 missing values generated)
(152,473 missing values generated)
(152,473 missing values generated)
(154,705 missing values generated)
(154,817 missing values generated)
(154,817 missing values generated)
(157,049 missing values generated)
(157,161 missing values generated)
(157,161 missing values generated)
(159,393 missing values generated)
(159,505 missing values generated)
(159,505 missing values generated)
(2,345 missing values generated)
(50,779 missing values generated)
(53,119 missing values generated)
(4,689 missing values generated)
(51,003 missing values generated)
(53,119 missing values generated)
(7,033 missing values generated)
(51,227 missing values generated)
(53,343 missing values generated)
(9,377 missing values generated)
(51,451 missing values generated)
(53,567 missing values generated)
(11,721 missing values generated)
(51,675 missing values generated)
(53,791 missing values generated)
(14,065 missing values generated)
(51,999 missing values generated)
(54,015 missing values generated)
(16,409 missing values generated)
(52,323 missing values generated)
(54,339 missing values generated)
(18,753 missing values generated)
(52,691 missing values generated)
(54,663 missing values generated)
(142,985 missing values generated)
(143,097 missing values generated)
(143,097 missing values generated)
(145,329 missing values generated)
(145,441 missing values generated)
(145,441 missing values generated)
(147,673 missing values generated)
(147,785 missing values generated)
(147,785 missing values generated)
(150,017 missing values generated)
(150,129 missing values generated)
(150,129 missing values generated)
(152,361 missing values generated)
(152,473 missing values generated)
(152,473 missing values generated)
(154,705 missing values generated)
(154,817 missing values generated)
(154,817 missing values generated)
(157,049 missing values generated)
(157,161 missing values generated)
(157,161 missing values generated)
(159,393 missing values generated)
(159,505 missing values generated)
(159,505 missing values generated)
(154,721 missing values generated)
(154,721 missing values generated)
(154,721 missing values generated)
(157,069 missing values generated)
(157,069 missing values generated)
(157,069 missing values generated)
(159,417 missing values generated)
(159,417 missing values generated)
(159,417 missing values generated)
(161,757 missing values generated)
(161,757 missing values generated)
(161,757 missing values generated)
(164,097 missing values generated)
(164,097 missing values generated)
(164,097 missing values generated)
(166,437 missing values generated)
(166,437 missing values generated)
(166,437 missing values generated)
(168,781 missing values generated)
(168,781 missing values generated)
(168,781 missing values generated)
(171,125 missing values generated)
(171,125 missing values generated)
(171,125 missing values generated)
(2,393 missing values generated)
(50,795 missing values generated)
(53,135 missing values generated)
(4,745 missing values generated)
(51,023 missing values generated)
(53,139 missing values generated)
(7,089 missing values generated)
(51,251 missing values generated)
(53,367 missing values generated)
(9,437 missing values generated)
(51,475 missing values generated)
(53,591 missing values generated)
(11,781 missing values generated)
(51,699 missing values generated)
(53,815 missing values generated)
(14,117 missing values generated)
(52,023 missing values generated)
(54,039 missing values generated)
(16,461 missing values generated)
(52,347 missing values generated)
(54,363 missing values generated)
(18,805 missing values generated)
(52,719 missing values generated)
(54,691 missing values generated)
(2,393 missing values generated)
(50,795 missing values generated)
(53,135 missing values generated)
(4,745 missing values generated)
(51,023 missing values generated)
(53,139 missing values generated)
(7,089 missing values generated)
(51,251 missing values generated)
(53,367 missing values generated)
(9,437 missing values generated)
(51,475 missing values generated)
(53,591 missing values generated)
(11,781 missing values generated)
(51,699 missing values generated)
(53,815 missing values generated)
(14,117 missing values generated)
(52,023 missing values generated)
(54,039 missing values generated)
(16,461 missing values generated)
(52,347 missing values generated)
(54,363 missing values generated)
(18,805 missing values generated)
(52,719 missing values generated)
(54,691 missing values generated)
(2,345 missing values generated)
(50,779 missing values generated)
(53,119 missing values generated)
(4,689 missing values generated)
(51,003 missing values generated)
(53,119 missing values generated)
(7,033 missing values generated)
(51,227 missing values generated)
(53,343 missing values generated)
(9,377 missing values generated)
(51,451 missing values generated)
(53,567 missing values generated)
(11,721 missing values generated)
(51,675 missing values generated)
(53,791 missing values generated)
(14,065 missing values generated)
(51,999 missing values generated)
(54,015 missing values generated)
(16,409 missing values generated)
(52,323 missing values generated)
(54,339 missing values generated)
(18,753 missing values generated)
(52,691 missing values generated)
(54,663 missing values generated)
(2,345 missing values generated)
(50,779 missing values generated)
(53,119 missing values generated)
(4,689 missing values generated)
(51,003 missing values generated)
(53,119 missing values generated)
(7,033 missing values generated)
(51,227 missing values generated)
(53,343 missing values generated)
(9,377 missing values generated)
(51,451 missing values generated)
(53,567 missing values generated)
(11,721 missing values generated)
(51,675 missing values generated)
(53,791 missing values generated)
(14,065 missing values generated)
(51,999 missing values generated)
(54,015 missing values generated)
(16,409 missing values generated)
(52,323 missing values generated)
(54,339 missing values generated)
(18,753 missing values generated)
(52,691 missing values generated)
(54,663 missing values generated)
(2,361 missing values generated)
(50,795 missing values generated)
(53,135 missing values generated)
(4,709 missing values generated)
(51,023 missing values generated)
(53,139 missing values generated)
(7,057 missing values generated)
(51,251 missing values generated)
(53,367 missing values generated)
(9,401 missing values generated)
(51,475 missing values generated)
(53,591 missing values generated)
(11,745 missing values generated)
(51,699 missing values generated)
(53,815 missing values generated)
(14,089 missing values generated)
(52,023 missing values generated)
(54,039 missing values generated)
(16,433 missing values generated)
(52,347 missing values generated)
(54,363 missing values generated)
(18,777 missing values generated)
(52,715 missing values generated)
(54,687 missing values generated)
(2,345 missing values generated)
(50,779 missing values generated)
(53,119 missing values generated)
(4,689 missing values generated)
(51,003 missing values generated)
(53,119 missing values generated)
(7,033 missing values generated)
(51,227 missing values generated)
(53,343 missing values generated)
(9,377 missing values generated)
(51,451 missing values generated)
(53,567 missing values generated)
(11,721 missing values generated)
(51,675 missing values generated)
(53,791 missing values generated)
(14,065 missing values generated)
(51,999 missing values generated)
(54,015 missing values generated)
(16,409 missing values generated)
(52,323 missing values generated)
(54,339 missing values generated)
(18,753 missing values generated)
(52,691 missing values generated)
(54,663 missing values generated)
(7,613 missing values generated)
(55,837 missing values generated)
(58,175 missing values generated)
(10,061 missing values generated)
(56,171 missing values generated)
(58,285 missing values generated)
(12,441 missing values generated)
(56,435 missing values generated)
(58,549 missing values generated)
(14,801 missing values generated)
(56,679 missing values generated)
(58,793 missing values generated)
(17,185 missing values generated)
(56,949 missing values generated)
(59,063 missing values generated)
(19,581 missing values generated)
(57,329 missing values generated)
(59,343 missing values generated)
(21,939 missing values generated)
(57,673 missing values generated)
(59,687 missing values generated)
(24,265 missing values generated)
(58,029 missing values generated)
(59,999 missing values generated)
(5,241 missing values generated)
(53,479 missing values generated)
(55,819 missing values generated)
(7,603 missing values generated)
(53,725 missing values generated)
(55,841 missing values generated)
(9,947 missing values generated)
(53,953 missing values generated)
(56,069 missing values generated)
(12,275 missing values generated)
(54,165 missing values generated)
(56,281 missing values generated)
(14,619 missing values generated)
(54,393 missing values generated)
(56,509 missing values generated)
(16,981 missing values generated)
(54,739 missing values generated)
(56,755 missing values generated)
(19,331 missing values generated)
(55,073 missing values generated)
(57,089 missing values generated)
(21,675 missing values generated)
(55,445 missing values generated)
(57,417 missing values generated)
(7,613 missing values generated)
(55,837 missing values generated)
(58,175 missing values generated)
(10,061 missing values generated)
(56,171 missing values generated)
(58,285 missing values generated)
(12,441 missing values generated)
(56,435 missing values generated)
(58,549 missing values generated)
(14,801 missing values generated)
(56,679 missing values generated)
(58,793 missing values generated)
(17,185 missing values generated)
(56,949 missing values generated)
(59,063 missing values generated)
(19,581 missing values generated)
(57,329 missing values generated)
(59,343 missing values generated)
(21,939 missing values generated)
(57,673 missing values generated)
(59,687 missing values generated)
(24,265 missing values generated)
(58,029 missing values generated)
(59,999 missing values generated)
(5,241 missing values generated)
(53,479 missing values generated)
(55,819 missing values generated)
(7,603 missing values generated)
(53,725 missing values generated)
(55,841 missing values generated)
(9,947 missing values generated)
(53,953 missing values generated)
(56,069 missing values generated)
(12,275 missing values generated)
(54,165 missing values generated)
(56,281 missing values generated)
(14,619 missing values generated)
(54,393 missing values generated)
(56,509 missing values generated)
(16,981 missing values generated)
(54,739 missing values generated)
(56,755 missing values generated)
(19,331 missing values generated)
(55,073 missing values generated)
(57,089 missing values generated)
(21,675 missing values generated)
(55,445 missing values generated)
(57,417 missing values generated)
(99,409 missing values generated)
(99,409 missing values generated)
(99,409 missing values generated)
(101,719 missing values generated)
(101,719 missing values generated)
(101,719 missing values generated)
(104,011 missing values generated)
(104,011 missing values generated)
(104,011 missing values generated)
(106,311 missing values generated)
(106,311 missing values generated)
(106,311 missing values generated)
(108,629 missing values generated)
(108,629 missing values generated)
(108,629 missing values generated)
(110,933 missing values generated)
(110,933 missing values generated)
(110,933 missing values generated)
(113,199 missing values generated)
(113,199 missing values generated)
(113,199 missing values generated)
(115,481 missing values generated)
(115,481 missing values generated)
(115,481 missing values generated)
(99,385 missing values generated)
(99,385 missing values generated)
(99,385 missing values generated)
(101,705 missing values generated)
(101,705 missing values generated)
(101,705 missing values generated)
(104,013 missing values generated)
(104,013 missing values generated)
(104,013 missing values generated)
(106,291 missing values generated)
(106,291 missing values generated)
(106,291 missing values generated)
(108,587 missing values generated)
(108,587 missing values generated)
(108,587 missing values generated)
(110,885 missing values generated)
(110,885 missing values generated)
(110,885 missing values generated)
(113,181 missing values generated)
(113,181 missing values generated)
(113,181 missing values generated)
(115,457 missing values generated)
(115,457 missing values generated)
(115,457 missing values generated)
(105,985 missing values generated)
(105,985 missing values generated)
(105,985 missing values generated)
(108,277 missing values generated)
(108,277 missing values generated)
(108,277 missing values generated)
(110,577 missing values generated)
(110,577 missing values generated)
(110,577 missing values generated)
(112,863 missing values generated)
(112,863 missing values generated)
(112,863 missing values generated)
(115,171 missing values generated)
(115,171 missing values generated)
(115,171 missing values generated)
(117,471 missing values generated)
(117,471 missing values generated)
(117,471 missing values generated)
(119,775 missing values generated)
(119,775 missing values generated)
(119,775 missing values generated)
(122,061 missing values generated)
(122,061 missing values generated)
(122,061 missing values generated)
(99,045 missing values generated)
(99,045 missing values generated)
(99,045 missing values generated)
(101,341 missing values generated)
(101,341 missing values generated)
(101,341 missing values generated)
(103,645 missing values generated)
(103,645 missing values generated)
(103,645 missing values generated)
(105,933 missing values generated)
(105,933 missing values generated)
(105,933 missing values generated)
(108,245 missing values generated)
(108,245 missing values generated)
(108,245 missing values generated)
(110,541 missing values generated)
(110,541 missing values generated)
(110,541 missing values generated)
(112,839 missing values generated)
(112,839 missing values generated)
(112,839 missing values generated)
(115,131 missing values generated)
(115,131 missing values generated)
(115,131 missing values generated)
(96,661 missing values generated)
(96,661 missing values generated)
(96,661 missing values generated)
(98,961 missing values generated)
(98,961 missing values generated)
(98,961 missing values generated)
(101,261 missing values generated)
(101,261 missing values generated)
(101,261 missing values generated)
(103,561 missing values generated)
(103,561 missing values generated)
(103,561 missing values generated)
(105,861 missing values generated)
(105,861 missing values generated)
(105,861 missing values generated)
(108,161 missing values generated)
(108,161 missing values generated)
(108,161 missing values generated)
(110,461 missing values generated)
(110,461 missing values generated)
(110,461 missing values generated)
(112,761 missing values generated)
(112,761 missing values generated)
(112,761 missing values generated)
(101,737 missing values generated)
(101,737 missing values generated)
(101,737 missing values generated)
(104,051 missing values generated)
(104,051 missing values generated)
(104,051 missing values generated)
(106,333 missing values generated)
(106,333 missing values generated)
(106,333 missing values generated)
(108,629 missing values generated)
(108,629 missing values generated)
(108,629 missing values generated)
(110,947 missing values generated)
(110,947 missing values generated)
(110,947 missing values generated)
(113,243 missing values generated)
(113,243 missing values generated)
(113,243 missing values generated)
(115,507 missing values generated)
(115,507 missing values generated)
(115,507 missing values generated)
(117,795 missing values generated)
(117,795 missing values generated)
(117,795 missing values generated)
(101,757 missing values generated)
(101,757 missing values generated)
(101,757 missing values generated)
(104,069 missing values generated)
(104,069 missing values generated)
(104,069 missing values generated)
(106,351 missing values generated)
(106,351 missing values generated)
(106,351 missing values generated)
(108,623 missing values generated)
(108,623 missing values generated)
(108,623 missing values generated)
(110,931 missing values generated)
(110,931 missing values generated)
(110,931 missing values generated)
(113,239 missing values generated)
(113,239 missing values generated)
(113,239 missing values generated)
(115,519 missing values generated)
(115,519 missing values generated)
(115,519 missing values generated)
(117,791 missing values generated)
(117,791 missing values generated)
(117,791 missing values generated)
(118,291 missing values generated)
(118,291 missing values generated)
(118,291 missing values generated)
(120,585 missing values generated)
(120,585 missing values generated)
(120,585 missing values generated)
(122,705 missing values generated)
(122,705 missing values generated)
(122,705 missing values generated)
(124,365 missing values generated)
(124,365 missing values generated)
(124,365 missing values generated)
(126,759 missing values generated)
(126,759 missing values generated)
(126,759 missing values generated)
(128,913 missing values generated)
(128,913 missing values generated)
(128,913 missing values generated)
(130,875 missing values generated)
(130,875 missing values generated)
(130,875 missing values generated)
(132,721 missing values generated)
(132,721 missing values generated)
(132,721 missing values generated)
(118,817 missing values generated)
(118,817 missing values generated)
(118,817 missing values generated)
(121,093 missing values generated)
(121,093 missing values generated)
(121,093 missing values generated)
(123,043 missing values generated)
(123,043 missing values generated)
(123,043 missing values generated)
(124,835 missing values generated)
(124,835 missing values generated)
(124,835 missing values generated)
(127,207 missing values generated)
(127,207 missing values generated)
(127,207 missing values generated)
(129,363 missing values generated)
(129,363 missing values generated)
(129,363 missing values generated)
(131,257 missing values generated)
(131,257 missing values generated)
(131,257 missing values generated)
(133,077 missing values generated)
(133,077 missing values generated)
(133,077 missing values generated)
(119,217 missing values generated)
(119,217 missing values generated)
(119,217 missing values generated)
(121,615 missing values generated)
(121,615 missing values generated)
(121,615 missing values generated)
(123,781 missing values generated)
(123,781 missing values generated)
(123,781 missing values generated)
(125,783 missing values generated)
(125,783 missing values generated)
(125,783 missing values generated)
(128,039 missing values generated)
(128,039 missing values generated)
(128,039 missing values generated)
(130,101 missing values generated)
(130,101 missing values generated)
(130,101 missing values generated)
(132,133 missing values generated)
(132,133 missing values generated)
(132,133 missing values generated)
(134,143 missing values generated)
(134,143 missing values generated)
(134,143 missing values generated)
(114,391 missing values generated)
(114,391 missing values generated)
(114,391 missing values generated)
(116,637 missing values generated)
(116,637 missing values generated)
(116,637 missing values generated)
(118,789 missing values generated)
(118,789 missing values generated)
(118,789 missing values generated)
(120,515 missing values generated)
(120,515 missing values generated)
(120,515 missing values generated)
(122,787 missing values generated)
(122,787 missing values generated)
(122,787 missing values generated)
(124,993 missing values generated)
(124,993 missing values generated)
(124,993 missing values generated)
(127,051 missing values generated)
(127,051 missing values generated)
(127,051 missing values generated)
(129,007 missing values generated)
(129,007 missing values generated)
(129,007 missing values generated)
(234,401 missing values generated)
(234,401 missing values generated)
(234,401 missing values generated)
(234,401 missing values generated)
(234,401 missing values generated)
(234,401 missing values generated)
(234,401 missing values generated)
(234,401 missing values generated)
(234,401 missing values generated)
(234,401 missing values generated)
(234,401 missing values generated)
(234,401 missing values generated)
(234,401 missing values generated)
(234,401 missing values generated)
(234,401 missing values generated)
(234,401 missing values generated)
(234,401 missing values generated)
(234,401 missing values generated)
(234,401 missing values generated)
(234,401 missing values generated)
(234,401 missing values generated)
(234,401 missing values generated)
(234,401 missing values generated)
(234,401 missing values generated)
(118,291 missing values generated)
(118,291 missing values generated)
(118,291 missing values generated)
(120,585 missing values generated)
(120,585 missing values generated)
(120,585 missing values generated)
(122,705 missing values generated)
(122,705 missing values generated)
(122,705 missing values generated)
(124,365 missing values generated)
(124,365 missing values generated)
(124,365 missing values generated)
(126,759 missing values generated)
(126,759 missing values generated)
(126,759 missing values generated)
(128,913 missing values generated)
(128,913 missing values generated)
(128,913 missing values generated)
(130,875 missing values generated)
(130,875 missing values generated)
(130,875 missing values generated)
(132,721 missing values generated)
(132,721 missing values generated)
(132,721 missing values generated)
(118,819 missing values generated)
(118,819 missing values generated)
(118,819 missing values generated)
(121,095 missing values generated)
(121,095 missing values generated)
(121,095 missing values generated)
(123,053 missing values generated)
(123,053 missing values generated)
(123,053 missing values generated)
(124,849 missing values generated)
(124,849 missing values generated)
(124,849 missing values generated)
(127,221 missing values generated)
(127,221 missing values generated)
(127,221 missing values generated)
(129,375 missing values generated)
(129,375 missing values generated)
(129,375 missing values generated)
(131,265 missing values generated)
(131,265 missing values generated)
(131,265 missing values generated)
(133,087 missing values generated)
(133,087 missing values generated)
(133,087 missing values generated)
(96,935 missing values generated)
(96,935 missing values generated)
(96,935 missing values generated)
(99,369 missing values generated)
(99,369 missing values generated)
(99,369 missing values generated)
(101,667 missing values generated)
(101,667 missing values generated)
(101,667 missing values generated)
(103,893 missing values generated)
(103,893 missing values generated)
(103,893 missing values generated)
(106,297 missing values generated)
(106,297 missing values generated)
(106,297 missing values generated)
(108,631 missing values generated)
(108,631 missing values generated)
(108,631 missing values generated)
(110,855 missing values generated)
(110,855 missing values generated)
(110,855 missing values generated)
(113,093 missing values generated)
(113,093 missing values generated)
(113,093 missing values generated)
(96,733 missing values generated)
(96,733 missing values generated)
(96,733 missing values generated)
(99,033 missing values generated)
(99,033 missing values generated)
(99,033 missing values generated)
(101,333 missing values generated)
(101,333 missing values generated)
(101,333 missing values generated)
(103,633 missing values generated)
(103,633 missing values generated)
(103,633 missing values generated)
(105,933 missing values generated)
(105,933 missing values generated)
(105,933 missing values generated)
(108,233 missing values generated)
(108,233 missing values generated)
(108,233 missing values generated)
(110,533 missing values generated)
(110,533 missing values generated)
(110,533 missing values generated)
(112,833 missing values generated)
(112,833 missing values generated)
(112,833 missing values generated)
(92,145 missing values generated)
(92,145 missing values generated)
(92,311 missing values generated)
(94,453 missing values generated)
(94,453 missing values generated)
(94,453 missing values generated)
(96,757 missing values generated)
(96,757 missing values generated)
(96,757 missing values generated)
(99,053 missing values generated)
(99,053 missing values generated)
(99,053 missing values generated)
(101,365 missing values generated)
(101,365 missing values generated)
(101,365 missing values generated)
(103,665 missing values generated)
(103,665 missing values generated)
(103,665 missing values generated)
(105,965 missing values generated)
(105,965 missing values generated)
(105,965 missing values generated)
(108,257 missing values generated)
(108,257 missing values generated)
(108,257 missing values generated)
(92,289 missing values generated)
(92,289 missing values generated)
(92,437 missing values generated)
(94,597 missing values generated)
(94,597 missing values generated)
(94,597 missing values generated)
(96,901 missing values generated)
(96,901 missing values generated)
(96,901 missing values generated)
(99,197 missing values generated)
(99,197 missing values generated)
(99,197 missing values generated)
(101,509 missing values generated)
(101,509 missing values generated)
(101,509 missing values generated)
(103,809 missing values generated)
(103,809 missing values generated)
(103,809 missing values generated)
(106,109 missing values generated)
(106,109 missing values generated)
(106,109 missing values generated)
(108,401 missing values generated)
(108,401 missing values generated)
(108,401 missing values generated)
(119,217 missing values generated)
(119,217 missing values generated)
(119,217 missing values generated)
(121,615 missing values generated)
(121,615 missing values generated)
(121,615 missing values generated)
(123,781 missing values generated)
(123,781 missing values generated)
(123,781 missing values generated)
(125,783 missing values generated)
(125,783 missing values generated)
(125,783 missing values generated)
(128,039 missing values generated)
(128,039 missing values generated)
(128,039 missing values generated)
(130,101 missing values generated)
(130,101 missing values generated)
(130,101 missing values generated)
(132,133 missing values generated)
(132,133 missing values generated)
(132,133 missing values generated)
(134,143 missing values generated)
(134,143 missing values generated)
(134,143 missing values generated)
(89,573 missing values generated)
(89,623 missing values generated)
(89,887 missing values generated)
(91,945 missing values generated)
(91,991 missing values generated)
(91,991 missing values generated)
(94,317 missing values generated)
(94,363 missing values generated)
(94,363 missing values generated)
(96,689 missing values generated)
(96,735 missing values generated)
(96,735 missing values generated)
(99,011 missing values generated)
(99,057 missing values generated)
(99,057 missing values generated)
(101,333 missing values generated)
(101,379 missing values generated)
(101,379 missing values generated)
(103,655 missing values generated)
(103,701 missing values generated)
(103,701 missing values generated)
(105,977 missing values generated)
(106,023 missing values generated)
(106,023 missing values generated)
(97,613 missing values generated)
(97,661 missing values generated)
(97,661 missing values generated)
(99,913 missing values generated)
(99,961 missing values generated)
(99,961 missing values generated)
(102,213 missing values generated)
(102,261 missing values generated)
(102,261 missing values generated)
(104,513 missing values generated)
(104,561 missing values generated)
(104,561 missing values generated)
(106,813 missing values generated)
(106,861 missing values generated)
(106,861 missing values generated)
(109,113 missing values generated)
(109,161 missing values generated)
(109,161 missing values generated)
(111,413 missing values generated)
(111,461 missing values generated)
(111,461 missing values generated)
(113,713 missing values generated)
(113,761 missing values generated)
(113,761 missing values generated)
(90,781 missing values generated)
(90,829 missing values generated)
(91,015 missing values generated)
(93,081 missing values generated)
(93,129 missing values generated)
(93,129 missing values generated)
(95,381 missing values generated)
(95,429 missing values generated)
(95,429 missing values generated)
(97,681 missing values generated)
(97,729 missing values generated)
(97,729 missing values generated)
(99,981 missing values generated)
(100,029 missing values generated)
(100,029 missing values generated)
(102,281 missing values generated)
(102,329 missing values generated)
(102,329 missing values generated)
(104,581 missing values generated)
(104,629 missing values generated)
(104,629 missing values generated)
(106,881 missing values generated)
(106,929 missing values generated)
(106,929 missing values generated)
(88,397 missing values generated)
(88,449 missing values generated)
(88,717 missing values generated)
(90,697 missing values generated)
(90,745 missing values generated)
(90,745 missing values generated)
(92,997 missing values generated)
(93,045 missing values generated)
(93,045 missing values generated)
(95,297 missing values generated)
(95,345 missing values generated)
(95,345 missing values generated)
(97,597 missing values generated)
(97,645 missing values generated)
(97,645 missing values generated)
(99,897 missing values generated)
(99,945 missing values generated)
(99,945 missing values generated)
(102,197 missing values generated)
(102,245 missing values generated)
(102,245 missing values generated)
(104,497 missing values generated)
(104,545 missing values generated)
(104,545 missing values generated)
(99,555 missing values generated)
(99,601 missing values generated)
(99,601 missing values generated)
(102,029 missing values generated)
(102,075 missing values generated)
(102,075 missing values generated)
(104,503 missing values generated)
(104,549 missing values generated)
(104,549 missing values generated)
(106,977 missing values generated)
(107,023 missing values generated)
(107,023 missing values generated)
(109,255 missing values generated)
(109,301 missing values generated)
(109,301 missing values generated)
(111,533 missing values generated)
(111,579 missing values generated)
(111,579 missing values generated)
(113,811 missing values generated)
(113,857 missing values generated)
(113,857 missing values generated)
(116,089 missing values generated)
(116,135 missing values generated)
(116,135 missing values generated)
(92,345 missing values generated)
(92,393 missing values generated)
(92,573 missing values generated)
(94,785 missing values generated)
(94,833 missing values generated)
(94,833 missing values generated)
(97,225 missing values generated)
(97,273 missing values generated)
(97,273 missing values generated)
(99,665 missing values generated)
(99,713 missing values generated)
(99,713 missing values generated)
(101,969 missing values generated)
(102,017 missing values generated)
(102,017 missing values generated)
(104,273 missing values generated)
(104,321 missing values generated)
(104,321 missing values generated)
(106,577 missing values generated)
(106,625 missing values generated)
(106,625 missing values generated)
(108,881 missing values generated)
(108,929 missing values generated)
(108,929 missing values generated)
(234,401 missing values generated)
(234,401 missing values generated)
(234,401 missing values generated)
(234,401 missing values generated)
(234,401 missing values generated)
(234,401 missing values generated)
(234,401 missing values generated)
(234,401 missing values generated)
(234,401 missing values generated)
(234,401 missing values generated)
(234,401 missing values generated)
(234,401 missing values generated)
(234,401 missing values generated)
(234,401 missing values generated)
(234,401 missing values generated)
(234,401 missing values generated)
(234,401 missing values generated)
(234,401 missing values generated)
(234,401 missing values generated)
(234,401 missing values generated)
(234,401 missing values generated)
(234,401 missing values generated)
(234,401 missing values generated)
(234,401 missing values generated)
(88,397 missing values generated)
(88,449 missing values generated)
(88,717 missing values generated)
(90,697 missing values generated)
(90,745 missing values generated)
(90,745 missing values generated)
(92,997 missing values generated)
(93,045 missing values generated)
(93,045 missing values generated)
(95,297 missing values generated)
(95,345 missing values generated)
(95,345 missing values generated)
(97,597 missing values generated)
(97,645 missing values generated)
(97,645 missing values generated)
(99,897 missing values generated)
(99,945 missing values generated)
(99,945 missing values generated)
(102,197 missing values generated)
(102,245 missing values generated)
(102,245 missing values generated)
(104,497 missing values generated)
(104,545 missing values generated)
(104,545 missing values generated)
(87,729 missing values generated)
(87,781 missing values generated)
(88,061 missing values generated)
(90,033 missing values generated)
(90,081 missing values generated)
(90,081 missing values generated)
(92,337 missing values generated)
(92,385 missing values generated)
(92,385 missing values generated)
(94,641 missing values generated)
(94,689 missing values generated)
(94,689 missing values generated)
(96,941 missing values generated)
(96,989 missing values generated)
(96,989 missing values generated)
(99,241 missing values generated)
(99,289 missing values generated)
(99,289 missing values generated)
(101,541 missing values generated)
(101,589 missing values generated)
(101,589 missing values generated)
(103,841 missing values generated)
(103,889 missing values generated)
(103,889 missing values generated)
(87,729 missing values generated)
(87,781 missing values generated)
(88,061 missing values generated)
(90,033 missing values generated)
(90,081 missing values generated)
(90,081 missing values generated)
(92,337 missing values generated)
(92,385 missing values generated)
(92,385 missing values generated)
(94,641 missing values generated)
(94,689 missing values generated)
(94,689 missing values generated)
(96,941 missing values generated)
(96,989 missing values generated)
(96,989 missing values generated)
(99,241 missing values generated)
(99,289 missing values generated)
(99,289 missing values generated)
(101,541 missing values generated)
(101,589 missing values generated)
(101,589 missing values generated)
(103,841 missing values generated)
(103,889 missing values generated)
(103,889 missing values generated)
(99,555 missing values generated)
(99,601 missing values generated)
(99,601 missing values generated)
(102,029 missing values generated)
(102,075 missing values generated)
(102,075 missing values generated)
(104,503 missing values generated)
(104,549 missing values generated)
(104,549 missing values generated)
(106,977 missing values generated)
(107,023 missing values generated)
(107,023 missing values generated)
(109,255 missing values generated)
(109,301 missing values generated)
(109,301 missing values generated)
(111,533 missing values generated)
(111,579 missing values generated)
(111,579 missing values generated)
(113,811 missing values generated)
(113,857 missing values generated)
(113,857 missing values generated)
(116,089 missing values generated)
(116,135 missing values generated)
(116,135 missing values generated)
(143,001 missing values generated)
(143,113 missing values generated)
(143,113 missing values generated)
(145,349 missing values generated)
(145,461 missing values generated)
(145,461 missing values generated)
(147,697 missing values generated)
(147,809 missing values generated)
(147,809 missing values generated)
(150,037 missing values generated)
(150,149 missing values generated)
(150,149 missing values generated)
(152,377 missing values generated)
(152,489 missing values generated)
(152,489 missing values generated)
(154,717 missing values generated)
(154,829 missing values generated)
(154,829 missing values generated)
(157,061 missing values generated)
(157,173 missing values generated)
(157,173 missing values generated)
(159,405 missing values generated)
(159,517 missing values generated)
(159,517 missing values generated)
(143,001 missing values generated)
(143,113 missing values generated)
(143,113 missing values generated)
(145,349 missing values generated)
(145,461 missing values generated)
(145,461 missing values generated)
(147,697 missing values generated)
(147,809 missing values generated)
(147,809 missing values generated)
(150,037 missing values generated)
(150,149 missing values generated)
(150,149 missing values generated)
(152,377 missing values generated)
(152,489 missing values generated)
(152,489 missing values generated)
(154,717 missing values generated)
(154,829 missing values generated)
(154,829 missing values generated)
(157,061 missing values generated)
(157,173 missing values generated)
(157,173 missing values generated)
(159,405 missing values generated)
(159,517 missing values generated)
(159,517 missing values generated)
(143,001 missing values generated)
(143,113 missing values generated)
(143,113 missing values generated)
(145,349 missing values generated)
(145,461 missing values generated)
(145,461 missing values generated)
(147,697 missing values generated)
(147,809 missing values generated)
(147,809 missing values generated)
(150,037 missing values generated)
(150,149 missing values generated)
(150,149 missing values generated)
(152,377 missing values generated)
(152,489 missing values generated)
(152,489 missing values generated)
(154,717 missing values generated)
(154,829 missing values generated)
(154,829 missing values generated)
(157,061 missing values generated)
(157,173 missing values generated)
(157,173 missing values generated)
(159,405 missing values generated)
(159,517 missing values generated)
(159,517 missing values generated)
(143,001 missing values generated)
(143,113 missing values generated)
(143,113 missing values generated)
(145,349 missing values generated)
(145,461 missing values generated)
(145,461 missing values generated)
(147,697 missing values generated)
(147,809 missing values generated)
(147,809 missing values generated)
(150,037 missing values generated)
(150,149 missing values generated)
(150,149 missing values generated)
(152,377 missing values generated)
(152,489 missing values generated)
(152,489 missing values generated)
(154,717 missing values generated)
(154,829 missing values generated)
(154,829 missing values generated)
(157,061 missing values generated)
(157,173 missing values generated)
(157,173 missing values generated)
(159,405 missing values generated)
(159,517 missing values generated)
(159,517 missing values generated)
(215,789 missing values generated)
(215,789 missing values generated)
(215,789 missing values generated)
(216,353 missing values generated)
(216,353 missing values generated)
(216,353 missing values generated)
(216,917 missing values generated)
(216,917 missing values generated)
(216,917 missing values generated)
(217,481 missing values generated)
(217,481 missing values generated)
(217,481 missing values generated)
(218,045 missing values generated)
(218,045 missing values generated)
(218,045 missing values generated)
(218,609 missing values generated)
(218,609 missing values generated)
(218,609 missing values generated)
(219,173 missing values generated)
(219,173 missing values generated)
(219,173 missing values generated)
(219,737 missing values generated)
(219,737 missing values generated)
(219,737 missing values generated)

. 
. sort pair_id_numeric county_index time

. // drop *qwi*_ret
. foreach ind in "all"{
  2. 
.         by pair_id_numeric county_index: gen did_logqwi_wage=diff_logqwiw1_`i
> nd'[_n]-diff_logqwiw2_`ind'[_n-1]
  3.         by pair_id_numeric county_index: gen did_logqwi_wage2=diff_logqwiw
> 3_`ind'[_n]-diff_logqwiw4_`ind'[_n-1]
  4.         by pair_id_numeric county_index: gen did_logqwi_wagef=diff_logqwiw
> 1f_`ind'[_n]-diff_logqwiw2f_`ind'[_n-1]
  5.         by pair_id_numeric county_index: gen did_logqwi_wage2f=diff_logqwi
> w3f_`ind'[_n]-diff_logqwiw4f_`ind'[_n-1]
  6. 
. }
(97,091 missing values generated)
(99,437 missing values generated)
(116,829 missing values generated)
(118,961 missing values generated)

. 
. foreach ind in "foo" "man" "ret"{
  2. 
.         by pair_id_numeric county_index: gen did_logqwi_wage_`ind'=diff_logqw
> iw1_`ind'[_n]-diff_logqwiw2_`ind'[_n-1]
  3.         by pair_id_numeric county_index: gen did_logqwi_wage2_`ind'=diff_l
> ogqwiw3_`ind'[_n]-diff_logqwiw4_`ind'[_n-1]
  4.         by pair_id_numeric county_index: gen did_logqwi_wagef_`ind'=diff_l
> ogqwiw1f_`ind'[_n]-diff_logqwiw2f_`ind'[_n-1]
  5.         by pair_id_numeric county_index: gen did_logqwi_wage2f_`ind'=diff_
> logqwiw3f_`ind'[_n]-diff_logqwiw4f_`ind'[_n-1]
  6. 
. }
(109,597 missing values generated)
(112,073 missing values generated)
(155,479 missing values generated)
(156,417 missing values generated)
(126,173 missing values generated)
(128,115 missing values generated)
(201,665 missing values generated)
(202,723 missing values generated)
(102,611 missing values generated)
(104,685 missing values generated)
(143,949 missing values generated)
(145,425 missing values generated)

. 
. * Historical logmeanwks patches from the consolidated benefit_weeks columns
. * (merged above with the PF series): 1999-2004 from the 2001-recession
. * schedule, pre-1995 from the vintage weeks. The renames reproduce the
. * original meanwks2 / (vintage) meanwks columns of the master datasets.
. rename rec2001_meanwks2 meanwks2

. gen logmeanwks2=log(meanwks2)
(179,129 missing values generated)

. replace logmeanwks=logmeanwks2 if year<2005 & year>1998
(6,683 real changes made, 985 to missing)

. 
. drop meanwks

. rename vintage_meanwks meanwks

. 
. replace logmeanwks = log(meanwks) if year<1995 | logmeanwks==.
(24,291 real changes made)

. 
. capture drop diff_logmeanwks

. sort pair_id_numeric quarter_index county_index

. by pair_id_numeric quarter_index: gen diff_logmeanwks = logmeanwks[1]-logmean
> wks[2]
(1,969 missing values generated)

. 
. merge m:1 fipsnumeric using ${rawdata}/housing_elasticity

    Result                      Number of obs
    -----------------------------------------
    Not matched                       167,042
        from master                   166,401  (_merge==1)
        from using                        641  (_merge==2)

    Matched                            68,000  (_merge==3)
    -----------------------------------------

. drop _merge

. 
. merge m:1 fipsnumeric year quarter using ${rawdata}/IRSEquifax.dta

    Result                      Number of obs
    -----------------------------------------
    Not matched                       223,090
        from master                   150,658  (_merge==1)
        from using                     72,432  (_merge==2)

    Matched                            84,384  (_merge==3)
    -----------------------------------------

. drop _merge

. 
. merge m:1 fipsnumeric year quarter using ${rawdata}/county_debt.dta

    Result                      Number of obs
    -----------------------------------------
    Not matched                       166,689
        from master                    85,422  (_merge==1)
        from using                     81,267  (_merge==2)

    Matched                           222,052  (_merge==3)
    -----------------------------------------

. drop _merge

. 
. merge m:1 fipsnumeric year quarter using ${rawdata}/bartik_shocks

    Result                      Number of obs
    -----------------------------------------
    Not matched                        55,846
        from master                    35,016  (_merge==1)
        from using                     20,830  (_merge==2)

    Matched                           353,725  (_merge==3)
    -----------------------------------------

. drop if _merge==2
(20,830 observations deleted)

. drop _merge

. 
. merge m:1 fipsnumeric year using ${rawdata}/NewFHFA_2018_07_26

    Result                      Number of obs
    -----------------------------------------
    Not matched                       267,913
        from master                   267,913  (_merge==1)
        from using                          0  (_merge==2)

    Matched                           120,828  (_merge==3)
    -----------------------------------------

. drop if _merge==2
(0 observations deleted)

. drop _merge

. rename fhfa_hpi hpi_fhfa

. 
. bys pair_id_numeric: egen st_min=min(fipsstate)

. by  pair_id_numeric: egen st_max=max(fipsstate)

. egen bordersegment=group(st_min st_max)

. 
. drop if pair_id_numeric==.
(154,341 observations deleted)

. 
. sort pair_id_numeric quarter_index county_index  

. 
. by pair_id_numeric quarter_index: gen other_county_u = unemp_rate_laus[2]

. 
. * Sort the data by panel ID and time variable
. sort pair_id_numeric quarter_index

. 
. * Option 2: Manual calculation
. * First demean the variables within each pair
. by pair_id_numeric: egen mean_u1 = mean(unemp_rate_laus) if year>=1996 & year
> <=2000 & county_index==1
(210,960 missing values generated)

. by pair_id_numeric: egen mean_u2 = mean(other_county_u) if year>=1996 & year<
> =2000 & county_index==1
(210,960 missing values generated)

. gen d1=0

. gen d2=0

. replace d1 = unemp_rate_laus - mean_u1 if year>=1996 & year<=2000 & county_in
> dex==1
(23,438 real changes made)

. replace d2 = other_county_u - mean_u2 if year>=1996 & year<=2000 & county_ind
> ex==1
(23,428 real changes made)

. 
. * Calculate correlation components
. gen prod = d1*d2

. by pair_id_numeric: egen sum_prod = sum(prod)

. by pair_id_numeric: egen sum_sq1 = sum(d1*d1)

. by pair_id_numeric: egen sum_sq2 = sum(d2*d2)

. 
. * Calculate correlation
. gen pair_corr = sum_prod/sqrt(sum_sq1*sum_sq2)

. 
. * Clean up intermediate variables if desired
. drop mean_u1 mean_u2 d1 d2 prod sum_prod sum_sq1 sum_sq2

. 
. 
end of do-file

. 
. 
. save "${processed}/UIMacro_RevisionData.dta", replace
(file
    /Users/mac/JPE-replications/JPE-Mitman-2016256/replication-package/replic
    > ation-package/data/processed/UIMacro_RevisionData.dta not found)
file
    /Users/mac/JPE-replications/JPE-Mitman-2016256/replication-package/replic
    > ation-package/data/processed/UIMacro_RevisionData.dta saved

. 
. preserve

. do MakeDataControls.do

. 
. set more off

. // drop if year<2005 | (year>2010 & year<2011) | year>2012
. 
. sort pair_id_numeric quarter_index county_index

. foreach var of varlist agi dti_*{
  2. by pair_id_numeric quarter_index: gen diff_`var'=log(`var'[1])-log(`var'[2
> ])
  3. }
(150,032 missing values generated)
(112,306 missing values generated)
(106,678 missing values generated)
(106,678 missing values generated)

. 
. sort pair_id_numeric county_index quarter_index  

. by pair_id_numeric county_index: gen fhfa_g=log(hpi_fhfa[_n])-log(hpi_fhfa[_n
> -4])
(176,904 missing values generated)

. 
. sort pair_id_numeric quarter_index county_index 

. 
. by pair_id_numeric quarter_index: gen diff_fhfa_lev=log(hpi_fhfa[1])-log(hpi_
> fhfa[2])
(174,464 missing values generated)

. by pair_id_numeric quarter_index: gen diff_fhfa=fhfa_g[1]-fhfa_g[2]
(182,008 missing values generated)

. by pair_id_numeric quarter_index: gen diff_elas=elasticity[1]-elasticity[2]
(194,800 missing values generated)

. by pair_id_numeric quarter_index: gen diff_wharton=WRLURI[1]-WRLURI[2]
(194,800 missing values generated)

. by pair_id_numeric quarter_index: gen diff_sepbegrall=sepbegrall[1]-sepbegral
> l[2]
(94,420 missing values generated)

. 
. by pair_id_numeric quarter_index: gen diff_bartik_state=bartik_state[1]-barti
> k_state[2]
(7,032 missing values generated)

. by pair_id_numeric quarter_index: gen diff_bartik_hinter=bartik_hinter[1]-bar
> tik_hinter[2]
(7,032 missing values generated)

. by pair_id_numeric quarter_index: gen diff_bartik_county=bartik_county[1]-bar
> tik_county[2]
(7,032 missing values generated)

. 
. by pair_id_numeric quarter_index: gen diff_jfr1=f_cl_q[1]-f_cl_q[2]
(215,224 missing values generated)

. by pair_id_numeric quarter_index: gen diff_jfr2=f_cl2_q[1]-f_cl2_q[2]
(215,224 missing values generated)

. by pair_id_numeric quarter_index: gen diff_jfr3=f_cl[1]-f_cl[2]
(214,660 missing values generated)

. by pair_id_numeric quarter_index: gen diff_jfr4=f_cl2[1]-f_cl2[2]
(214,660 missing values generated)

. 
. keep if county_index==1
(117,200 observations deleted)

. duplicates drop pair_id_numeric time, force

Duplicates in terms of pair_id_numeric time

(0 observations are duplicates)

. foreach var of varlist                                                       
>                                                                              
>       ///
>                                                                              
>                                                                              
>                                                               ///
>         qdk1_logunemp_rate_laus   diff_logmeanwks_pf                         
>                                                            ///               
>                                                                              
>                                                          ///
>                                                                              
>                                                                              
>                                               ///
>         diff_logmeanwks qdk1_logunemp_add{ ///
>         
  2.         qui bys pair_id_numeric fipsnumeric: egen nmissing=count(`var')
  3.         by pair_id_numeric: egen nmissing2=min(nmissing)
  4.         qui tab nmissing
  5.         drop if nmissing2==0
  6.         qui drop nmissing nmissing2
  7. 
. }
(0 observations deleted)
(0 observations deleted)
(0 observations deleted)
(0 observations deleted)

. 
. gen id=pair_id_numeric

. xtset id time

Panel variable: id (strongly balanced)
 Time variable: time, 2050q1 to 2122q4, but with gaps
         Delta: 1 quarter

. 
. 
end of do-file

. save "${processed}/UIMacro_DataControls.dta", replace
(file
    /Users/mac/JPE-replications/JPE-Mitman-2016256/replication-package/replic
    > ation-package/data/processed/UIMacro_DataControls.dta not found)
file
    /Users/mac/JPE-replications/JPE-Mitman-2016256/replication-package/replic
    > ation-package/data/processed/UIMacro_DataControls.dta saved

. 
. restore

. 
. do MakeWageData.do

. 
. 
. keep if county_index == 1
(117,200 observations deleted)

. sort pair_id_numeric quarter_index

. tsset pair_id_numeric quarter_index

Panel variable: pair_id_numeric (strongly balanced)
 Time variable: quarter_index, -59 to 40
         Delta: 1 unit

. 
. 
. 
. foreach ind in "all"{
  2.         gen diff_logqwiw1f_`ind'_t = diff_logqwiw1f_`ind'+diff_logui_tax_r
> ate
  3.         gen diff_logqwiw2f_`ind'_t = diff_logqwiw2f_`ind'+diff_logui_tax_r
> ate
  4.         gen diff_logqwiw3f_`ind'_t = diff_logqwiw3f_`ind'+diff_logui_tax_r
> ate
  5.         gen diff_logqwiw4f_`ind'_t = diff_logqwiw4f_`ind'+diff_logui_tax_r
> ate
  6. 
.         by pair_id_numeric: gen did_logqwi_wage_0=diff_logqwiw1_`ind'[_n]-dif
> f_logqwiw2_`ind'[_n-1]
  7.         by pair_id_numeric: gen did_logqwi_wage2_0=diff_logqwiw3_`ind'[_n]
> -diff_logqwiw4_`ind'[_n-1]
  8.         by pair_id_numeric: gen did_logqwi_wagef_0=diff_logqwiw1f_`ind'[_n
> ]-diff_logqwiw2f_`ind'[_n-1]
  9.         by pair_id_numeric: gen did_logqwi_wage2f_0=diff_logqwiw3f_`ind'[_
> n]-diff_logqwiw4f_`ind'[_n-1]
 10. 
.         by pair_id_numeric: gen did_logqwi_wagef_t_0=diff_logqwiw1f_`ind'_t[_
> n]-diff_logqwiw2f_`ind'_t[_n-1]
 11.         by pair_id_numeric: gen did_logqwi_wage2f_t_0=diff_logqwiw3f_`ind'
> _t[_n]-diff_logqwiw4f_`ind'_t[_n-1]
 12.         by pair_id_numeric: gen fdid_logqwi_wagef_t_0=diff_logqwiw1f_`ind'
> _t[_n+1]-diff_logqwiw2f_`ind'_t[_n]
 13.         by pair_id_numeric: gen fdid_logqwi_wage2f_t_0=diff_logqwiw3f_`ind
> '_t[_n+1]-diff_logqwiw4f_`ind'_t[_n]
 14. 
.         
.         by pair_id_numeric: gen fdid_logqwi_wage_0=diff_logqwiw1_`ind'[_n+1]-
> diff_logqwiw2_`ind'[_n]
 15.         by pair_id_numeric: gen fdid_logqwi_wage2_0=diff_logqwiw3_`ind'[_n
> +1]-diff_logqwiw4_`ind'[_n]
 16.         by pair_id_numeric: gen fdid_logqwi_wagef_0=diff_logqwiw1f_`ind'[_
> n+1]-diff_logqwiw2f_`ind'[_n]
 17.         by pair_id_numeric: gen fdid_logqwi_wage2f_0=diff_logqwiw3f_`ind'[
> _n+1]-diff_logqwiw4f_`ind'[_n]
 18.                 
. }
(55,094 missing values generated)
(55,230 missing values generated)
(55,094 missing values generated)
(55,209 missing values generated)
(48,545 missing values generated)
(49,718 missing values generated)
(58,414 missing values generated)
(59,480 missing values generated)
(58,446 missing values generated)
(59,480 missing values generated)
(58,446 missing values generated)
(59,480 missing values generated)
(48,545 missing values generated)
(49,718 missing values generated)
(58,414 missing values generated)
(59,480 missing values generated)

. 
. 
. foreach ind in "foo" "man" "ret"{
  2. 
.         by pair_id_numeric: gen did_logqwi_wage_`ind'_0=diff_logqwiw1_`ind'[_
> n]-diff_logqwiw2_`ind'[_n-1]
  3.         by pair_id_numeric: gen did_logqwi_wage2_`ind'_0=diff_logqwiw3_`in
> d'[_n]-diff_logqwiw4_`ind'[_n-1]
  4.         by pair_id_numeric: gen did_logqwi_wagef_`ind'_0=diff_logqwiw1f_`i
> nd'[_n]-diff_logqwiw2f_`ind'[_n-1]
  5.         by pair_id_numeric: gen did_logqwi_wage2f_`ind'_0=diff_logqwiw3f_`
> ind'[_n]-diff_logqwiw4f_`ind'[_n-1]
  6. 
.         by pair_id_numeric: gen fdid_logqwi_wage_`ind'_0=diff_logqwiw1_`ind'[
> _n+1]-diff_logqwiw2_`ind'[_n]
  7.         by pair_id_numeric: gen fdid_logqwi_wage2_`ind'_0=diff_logqwiw3_`i
> nd'[_n+1]-diff_logqwiw4_`ind'[_n]
  8.         by pair_id_numeric: gen fdid_logqwi_wagef_`ind'_0=diff_logqwiw1f_`
> ind'[_n+1]-diff_logqwiw2f_`ind'[_n]
  9.         by pair_id_numeric: gen fdid_logqwi_wage2f_`ind'_0=diff_logqwiw3f_
> `ind'[_n+1]-diff_logqwiw4f_`ind'[_n]
 10.                 
. }
(54,798 missing values generated)
(56,036 missing values generated)
(77,739 missing values generated)
(78,208 missing values generated)
(54,798 missing values generated)
(56,036 missing values generated)
(77,739 missing values generated)
(78,208 missing values generated)
(63,086 missing values generated)
(64,057 missing values generated)
(100,832 missing values generated)
(101,361 missing values generated)
(63,086 missing values generated)
(64,057 missing values generated)
(100,832 missing values generated)
(101,361 missing values generated)
(51,305 missing values generated)
(52,342 missing values generated)
(71,974 missing values generated)
(72,712 missing values generated)
(51,305 missing values generated)
(52,342 missing values generated)
(71,974 missing values generated)
(72,712 missing values generated)

. 
. by pair_id_numeric: gen did_logmeanwks_0 = diff_logmeanwks[_n]-diff_logmeanwk
> s[_n-1]
(2,197 missing values generated)

. by pair_id_numeric: gen did_logmeanwks = diff_logmeanwks[_n]-diff_logmeanwks[
> _n-1]
(2,197 missing values generated)

. 
. gen logqwi_wage=0

. gen logqwi_wagef=0

. gen logqwi_wage2=0

. gen logqwi_wage2f=0

. gen logqwi_wagef_t=0

. gen logqwi_wage2f_t=0

. 
. foreach ind in "foo" "man" "ret"{
  2. gen logqwi_wage_`ind'=0
  3. gen logqwi_wagef_`ind'=0
  4. gen logqwi_wage2_`ind'=0
  5. gen logqwi_wage2f_`ind'=0
  6. 
. 
. }

. 
. 
. foreach var of varlist logqwi_wage*  {
  2. forvalues y=1/12{
  3.         local x=`y'-1
  4.         by pair_id_numeric: gen did_`var'_`y' = did_`var'_`x'+did_`var'_0[
> _n+`y']
  5.         by pair_id_numeric: gen fdid_`var'_`y' = fdid_`var'_`x'+fdid_`var'
> _0[_n+`y']
  6.         
.         
. }
  7. }
(49,764 missing values generated)
(49,764 missing values generated)
(50,969 missing values generated)
(50,969 missing values generated)
(52,163 missing values generated)
(52,163 missing values generated)
(53,338 missing values generated)
(53,338 missing values generated)
(54,509 missing values generated)
(54,509 missing values generated)
(55,677 missing values generated)
(55,677 missing values generated)
(56,843 missing values generated)
(56,843 missing values generated)
(58,007 missing values generated)
(58,007 missing values generated)
(59,167 missing values generated)
(59,167 missing values generated)
(60,325 missing values generated)
(60,325 missing values generated)
(61,481 missing values generated)
(61,481 missing values generated)
(62,636 missing values generated)
(62,636 missing values generated)
(63,614 missing values generated)
(63,614 missing values generated)
(67,865 missing values generated)
(67,865 missing values generated)
(71,137 missing values generated)
(71,137 missing values generated)
(73,937 missing values generated)
(73,937 missing values generated)
(76,421 missing values generated)
(76,421 missing values generated)
(78,673 missing values generated)
(78,673 missing values generated)
(80,744 missing values generated)
(80,744 missing values generated)
(82,659 missing values generated)
(82,659 missing values generated)
(84,411 missing values generated)
(84,411 missing values generated)
(86,038 missing values generated)
(86,038 missing values generated)
(87,543 missing values generated)
(87,543 missing values generated)
(88,973 missing values generated)
(88,973 missing values generated)
(50,962 missing values generated)
(50,962 missing values generated)
(52,185 missing values generated)
(52,185 missing values generated)
(53,392 missing values generated)
(53,392 missing values generated)
(54,577 missing values generated)
(54,577 missing values generated)
(55,758 missing values generated)
(55,758 missing values generated)
(56,933 missing values generated)
(56,933 missing values generated)
(58,102 missing values generated)
(58,102 missing values generated)
(59,270 missing values generated)
(59,270 missing values generated)
(60,436 missing values generated)
(60,436 missing values generated)
(61,599 missing values generated)
(61,599 missing values generated)
(62,758 missing values generated)
(62,758 missing values generated)
(63,915 missing values generated)
(63,915 missing values generated)
(64,939 missing values generated)
(64,939 missing values generated)
(68,721 missing values generated)
(68,721 missing values generated)
(71,896 missing values generated)
(71,896 missing values generated)
(74,675 missing values generated)
(74,675 missing values generated)
(77,126 missing values generated)
(77,126 missing values generated)
(79,341 missing values generated)
(79,341 missing values generated)
(81,388 missing values generated)
(81,388 missing values generated)
(83,266 missing values generated)
(83,266 missing values generated)
(85,007 missing values generated)
(85,007 missing values generated)
(86,616 missing values generated)
(86,616 missing values generated)
(88,116 missing values generated)
(88,116 missing values generated)
(89,525 missing values generated)
(89,525 missing values generated)
(63,644 missing values generated)
(63,644 missing values generated)
(67,891 missing values generated)
(67,891 missing values generated)
(71,163 missing values generated)
(71,163 missing values generated)
(73,963 missing values generated)
(73,963 missing values generated)
(76,447 missing values generated)
(76,447 missing values generated)
(78,698 missing values generated)
(78,698 missing values generated)
(80,769 missing values generated)
(80,769 missing values generated)
(82,684 missing values generated)
(82,684 missing values generated)
(84,436 missing values generated)
(84,436 missing values generated)
(86,063 missing values generated)
(86,063 missing values generated)
(87,568 missing values generated)
(87,568 missing values generated)
(88,998 missing values generated)
(88,998 missing values generated)
(64,939 missing values generated)
(64,939 missing values generated)
(68,721 missing values generated)
(68,721 missing values generated)
(71,896 missing values generated)
(71,896 missing values generated)
(74,675 missing values generated)
(74,675 missing values generated)
(77,126 missing values generated)
(77,126 missing values generated)
(79,341 missing values generated)
(79,341 missing values generated)
(81,388 missing values generated)
(81,388 missing values generated)
(83,266 missing values generated)
(83,266 missing values generated)
(85,007 missing values generated)
(85,007 missing values generated)
(86,616 missing values generated)
(86,616 missing values generated)
(88,116 missing values generated)
(88,116 missing values generated)
(89,525 missing values generated)
(89,525 missing values generated)
(57,483 missing values generated)
(57,483 missing values generated)
(59,516 missing values generated)
(59,516 missing values generated)
(61,246 missing values generated)
(61,246 missing values generated)
(62,747 missing values generated)
(62,747 missing values generated)
(64,123 missing values generated)
(64,123 missing values generated)
(65,440 missing values generated)
(65,440 missing values generated)
(66,697 missing values generated)
(66,697 missing values generated)
(67,903 missing values generated)
(67,903 missing values generated)
(69,076 missing values generated)
(69,076 missing values generated)
(70,211 missing values generated)
(70,211 missing values generated)
(71,322 missing values generated)
(71,322 missing values generated)
(72,397 missing values generated)
(72,397 missing values generated)
(83,929 missing values generated)
(83,929 missing values generated)
(87,976 missing values generated)
(87,976 missing values generated)
(90,692 missing values generated)
(90,692 missing values generated)
(92,784 missing values generated)
(92,784 missing values generated)
(94,506 missing values generated)
(94,506 missing values generated)
(96,001 missing values generated)
(96,001 missing values generated)
(97,282 missing values generated)
(97,282 missing values generated)
(98,402 missing values generated)
(98,402 missing values generated)
(99,393 missing values generated)
(99,393 missing values generated)
(100,319 missing values generated)
(100,319 missing values generated)
(101,190 missing values generated)
(101,190 missing values generated)
(101,979 missing values generated)
(101,979 missing values generated)
(58,902 missing values generated)
(58,902 missing values generated)
(61,001 missing values generated)
(61,001 missing values generated)
(62,773 missing values generated)
(62,773 missing values generated)
(64,284 missing values generated)
(64,284 missing values generated)
(65,693 missing values generated)
(65,693 missing values generated)
(67,027 missing values generated)
(67,027 missing values generated)
(68,303 missing values generated)
(68,303 missing values generated)
(69,526 missing values generated)
(69,526 missing values generated)
(70,705 missing values generated)
(70,705 missing values generated)
(71,853 missing values generated)
(71,853 missing values generated)
(72,987 missing values generated)
(72,987 missing values generated)
(74,090 missing values generated)
(74,090 missing values generated)
(85,020 missing values generated)
(85,020 missing values generated)
(88,638 missing values generated)
(88,638 missing values generated)
(91,289 missing values generated)
(91,289 missing values generated)
(93,337 missing values generated)
(93,337 missing values generated)
(95,018 missing values generated)
(95,018 missing values generated)
(96,456 missing values generated)
(96,456 missing values generated)
(97,710 missing values generated)
(97,710 missing values generated)
(98,805 missing values generated)
(98,805 missing values generated)
(99,791 missing values generated)
(99,791 missing values generated)
(100,704 missing values generated)
(100,704 missing values generated)
(101,561 missing values generated)
(101,561 missing values generated)
(102,340 missing values generated)
(102,340 missing values generated)
(65,720 missing values generated)
(65,720 missing values generated)
(67,619 missing values generated)
(67,619 missing values generated)
(69,208 missing values generated)
(69,208 missing values generated)
(70,622 missing values generated)
(70,622 missing values generated)
(71,935 missing values generated)
(71,935 missing values generated)
(73,169 missing values generated)
(73,169 missing values generated)
(74,349 missing values generated)
(74,349 missing values generated)
(75,479 missing values generated)
(75,479 missing values generated)
(76,591 missing values generated)
(76,591 missing values generated)
(77,668 missing values generated)
(77,668 missing values generated)
(78,709 missing values generated)
(78,709 missing values generated)
(79,732 missing values generated)
(79,732 missing values generated)
(105,874 missing values generated)
(105,874 missing values generated)
(108,662 missing values generated)
(108,662 missing values generated)
(110,345 missing values generated)
(110,345 missing values generated)
(111,549 missing values generated)
(111,549 missing values generated)
(112,456 missing values generated)
(112,456 missing values generated)
(113,182 missing values generated)
(113,182 missing values generated)
(113,768 missing values generated)
(113,768 missing values generated)
(114,254 missing values generated)
(114,254 missing values generated)
(114,655 missing values generated)
(114,655 missing values generated)
(114,976 missing values generated)
(114,976 missing values generated)
(115,252 missing values generated)
(115,252 missing values generated)
(115,476 missing values generated)
(115,476 missing values generated)
(66,902 missing values generated)
(66,902 missing values generated)
(68,873 missing values generated)
(68,873 missing values generated)
(70,525 missing values generated)
(70,525 missing values generated)
(72,010 missing values generated)
(72,010 missing values generated)
(73,384 missing values generated)
(73,384 missing values generated)
(74,662 missing values generated)
(74,662 missing values generated)
(75,882 missing values generated)
(75,882 missing values generated)
(77,051 missing values generated)
(77,051 missing values generated)
(78,194 missing values generated)
(78,194 missing values generated)
(79,297 missing values generated)
(79,297 missing values generated)
(80,376 missing values generated)
(80,376 missing values generated)
(81,425 missing values generated)
(81,425 missing values generated)
(106,394 missing values generated)
(106,394 missing values generated)
(108,834 missing values generated)
(108,834 missing values generated)
(110,469 missing values generated)
(110,469 missing values generated)
(111,635 missing values generated)
(111,635 missing values generated)
(112,544 missing values generated)
(112,544 missing values generated)
(113,259 missing values generated)
(113,259 missing values generated)
(113,829 missing values generated)
(113,829 missing values generated)
(114,311 missing values generated)
(114,311 missing values generated)
(114,702 missing values generated)
(114,702 missing values generated)
(115,016 missing values generated)
(115,016 missing values generated)
(115,276 missing values generated)
(115,276 missing values generated)
(115,490 missing values generated)
(115,490 missing values generated)
(53,362 missing values generated)
(53,362 missing values generated)
(55,107 missing values generated)
(55,107 missing values generated)
(56,642 missing values generated)
(56,642 missing values generated)
(58,041 missing values generated)
(58,041 missing values generated)
(59,378 missing values generated)
(59,378 missing values generated)
(60,657 missing values generated)
(60,657 missing values generated)
(61,890 missing values generated)
(61,890 missing values generated)
(63,103 missing values generated)
(63,103 missing values generated)
(64,293 missing values generated)
(64,293 missing values generated)
(65,470 missing values generated)
(65,470 missing values generated)
(66,629 missing values generated)
(66,629 missing values generated)
(67,769 missing values generated)
(67,769 missing values generated)
(79,168 missing values generated)
(79,168 missing values generated)
(83,926 missing values generated)
(83,926 missing values generated)
(87,135 missing values generated)
(87,135 missing values generated)
(89,635 missing values generated)
(89,635 missing values generated)
(91,716 missing values generated)
(91,716 missing values generated)
(93,511 missing values generated)
(93,511 missing values generated)
(95,018 missing values generated)
(95,018 missing values generated)
(96,354 missing values generated)
(96,354 missing values generated)
(97,561 missing values generated)
(97,561 missing values generated)
(98,672 missing values generated)
(98,672 missing values generated)
(99,690 missing values generated)
(99,690 missing values generated)
(100,642 missing values generated)
(100,642 missing values generated)
(54,436 missing values generated)
(54,436 missing values generated)
(56,181 missing values generated)
(56,181 missing values generated)
(57,721 missing values generated)
(57,721 missing values generated)
(59,129 missing values generated)
(59,129 missing values generated)
(60,481 missing values generated)
(60,481 missing values generated)
(61,774 missing values generated)
(61,774 missing values generated)
(63,026 missing values generated)
(63,026 missing values generated)
(64,249 missing values generated)
(64,249 missing values generated)
(65,449 missing values generated)
(65,449 missing values generated)
(66,631 missing values generated)
(66,631 missing values generated)
(67,796 missing values generated)
(67,796 missing values generated)
(68,931 missing values generated)
(68,931 missing values generated)
(80,137 missing values generated)
(80,137 missing values generated)
(84,450 missing values generated)
(84,450 missing values generated)
(87,634 missing values generated)
(87,634 missing values generated)
(90,138 missing values generated)
(90,138 missing values generated)
(92,217 missing values generated)
(92,217 missing values generated)
(93,938 missing values generated)
(93,938 missing values generated)
(95,414 missing values generated)
(95,414 missing values generated)
(96,739 missing values generated)
(96,739 missing values generated)
(97,938 missing values generated)
(97,938 missing values generated)
(99,037 missing values generated)
(99,037 missing values generated)
(100,046 missing values generated)
(100,046 missing values generated)
(100,984 missing values generated)
(100,984 missing values generated)

. 
. drop logqwi_wage*

. 
. foreach var of varlist logqcew_wage_tot logqwi_wtot_all logqwi_wnhf_all{
  2. gen pv_`var'_0 = diff_`var'
  3. forvalues y=1/12{
  4.         local x=`y'-1
  5.         by pair_id_numeric: gen pv_`var'_`y' = pv_`var'_`x'+(1-seprate)*0.
> 99*diff_`var'[_n+`y']
  6. }
  7. }
(1,429 missing values generated)
(2,620 missing values generated)
(3,805 missing values generated)
(4,987 missing values generated)
(6,167 missing values generated)
(7,347 missing values generated)
(8,527 missing values generated)
(9,707 missing values generated)
(10,887 missing values generated)
(12,067 missing values generated)
(13,247 missing values generated)
(14,427 missing values generated)
(15,607 missing values generated)
(47,180 missing values generated)
(48,330 missing values generated)
(49,480 missing values generated)
(50,630 missing values generated)
(51,780 missing values generated)
(52,930 missing values generated)
(54,080 missing values generated)
(55,230 missing values generated)
(56,380 missing values generated)
(57,530 missing values generated)
(58,680 missing values generated)
(59,830 missing values generated)
(60,980 missing values generated)
(56,098 missing values generated)
(59,608 missing values generated)
(62,485 missing values generated)
(65,002 missing values generated)
(67,242 missing values generated)
(69,326 missing values generated)
(71,266 missing values generated)
(73,075 missing values generated)
(74,770 missing values generated)
(76,362 missing values generated)
(77,871 missing values generated)
(79,323 missing values generated)
(80,711 missing values generated)

. 
. foreach var of varlist logqcew_wage_tot logqwi_wtotf_* logqwi_wnhf_*{
  2.  by pair_id_numeric: gen dpv_`var'_0 = diff_`var'[_n]-diff_`var'[_n-1]
  3. forvalues y=1/12{
  4.         local x=`y'-1
  5.         by pair_id_numeric: gen dpv_`var'_`y' = dpv_`var'_`x'+(1-seprate)*
> 0.99*(diff_`var'[_n+`y']-diff_`var'[_n-1])
  6. }
  7. }
(2,620 missing values generated)
(3,805 missing values generated)
(4,987 missing values generated)
(6,167 missing values generated)
(7,347 missing values generated)
(8,527 missing values generated)
(9,707 missing values generated)
(10,887 missing values generated)
(12,067 missing values generated)
(13,247 missing values generated)
(14,427 missing values generated)
(15,607 missing values generated)
(16,787 missing values generated)
(117,200 missing values generated)
(117,200 missing values generated)
(117,200 missing values generated)
(117,200 missing values generated)
(117,200 missing values generated)
(117,200 missing values generated)
(117,200 missing values generated)
(117,200 missing values generated)
(117,200 missing values generated)
(117,200 missing values generated)
(117,200 missing values generated)
(117,200 missing values generated)
(117,200 missing values generated)
(117,200 missing values generated)
(117,200 missing values generated)
(117,200 missing values generated)
(117,200 missing values generated)
(117,200 missing values generated)
(117,200 missing values generated)
(117,200 missing values generated)
(117,200 missing values generated)
(117,200 missing values generated)
(117,200 missing values generated)
(117,200 missing values generated)
(117,200 missing values generated)
(117,200 missing values generated)
(117,200 missing values generated)
(117,200 missing values generated)
(117,200 missing values generated)
(117,200 missing values generated)
(117,200 missing values generated)
(117,200 missing values generated)
(117,200 missing values generated)
(117,200 missing values generated)
(117,200 missing values generated)
(117,200 missing values generated)
(117,200 missing values generated)
(117,200 missing values generated)
(117,200 missing values generated)
(117,200 missing values generated)
(117,200 missing values generated)
(117,200 missing values generated)
(117,200 missing values generated)
(117,200 missing values generated)
(117,200 missing values generated)
(117,200 missing values generated)
(117,200 missing values generated)
(117,200 missing values generated)
(117,200 missing values generated)
(117,200 missing values generated)
(117,200 missing values generated)
(117,200 missing values generated)
(117,200 missing values generated)
(117,200 missing values generated)
(117,200 missing values generated)
(117,200 missing values generated)
(117,200 missing values generated)
(117,200 missing values generated)
(117,200 missing values generated)
(117,200 missing values generated)
(117,200 missing values generated)
(117,200 missing values generated)
(117,200 missing values generated)
(117,200 missing values generated)
(117,200 missing values generated)
(117,200 missing values generated)
(117,200 missing values generated)
(117,200 missing values generated)
(117,200 missing values generated)
(117,200 missing values generated)
(117,200 missing values generated)
(117,200 missing values generated)
(117,200 missing values generated)
(117,200 missing values generated)
(117,200 missing values generated)
(117,200 missing values generated)
(117,200 missing values generated)
(117,200 missing values generated)
(117,200 missing values generated)
(117,200 missing values generated)
(117,200 missing values generated)
(117,200 missing values generated)
(117,200 missing values generated)
(117,200 missing values generated)
(117,200 missing values generated)
(117,200 missing values generated)
(117,200 missing values generated)
(117,200 missing values generated)
(117,200 missing values generated)
(117,200 missing values generated)
(117,200 missing values generated)
(117,200 missing values generated)
(117,200 missing values generated)
(117,200 missing values generated)
(117,200 missing values generated)
(117,200 missing values generated)
(117,200 missing values generated)
(117,200 missing values generated)
(117,200 missing values generated)
(117,200 missing values generated)
(117,200 missing values generated)
(117,200 missing values generated)
(117,200 missing values generated)
(117,200 missing values generated)
(117,200 missing values generated)
(117,200 missing values generated)
(117,200 missing values generated)
(117,200 missing values generated)
(117,200 missing values generated)
(117,200 missing values generated)
(117,200 missing values generated)
(117,200 missing values generated)
(117,200 missing values generated)
(117,200 missing values generated)
(117,200 missing values generated)
(117,200 missing values generated)
(117,200 missing values generated)
(117,200 missing values generated)
(117,200 missing values generated)
(117,200 missing values generated)
(117,200 missing values generated)
(117,200 missing values generated)
(117,200 missing values generated)
(117,200 missing values generated)
(117,200 missing values generated)
(117,200 missing values generated)
(117,200 missing values generated)
(117,200 missing values generated)
(117,200 missing values generated)
(117,200 missing values generated)
(59,608 missing values generated)
(62,485 missing values generated)
(65,002 missing values generated)
(67,242 missing values generated)
(69,326 missing values generated)
(71,266 missing values generated)
(73,075 missing values generated)
(74,770 missing values generated)
(76,362 missing values generated)
(77,871 missing values generated)
(79,323 missing values generated)
(80,711 missing values generated)
(82,052 missing values generated)
(72,548 missing values generated)
(77,145 missing values generated)
(80,533 missing values generated)
(83,191 missing values generated)
(85,448 missing values generated)
(87,399 missing values generated)
(89,119 missing values generated)
(90,643 missing values generated)
(92,010 missing values generated)
(93,275 missing values generated)
(94,459 missing values generated)
(95,557 missing values generated)
(96,575 missing values generated)
(78,295 missing values generated)
(82,683 missing values generated)
(85,838 missing values generated)
(88,180 missing values generated)
(90,175 missing values generated)
(91,907 missing values generated)
(93,436 missing values generated)
(94,766 missing values generated)
(95,954 missing values generated)
(97,045 missing values generated)
(98,049 missing values generated)
(98,956 missing values generated)
(99,807 missing values generated)
(111,919 missing values generated)
(113,652 missing values generated)
(114,601 missing values generated)
(115,104 missing values generated)
(115,458 missing values generated)
(115,724 missing values generated)
(115,930 missing values generated)
(116,092 missing values generated)
(116,225 missing values generated)
(116,343 missing values generated)
(116,447 missing values generated)
(116,535 missing values generated)
(116,612 missing values generated)
(96,524 missing values generated)
(100,434 missing values generated)
(103,061 missing values generated)
(104,968 missing values generated)
(106,418 missing values generated)
(107,593 missing values generated)
(108,577 missing values generated)
(109,390 missing values generated)
(110,091 missing values generated)
(110,694 missing values generated)
(111,220 missing values generated)
(111,679 missing values generated)
(112,092 missing values generated)
(59,608 missing values generated)
(62,485 missing values generated)
(65,002 missing values generated)
(67,242 missing values generated)
(69,326 missing values generated)
(71,266 missing values generated)
(73,075 missing values generated)
(74,770 missing values generated)
(76,362 missing values generated)
(77,871 missing values generated)
(79,323 missing values generated)
(80,711 missing values generated)
(82,052 missing values generated)
(49,777 missing values generated)
(51,014 missing values generated)
(52,251 missing values generated)
(53,488 missing values generated)
(54,694 missing values generated)
(55,900 missing values generated)
(57,106 missing values generated)
(58,312 missing values generated)
(59,499 missing values generated)
(60,686 missing values generated)
(61,873 missing values generated)
(63,060 missing values generated)
(64,230 missing values generated)
(53,698 missing values generated)
(55,192 missing values generated)
(56,686 missing values generated)
(58,180 missing values generated)
(59,521 missing values generated)
(60,862 missing values generated)
(62,203 missing values generated)
(63,544 missing values generated)
(64,784 missing values generated)
(66,024 missing values generated)
(67,264 missing values generated)
(68,504 missing values generated)
(69,672 missing values generated)
(58,314 missing values generated)
(60,000 missing values generated)
(61,686 missing values generated)
(63,372 missing values generated)
(64,760 missing values generated)
(66,148 missing values generated)
(67,536 missing values generated)
(68,924 missing values generated)
(70,160 missing values generated)
(71,396 missing values generated)
(72,632 missing values generated)
(73,868 missing values generated)
(74,991 missing values generated)
(96,817 missing values generated)
(98,230 missing values generated)
(99,643 missing values generated)
(101,056 missing values generated)
(101,811 missing values generated)
(102,566 missing values generated)
(103,321 missing values generated)
(104,076 missing values generated)
(104,610 missing values generated)
(105,144 missing values generated)
(105,678 missing values generated)
(106,212 missing values generated)
(106,628 missing values generated)
(74,052 missing values generated)
(75,984 missing values generated)
(77,916 missing values generated)
(79,848 missing values generated)
(81,220 missing values generated)
(82,592 missing values generated)
(83,964 missing values generated)
(85,336 missing values generated)
(86,436 missing values generated)
(87,536 missing values generated)
(88,636 missing values generated)
(89,736 missing values generated)
(90,666 missing values generated)
(49,777 missing values generated)
(51,014 missing values generated)
(52,251 missing values generated)
(53,488 missing values generated)
(54,694 missing values generated)
(55,900 missing values generated)
(57,106 missing values generated)
(58,312 missing values generated)
(59,499 missing values generated)
(60,686 missing values generated)
(61,873 missing values generated)
(63,060 missing values generated)
(64,230 missing values generated)

. 
. // gen logqwi_wnhf_all_t=0
. foreach var of varlist logqcew_wage_tot* logqwi_wtot_all* logqwi_wnhf_all* lo
> gqwi_wpay_all* logmeanwks{
  2. gen kmean_`var'_0 = diff_`var'
  3. forvalues y=1/12{
  4.         local x=`y'-1
  5.         local z=`y'+1
  6.         by pair_id_numeric: gen kmean_`var'_`y' = (`y'*kmean_`var'_`x'+dif
> f_`var'[_n+`y'])/`z'
  7. }
  8. }
(1,429 missing values generated)
(2,620 missing values generated)
(3,805 missing values generated)
(4,987 missing values generated)
(6,167 missing values generated)
(7,347 missing values generated)
(8,527 missing values generated)
(9,707 missing values generated)
(10,887 missing values generated)
(12,067 missing values generated)
(13,247 missing values generated)
(14,427 missing values generated)
(15,607 missing values generated)
(8,449 missing values generated)
(9,640 missing values generated)
(10,825 missing values generated)
(12,007 missing values generated)
(13,187 missing values generated)
(14,367 missing values generated)
(15,547 missing values generated)
(16,727 missing values generated)
(17,907 missing values generated)
(19,087 missing values generated)
(20,267 missing values generated)
(21,447 missing values generated)
(22,627 missing values generated)
(264 missing values generated)
(1,439 missing values generated)
(2,614 missing values generated)
(3,789 missing values generated)
(4,964 missing values generated)
(6,139 missing values generated)
(7,314 missing values generated)
(8,489 missing values generated)
(9,664 missing values generated)
(10,839 missing values generated)
(12,014 missing values generated)
(13,189 missing values generated)
(14,364 missing values generated)
(4,944 missing values generated)
(6,119 missing values generated)
(7,294 missing values generated)
(8,469 missing values generated)
(9,644 missing values generated)
(10,819 missing values generated)
(11,994 missing values generated)
(13,169 missing values generated)
(14,344 missing values generated)
(15,519 missing values generated)
(16,694 missing values generated)
(17,869 missing values generated)
(19,044 missing values generated)
(47,180 missing values generated)
(48,330 missing values generated)
(49,480 missing values generated)
(50,630 missing values generated)
(51,780 missing values generated)
(52,930 missing values generated)
(54,080 missing values generated)
(55,230 missing values generated)
(56,380 missing values generated)
(57,530 missing values generated)
(58,680 missing values generated)
(59,830 missing values generated)
(60,980 missing values generated)
(47,216 missing values generated)
(48,366 missing values generated)
(49,516 missing values generated)
(50,666 missing values generated)
(51,816 missing values generated)
(52,966 missing values generated)
(54,116 missing values generated)
(55,266 missing values generated)
(56,416 missing values generated)
(57,566 missing values generated)
(58,716 missing values generated)
(59,866 missing values generated)
(61,016 missing values generated)
(43,048 missing values generated)
(44,198 missing values generated)
(45,348 missing values generated)
(46,498 missing values generated)
(47,648 missing values generated)
(48,798 missing values generated)
(49,948 missing values generated)
(51,098 missing values generated)
(52,248 missing values generated)
(53,398 missing values generated)
(54,548 missing values generated)
(55,698 missing values generated)
(56,848 missing values generated)
(43,048 missing values generated)
(44,198 missing values generated)
(45,348 missing values generated)
(46,498 missing values generated)
(47,648 missing values generated)
(48,798 missing values generated)
(49,948 missing values generated)
(51,098 missing values generated)
(52,248 missing values generated)
(53,398 missing values generated)
(54,548 missing values generated)
(55,698 missing values generated)
(56,848 missing values generated)
(56,098 missing values generated)
(59,608 missing values generated)
(62,485 missing values generated)
(65,002 missing values generated)
(67,242 missing values generated)
(69,326 missing values generated)
(71,266 missing values generated)
(73,075 missing values generated)
(74,770 missing values generated)
(76,362 missing values generated)
(77,871 missing values generated)
(79,323 missing values generated)
(80,711 missing values generated)
(56,098 missing values generated)
(59,608 missing values generated)
(62,485 missing values generated)
(65,002 missing values generated)
(67,242 missing values generated)
(69,326 missing values generated)
(71,266 missing values generated)
(73,075 missing values generated)
(74,770 missing values generated)
(76,362 missing values generated)
(77,871 missing values generated)
(79,323 missing values generated)
(80,711 missing values generated)
(48,540 missing values generated)
(49,777 missing values generated)
(51,014 missing values generated)
(52,251 missing values generated)
(53,488 missing values generated)
(54,694 missing values generated)
(55,900 missing values generated)
(57,106 missing values generated)
(58,312 missing values generated)
(59,499 missing values generated)
(60,686 missing values generated)
(61,873 missing values generated)
(63,060 missing values generated)
(48,540 missing values generated)
(49,777 missing values generated)
(51,014 missing values generated)
(52,251 missing values generated)
(53,488 missing values generated)
(54,694 missing values generated)
(55,900 missing values generated)
(57,106 missing values generated)
(58,312 missing values generated)
(59,499 missing values generated)
(60,686 missing values generated)
(61,873 missing values generated)
(63,060 missing values generated)
(44,910 missing values generated)
(46,072 missing values generated)
(47,232 missing values generated)
(48,390 missing values generated)
(49,544 missing values generated)
(50,698 missing values generated)
(51,850 missing values generated)
(53,002 missing values generated)
(54,154 missing values generated)
(55,306 missing values generated)
(56,458 missing values generated)
(57,610 missing values generated)
(58,762 missing values generated)
(44,982 missing values generated)
(46,144 missing values generated)
(47,304 missing values generated)
(48,462 missing values generated)
(49,616 missing values generated)
(50,770 missing values generated)
(51,922 missing values generated)
(53,074 missing values generated)
(54,226 missing values generated)
(55,378 missing values generated)
(56,530 missing values generated)
(57,682 missing values generated)
(58,834 missing values generated)
(42,712 missing values generated)
(43,864 missing values generated)
(45,016 missing values generated)
(46,168 missing values generated)
(47,320 missing values generated)
(48,472 missing values generated)
(49,624 missing values generated)
(50,776 missing values generated)
(51,928 missing values generated)
(53,080 missing values generated)
(54,232 missing values generated)
(55,384 missing values generated)
(56,536 missing values generated)
(42,712 missing values generated)
(43,864 missing values generated)
(45,016 missing values generated)
(46,168 missing values generated)
(47,320 missing values generated)
(48,472 missing values generated)
(49,624 missing values generated)
(50,776 missing values generated)
(51,928 missing values generated)
(53,080 missing values generated)
(54,232 missing values generated)
(55,384 missing values generated)
(56,536 missing values generated)
(984 missing values generated)
(2,197 missing values generated)
(3,410 missing values generated)
(4,623 missing values generated)
(5,836 missing values generated)
(7,049 missing values generated)
(8,262 missing values generated)
(9,475 missing values generated)
(10,688 missing values generated)
(11,901 missing values generated)
(13,114 missing values generated)
(14,327 missing values generated)
(15,540 missing values generated)

. 
. // drop logqwi_wnhf_all_t
. 
. 
. 
. // foreach var of varlist logqcew_wage_tot logqwi_wtot_all logqwi_wnhf_all{
. // gen pv0_`var' = diff_`var'
. // forvalues y=1/12{
. //      gen pv`y'_`var' = diff_`var'
. //      forvalues x=1/`y'{
. //              by pair_id_numeric: replace pv`y'_`var'  = pv`y'_`var' +(1-se
> prate)*0.99*diff_`var'[_n+`x']
. //      }
. //
. // }
. // }
. 
. 
. 
. gen pv_stayers_0 = diff_logqwiw2f_all
(55,198 missing values generated)

. forvalues y=1/12{
  2.         local x=`y'-1
  3.         by pair_id_numeric: gen pv_stayers_`y' = pv_stayers_`x'+(1-seprate
> )*0.99*(diff_logqwiw2f_all+fdid_logqwi_wagef_`x')
  4. 
. }
(58,414 missing values generated)
(63,614 missing values generated)
(67,865 missing values generated)
(71,137 missing values generated)
(73,937 missing values generated)
(76,421 missing values generated)
(78,673 missing values generated)
(80,744 missing values generated)
(82,659 missing values generated)
(84,411 missing values generated)
(86,038 missing values generated)
(87,543 missing values generated)

. 
. gen dpv_stayers_0 = diff_logqwiw2f_all
(55,198 missing values generated)

. forvalues y=1/12{
  2.         local x=`y'-1
  3.         by pair_id_numeric: gen dpv_stayers_`y' = dpv_stayers_`x'+(1-sepra
> te)*0.99*(diff_logqwiw2f_all+fdid_logqwi_wagef_`x'-did_logqwi_wagef_0)
  4. 
. }
(63,614 missing values generated)
(67,865 missing values generated)
(71,137 missing values generated)
(73,937 missing values generated)
(76,421 missing values generated)
(78,673 missing values generated)
(80,744 missing values generated)
(82,659 missing values generated)
(84,411 missing values generated)
(86,038 missing values generated)
(87,543 missing values generated)
(88,973 missing values generated)

. 
. foreach ind in "foo" "ret" "man"{
  2. 
. gen pv_stayers_`ind'_0 = diff_logqwiw2f_`ind'
  3. forvalues y=1/12{
  4.         local x=`y'-1
  5.         by pair_id_numeric: gen pv_stayers_`ind'_`y' = pv_stayers_`ind'_`x
> '+(1-seprate)*0.99*(diff_logqwiw2f_`ind'+fdid_logqwi_wagef_`ind'_`x')
  6. 
. }
  7. 
. gen dpv_stayers_`ind'_0 = diff_logqwiw2f_`ind'
  8. forvalues y=1/12{
  9.         local x=`y'-1
 10.         by pair_id_numeric: gen dpv_stayers_`ind'_`y' = dpv_stayers_`ind'_
> `x'+(1-seprate)*0.99*(diff_logqwiw2f_`ind'+fdid_logqwi_wagef_`ind'_`x'-did_lo
> gqwi_wagef_`ind'_0)
 11. 
. }
 12. }
(71,392 missing values generated)
(77,739 missing values generated)
(83,929 missing values generated)
(87,976 missing values generated)
(90,692 missing values generated)
(92,784 missing values generated)
(94,506 missing values generated)
(96,001 missing values generated)
(97,282 missing values generated)
(98,402 missing values generated)
(99,393 missing values generated)
(100,319 missing values generated)
(101,190 missing values generated)
(71,392 missing values generated)
(83,929 missing values generated)
(87,976 missing values generated)
(90,692 missing values generated)
(92,784 missing values generated)
(94,506 missing values generated)
(96,001 missing values generated)
(97,282 missing values generated)
(98,402 missing values generated)
(99,393 missing values generated)
(100,319 missing values generated)
(101,190 missing values generated)
(101,979 missing values generated)
(65,619 missing values generated)
(71,974 missing values generated)
(79,168 missing values generated)
(83,926 missing values generated)
(87,135 missing values generated)
(89,635 missing values generated)
(91,716 missing values generated)
(93,511 missing values generated)
(95,018 missing values generated)
(96,354 missing values generated)
(97,561 missing values generated)
(98,672 missing values generated)
(99,690 missing values generated)
(65,619 missing values generated)
(79,168 missing values generated)
(83,926 missing values generated)
(87,135 missing values generated)
(89,635 missing values generated)
(91,716 missing values generated)
(93,511 missing values generated)
(95,018 missing values generated)
(96,354 missing values generated)
(97,561 missing values generated)
(98,672 missing values generated)
(99,690 missing values generated)
(100,642 missing values generated)
(94,997 missing values generated)
(100,832 missing values generated)
(105,874 missing values generated)
(108,662 missing values generated)
(110,345 missing values generated)
(111,549 missing values generated)
(112,456 missing values generated)
(113,182 missing values generated)
(113,768 missing values generated)
(114,254 missing values generated)
(114,655 missing values generated)
(114,976 missing values generated)
(115,252 missing values generated)
(94,997 missing values generated)
(105,874 missing values generated)
(108,662 missing values generated)
(110,345 missing values generated)
(111,549 missing values generated)
(112,456 missing values generated)
(113,182 missing values generated)
(113,768 missing values generated)
(114,254 missing values generated)
(114,655 missing values generated)
(114,976 missing values generated)
(115,252 missing values generated)
(115,476 missing values generated)

. 
. 
. forvalues j=1/12{
  2.         by pair_id_numeric: gen U_`j' =  diff_logunemp_rate_laus[_n+`j'] -
>  diff_logunemp_rate_laus[_n]
  3.         by pair_id_numeric: gen QCW_`j' =  diff_logqcew_wage_tot[_n+`j'-1]
>  - diff_logqcew_wage_tot[_n-1] 
  4.         by pair_id_numeric: gen ben_`j' =  diff_logmeanwks[_n+`j'-1] - dif
> f_logmeanwks[_n-1] 
  5.         by pair_id_numeric: gen NW_`j' =  diff_logqwi_wnhf_all[_n+`j'-1] -
>  diff_logqwi_wnhf_all[_n-1] 
  6.         by pair_id_numeric: gen NWt_`j' =  diff_logqwi_wnhf_all_t[_n+`j'-1
> ] - diff_logqwi_wnhf_all_t[_n-1] 
  7.         by pair_id_numeric: gen QWITot_`j' =  diff_logqwi_wtot_all[_n+`j'-
> 1] - diff_logqwi_wtot_all[_n-1]
  8.         by pair_id_numeric: gen QWIPay_`j' =  diff_logqwi_wpay_all[_n+`j'-
> 1] - diff_logqwi_wpay_all[_n-1]
  9.         by pair_id_numeric: gen QCWt_`j' =  diff_logqcew_wage_tot_t[_n+`j'
> -1] - diff_logqcew_wage_tot_t[_n-1] 
 10.         by pair_id_numeric: gen QWITott_`j' =  diff_logqwi_wtot_all_t[_n+`
> j'-1] - diff_logqwi_wtot_all_t[_n-1]
 11.         by pair_id_numeric: gen QWIPayt_`j' =  diff_logqwi_wpay_all_t[_n+`
> j'-1] - diff_logqwi_wpay_all_t[_n-1]  
 12.         
. }
(1,196 missing values generated)
(2,620 missing values generated)
(2,197 missing values generated)
(59,608 missing values generated)
(59,608 missing values generated)
(48,330 missing values generated)
(46,072 missing values generated)
(9,640 missing values generated)
(48,366 missing values generated)
(46,144 missing values generated)
(2,372 missing values generated)
(3,801 missing values generated)
(3,410 missing values generated)
(60,807 missing values generated)
(60,807 missing values generated)
(49,480 missing values generated)
(47,226 missing values generated)
(10,821 missing values generated)
(49,516 missing values generated)
(47,298 missing values generated)
(3,544 missing values generated)
(4,973 missing values generated)
(4,623 missing values generated)
(61,890 missing values generated)
(61,890 missing values generated)
(50,630 missing values generated)
(48,378 missing values generated)
(11,993 missing values generated)
(50,666 missing values generated)
(48,450 missing values generated)
(4,718 missing values generated)
(6,137 missing values generated)
(5,836 missing values generated)
(62,891 missing values generated)
(62,891 missing values generated)
(51,780 missing values generated)
(49,526 missing values generated)
(13,157 missing values generated)
(51,816 missing values generated)
(49,598 missing values generated)
(5,890 missing values generated)
(7,309 missing values generated)
(7,049 missing values generated)
(64,019 missing values generated)
(64,019 missing values generated)
(52,930 missing values generated)
(50,682 missing values generated)
(14,329 missing values generated)
(52,966 missing values generated)
(50,754 missing values generated)
(7,058 missing values generated)
(8,490 missing values generated)
(8,262 missing values generated)
(65,050 missing values generated)
(65,050 missing values generated)
(54,080 missing values generated)
(51,832 missing values generated)
(15,510 missing values generated)
(54,116 missing values generated)
(51,904 missing values generated)
(8,230 missing values generated)
(9,665 missing values generated)
(9,475 missing values generated)
(66,066 missing values generated)
(66,066 missing values generated)
(55,230 missing values generated)
(52,982 missing values generated)
(16,685 missing values generated)
(55,266 missing values generated)
(53,054 missing values generated)
(9,402 missing values generated)
(10,837 missing values generated)
(10,688 missing values generated)
(67,071 missing values generated)
(67,071 missing values generated)
(56,380 missing values generated)
(54,128 missing values generated)
(17,857 missing values generated)
(56,416 missing values generated)
(54,200 missing values generated)
(10,570 missing values generated)
(12,006 missing values generated)
(11,901 missing values generated)
(68,182 missing values generated)
(68,182 missing values generated)
(57,530 missing values generated)
(55,280 missing values generated)
(19,026 missing values generated)
(57,566 missing values generated)
(55,352 missing values generated)
(11,742 missing values generated)
(13,181 missing values generated)
(13,114 missing values generated)
(69,241 missing values generated)
(69,241 missing values generated)
(58,680 missing values generated)
(56,428 missing values generated)
(20,201 missing values generated)
(58,716 missing values generated)
(56,500 missing values generated)
(12,916 missing values generated)
(14,359 missing values generated)
(14,327 missing values generated)
(70,297 missing values generated)
(70,297 missing values generated)
(59,830 missing values generated)
(57,578 missing values generated)
(21,379 missing values generated)
(59,866 missing values generated)
(57,650 missing values generated)
(14,088 missing values generated)
(15,534 missing values generated)
(15,540 missing values generated)
(71,303 missing values generated)
(71,303 missing values generated)
(60,980 missing values generated)
(58,724 missing values generated)
(22,554 missing values generated)
(61,016 missing values generated)
(58,796 missing values generated)

. 
. 
. foreach ind in "foo" "ret" "man"{ 
  2. forvalues j=1/12{
  3.         by pair_id_numeric: gen NW_`ind'_`j' =  diff_logqwi_wnhf_`ind'[_n+
> `j'-1] - diff_logqwi_wnhf_`ind'[_n-1] 
  4.         by pair_id_numeric: gen QWITot_`ind'_`j' =  diff_logqwi_wtot_`ind'
> [_n+`j'-1] - diff_logqwi_wtot_`ind'[_n-1]
  5. }
  6. }
(78,295 missing values generated)
(48,951 missing values generated)
(79,231 missing values generated)
(50,122 missing values generated)
(79,930 missing values generated)
(51,281 missing values generated)
(80,437 missing values generated)
(52,439 missing values generated)
(81,511 missing values generated)
(53,596 missing values generated)
(82,306 missing values generated)
(54,747 missing values generated)
(83,022 missing values generated)
(55,897 missing values generated)
(83,518 missing values generated)
(57,048 missing values generated)
(84,435 missing values generated)
(58,190 missing values generated)
(85,213 missing values generated)
(59,327 missing values generated)
(85,860 missing values generated)
(60,461 missing values generated)
(86,402 missing values generated)
(61,601 missing values generated)
(72,548 missing values generated)
(48,631 missing values generated)
(73,667 missing values generated)
(49,780 missing values generated)
(74,429 missing values generated)
(50,929 missing values generated)
(75,161 missing values generated)
(52,078 missing values generated)
(76,135 missing values generated)
(53,225 missing values generated)
(77,083 missing values generated)
(54,370 missing values generated)
(77,766 missing values generated)
(55,515 missing values generated)
(78,648 missing values generated)
(56,658 missing values generated)
(79,575 missing values generated)
(57,803 missing values generated)
(80,426 missing values generated)
(58,948 missing values generated)
(81,191 missing values generated)
(60,093 missing values generated)
(81,893 missing values generated)
(61,240 missing values generated)
(96,524 missing values generated)
(51,128 missing values generated)
(97,388 missing values generated)
(52,324 missing values generated)
(97,931 missing values generated)
(53,482 missing values generated)
(98,394 missing values generated)
(54,609 missing values generated)
(98,990 missing values generated)
(55,737 missing values generated)
(99,496 missing values generated)
(56,865 missing values generated)
(99,909 missing values generated)
(57,985 missing values generated)
(100,245 missing values generated)
(59,106 missing values generated)
(100,800 missing values generated)
(60,225 missing values generated)
(101,144 missing values generated)
(61,342 missing values generated)
(101,495 missing values generated)
(62,461 missing values generated)
(101,897 missing values generated)
(63,576 missing values generated)

. 
. 
end of do-file

. save "${processed}/ProcessedWages.dta", replace
(file
    /Users/mac/JPE-replications/JPE-Mitman-2016256/replication-package/replic
    > ation-package/data/processed/ProcessedWages.dta not found)
file
    /Users/mac/JPE-replications/JPE-Mitman-2016256/replication-package/replic
    > ation-package/data/processed/ProcessedWages.dta saved

. 
. log close
      name:  <unnamed>
       log:  /Users/mac/JPE-replications/JPE-Mitman-2016256/replication-package
> /replication-package/output/logs/BuildMacroData.log
  log type:  text
 closed on:  19 Aug 2026, 11:25:33
-------------------------------------------------------------------------------

. 
end of do-file

. 
. di as result _n "==== RunBuild.do complete ===="

==== RunBuild.do complete ====

. 
end of do-file
